{
  "type": "FeatureCollection",
  "features": [
    {
      "type": "Feature",
      "geometry": {
        "type": "Point",
        "coordinates": [
          -76.992301,
          38.903142
        ]
      },
      "properties": {
        "geoid": "7500000US110010084101005",
        "block": "1005",
        "tract": "008410",
        "population": 121,
        "matched_tile_id": 1036
      }
    },
    {
      "type": "Feature",
      "geometry": {
        "type": "Point",
        "coordinates": [
          -77.002185,
          38.91214
        ]
      },
      "properties": {
        "geoid": "7500000US110010087023000",
        "block": "3000",
        "tract": "008702",
        "population": 57,
        "matched_tile_id": 1358
      }
    },
    {
      "type": "Feature",
      "geometry": {
        "type": "Point",
        "coordinates": [
          -77.00034,
          38.909074
        ]
      },
      "properties": {
        "geoid": "7500000US110010088032003",
        "block": "2003",
        "tract": "008803",
        "population": 689,
        "matched_tile_id": 1227
      }
    },
    {
      "type": "Feature",
      "geometry": {
        "type": "Point",
        "coordinates": [
          -77.0011,
          38.914376
        ]
      },
      "properties": {
        "geoid": "7500000US110010087023004",
        "block": "3004",
        "tract": "008702",
        "population": 38,
        "matched_tile_id": 1425
      }
    },
    {
      "type": "Feature",
      "geometry": {
        "type": "Point",
        "coordinates": [
          -77.001578,
          38.907463
        ]
      },
      "properties": {
        "geoid": "7500000US110010106024003",
        "block": "4003",
        "tract": "010602",
        "population": 0,
        "matched_tile_id": 1160
      }
    },
    {
      "type": "Feature",
      "geometry": {
        "type": "Point",
        "coordinates": [
          -76.997679,
          38.911399
        ]
      },
      "properties": {
        "geoid": "7500000US110010091024011",
        "block": "4011",
        "tract": "009102",
        "population": 13,
        "matched_tile_id": 1329
      }
    },
    {
      "type": "Feature",
      "geometry": {
        "type": "Point",
        "coordinates": [
          -76.997602,
          38.914549
        ]
      },
      "properties": {
        "geoid": "7500000US110010091024010",
        "block": "4010",
        "tract": "009102",
        "population": 19,
        "matched_tile_id": 1428
      }
    },
    {
      "type": "Feature",
      "geometry": {
        "type": "Point",
        "coordinates": [
          -76.9998,
          38.907279
        ]
      },
      "properties": {
        "geoid": "7500000US110010088032011",
        "block": "2011",
        "tract": "008803",
        "population": 0,
        "matched_tile_id": 1162
      }
    },
    {
      "type": "Feature",
      "geometry": {
        "type": "Point",
        "coordinates": [
          -76.999016,
          38.908376
        ]
      },
      "properties": {
        "geoid": "7500000US110010088032004",
        "block": "2004",
        "tract": "008803",
        "population": 0,
        "matched_tile_id": 1195
      }
    },
    {
      "type": "Feature",
      "geometry": {
        "type": "Point",
        "coordinates": [
          -76.998666,
          38.906911
        ]
      },
      "properties": {
        "geoid": "7500000US110010088032012",
        "block": "2012",
        "tract": "008803",
        "population": 35,
        "matched_tile_id": 1163
      }
    },
    {
      "type": "Feature",
      "geometry": {
        "type": "Point",
        "coordinates": [
          -76.998184,
          38.909599
        ]
      },
      "properties": {
        "geoid": "7500000US110010088032005",
        "block": "2005",
        "tract": "008803",
        "population": 31,
        "matched_tile_id": 1262
      }
    },
    {
      "type": "Feature",
      "geometry": {
        "type": "Point",
        "coordinates": [
          -76.998139,
          38.907835
        ]
      },
      "properties": {
        "geoid": "7500000US110010088032013",
        "block": "2013",
        "tract": "008803",
        "population": 0,
        "matched_tile_id": 1196
      }
    },
    {
      "type": "Feature",
      "geometry": {
        "type": "Point",
        "coordinates": [
          -76.994578,
          38.910768
        ]
      },
      "properties": {
        "geoid": "7500000US110010088032002",
        "block": "2002",
        "tract": "008803",
        "population": 22,
        "matched_tile_id": 1298
      }
    },
    {
      "type": "Feature",
      "geometry": {
        "type": "Point",
        "coordinates": [
          -76.99649,
          38.9094
        ]
      },
      "properties": {
        "geoid": "7500000US110010088032006",
        "block": "2006",
        "tract": "008803",
        "population": 0,
        "matched_tile_id": 1264
      }
    },
    {
      "type": "Feature",
      "geometry": {
        "type": "Point",
        "coordinates": [
          -76.995127,
          38.909543
        ]
      },
      "properties": {
        "geoid": "7500000US110010088032007",
        "block": "2007",
        "tract": "008803",
        "population": 0,
        "matched_tile_id": 1265
      }
    },
    {
      "type": "Feature",
      "geometry": {
        "type": "Point",
        "coordinates": [
          -76.993472,
          38.90925
        ]
      },
      "properties": {
        "geoid": "7500000US110010088032008",
        "block": "2008",
        "tract": "008803",
        "population": 0,
        "matched_tile_id": 1233
      }
    },
    {
      "type": "Feature",
      "geometry": {
        "type": "Point",
        "coordinates": [
          -76.993931,
          38.906925
        ]
      },
      "properties": {
        "geoid": "7500000US110010088032017",
        "block": "2017",
        "tract": "008803",
        "population": 765,
        "matched_tile_id": 1167
      }
    },
    {
      "type": "Feature",
      "geometry": {
        "type": "Point",
        "coordinates": [
          -77.006037,
          38.914153
        ]
      },
      "properties": {
        "geoid": "7500000US110010087011000",
        "block": "1000",
        "tract": "008701",
        "population": 267,
        "matched_tile_id": 1420
      }
    },
    {
      "type": "Feature",
      "geometry": {
        "type": "Point",
        "coordinates": [
          -77.005804,
          38.91157
        ]
      },
      "properties": {
        "geoid": "7500000US110010087011007",
        "block": "1007",
        "tract": "008701",
        "population": 72,
        "matched_tile_id": 1322
      }
    },
    {
      "type": "Feature",
      "geometry": {
        "type": "Point",
        "coordinates": [
          -77.005573,
          38.91242
        ]
      },
      "properties": {
        "geoid": "7500000US110010087011006",
        "block": "1006",
        "tract": "008701",
        "population": 157,
        "matched_tile_id": 1355
      }
    },
    {
      "type": "Feature",
      "geometry": {
        "type": "Point",
        "coordinates": [
          -77.004663,
          38.908165
        ]
      },
      "properties": {
        "geoid": "7500000US110010106012003",
        "block": "2003",
        "tract": "010601",
        "population": 0,
        "matched_tile_id": 1190
      }
    },
    {
      "type": "Feature",
      "geometry": {
        "type": "Point",
        "coordinates": [
          -77.004103,
          38.907422
        ]
      },
      "properties": {
        "geoid": "7500000US110010106012004",
        "block": "2004",
        "tract": "010601",
        "population": 937,
        "matched_tile_id": 1158
      }
    },
    {
      "type": "Feature",
      "geometry": {
        "type": "Point",
        "coordinates": [
          -77.005525,
          38.909092
        ]
      },
      "properties": {
        "geoid": "7500000US110010106012000",
        "block": "2000",
        "tract": "010601",
        "population": 0,
        "matched_tile_id": 1223
      }
    },
    {
      "type": "Feature",
      "geometry": {
        "type": "Point",
        "coordinates": [
          -77.005184,
          38.908719
        ]
      },
      "properties": {
        "geoid": "7500000US110010106012001",
        "block": "2001",
        "tract": "010601",
        "population": 0,
        "matched_tile_id": 1223
      }
    },
    {
      "type": "Feature",
      "geometry": {
        "type": "Point",
        "coordinates": [
          -77.004503,
          38.908682
        ]
      },
      "properties": {
        "geoid": "7500000US110010106012002",
        "block": "2002",
        "tract": "010601",
        "population": 0,
        "matched_tile_id": 1224
      }
    },
    {
      "type": "Feature",
      "geometry": {
        "type": "Point",
        "coordinates": [
          -77.003154,
          38.910791
        ]
      },
      "properties": {
        "geoid": "7500000US110010087022001",
        "block": "2001",
        "tract": "008702",
        "population": 374,
        "matched_tile_id": 1291
      }
    },
    {
      "type": "Feature",
      "geometry": {
        "type": "Point",
        "coordinates": [
          -77.003039,
          38.911856
        ]
      },
      "properties": {
        "geoid": "7500000US110010087022000",
        "block": "2000",
        "tract": "008702",
        "population": 558,
        "matched_tile_id": 1324
      }
    },
    {
      "type": "Feature",
      "geometry": {
        "type": "Point",
        "coordinates": [
          -77.003566,
          38.909297
        ]
      },
      "properties": {
        "geoid": "7500000US110010087023005",
        "block": "3005",
        "tract": "008702",
        "population": 0,
        "matched_tile_id": 1257
      }
    },
    {
      "type": "Feature",
      "geometry": {
        "type": "Point",
        "coordinates": [
          -77.003592,
          38.908654
        ]
      },
      "properties": {
        "geoid": "7500000US110010087023006",
        "block": "3006",
        "tract": "008702",
        "population": 549,
        "matched_tile_id": 1224
      }
    },
    {
      "type": "Feature",
      "geometry": {
        "type": "Point",
        "coordinates": [
          -77.00274,
          38.912965
        ]
      },
      "properties": {
        "geoid": "7500000US110010087023001",
        "block": "3001",
        "tract": "008702",
        "population": 124,
        "matched_tile_id": 1390
      }
    },
    {
      "type": "Feature",
      "geometry": {
        "type": "Point",
        "coordinates": [
          -77.002749,
          38.914541
        ]
      },
      "properties": {
        "geoid": "7500000US110010087023007",
        "block": "3007",
        "tract": "008702",
        "population": 97,
        "matched_tile_id": 1423
      }
    },
    {
      "type": "Feature",
      "geometry": {
        "type": "Point",
        "coordinates": [
          -77.002668,
          38.913789
        ]
      },
      "properties": {
        "geoid": "7500000US110010087023002",
        "block": "3002",
        "tract": "008702",
        "population": 108,
        "matched_tile_id": 1423
      }
    },
    {
      "type": "Feature",
      "geometry": {
        "type": "Point",
        "coordinates": [
          -77.002441,
          38.906781
        ]
      },
      "properties": {
        "geoid": "7500000US110010106024002",
        "block": "4002",
        "tract": "010602",
        "population": 0,
        "matched_tile_id": 1159
      }
    },
    {
      "type": "Feature",
      "geometry": {
        "type": "Point",
        "coordinates": [
          -77.013184,
          38.906693
        ]
      },
      "properties": {
        "geoid": "7500000US110010046002018",
        "block": "2018",
        "tract": "004600",
        "population": 27,
        "matched_tile_id": 1150
      }
    },
    {
      "type": "Feature",
      "geometry": {
        "type": "Point",
        "coordinates": [
          -77.012599,
          38.905921
        ]
      },
      "properties": {
        "geoid": "7500000US110010047042003",
        "block": "2003",
        "tract": "004704",
        "population": 0,
        "matched_tile_id": 1118
      }
    },
    {
      "type": "Feature",
      "geometry": {
        "type": "Point",
        "coordinates": [
          -77.012715,
          38.912503
        ]
      },
      "properties": {
        "geoid": "7500000US110010033022003",
        "block": "2003",
        "tract": "003302",
        "population": 0,
        "matched_tile_id": 1349
      }
    },
    {
      "type": "Feature",
      "geometry": {
        "type": "Point",
        "coordinates": [
          -77.010777,
          38.906455
        ]
      },
      "properties": {
        "geoid": "7500000US110010047042002",
        "block": "2002",
        "tract": "004704",
        "population": 171,
        "matched_tile_id": 1152
      }
    },
    {
      "type": "Feature",
      "geometry": {
        "type": "Point",
        "coordinates": [
          -77.010534,
          38.90712
        ]
      },
      "properties": {
        "geoid": "7500000US110010046001007",
        "block": "1007",
        "tract": "004600",
        "population": 205,
        "matched_tile_id": 1152
      }
    },
    {
      "type": "Feature",
      "geometry": {
        "type": "Point",
        "coordinates": [
          -77.010336,
          38.90793
        ]
      },
      "properties": {
        "geoid": "7500000US110010046001006",
        "block": "1006",
        "tract": "004600",
        "population": 470,
        "matched_tile_id": 1186
      }
    },
    {
      "type": "Feature",
      "geometry": {
        "type": "Point",
        "coordinates": [
          -77.011019,
          38.908911
        ]
      },
      "properties": {
        "geoid": "7500000US110010046001005",
        "block": "1005",
        "tract": "004600",
        "population": 247,
        "matched_tile_id": 1218
      }
    },
    {
      "type": "Feature",
      "geometry": {
        "type": "Point",
        "coordinates": [
          -77.010614,
          38.910048
        ]
      },
      "properties": {
        "geoid": "7500000US110010046001002",
        "block": "1002",
        "tract": "004600",
        "population": 173,
        "matched_tile_id": 1284
      }
    },
    {
      "type": "Feature",
      "geometry": {
        "type": "Point",
        "coordinates": [
          -77.010256,
          38.91073
        ]
      },
      "properties": {
        "geoid": "7500000US110010046001000",
        "block": "1000",
        "tract": "004600",
        "population": 252,
        "matched_tile_id": 1285
      }
    },
    {
      "type": "Feature",
      "geometry": {
        "type": "Point",
        "coordinates": [
          -77.011019,
          38.911448
        ]
      },
      "properties": {
        "geoid": "7500000US110010046001001",
        "block": "1001",
        "tract": "004600",
        "population": 155,
        "matched_tile_id": 1317
      }
    },
    {
      "type": "Feature",
      "geometry": {
        "type": "Point",
        "coordinates": [
          -77.010532,
          38.912995
        ]
      },
      "properties": {
        "geoid": "7500000US110010033022001",
        "block": "2001",
        "tract": "003302",
        "population": 277,
        "matched_tile_id": 1383
      }
    },
    {
      "type": "Feature",
      "geometry": {
        "type": "Point",
        "coordinates": [
          -77.010436,
          38.912183
        ]
      },
      "properties": {
        "geoid": "7500000US110010033022004",
        "block": "2004",
        "tract": "003302",
        "population": 279,
        "matched_tile_id": 1351
      }
    },
    {
      "type": "Feature",
      "geometry": {
        "type": "Point",
        "coordinates": [
          -77.010266,
          38.913739
        ]
      },
      "properties": {
        "geoid": "7500000US110010033022000",
        "block": "2000",
        "tract": "003302",
        "population": 256,
        "matched_tile_id": 1417
      }
    },
    {
      "type": "Feature",
      "geometry": {
        "type": "Point",
        "coordinates": [
          -77.010392,
          38.911607
        ]
      },
      "properties": {
        "geoid": "7500000US110010033022006",
        "block": "2006",
        "tract": "003302",
        "population": 127,
        "matched_tile_id": 1318
      }
    },
    {
      "type": "Feature",
      "geometry": {
        "type": "Point",
        "coordinates": [
          -77.009742,
          38.906337
        ]
      },
      "properties": {
        "geoid": "7500000US110010047042001",
        "block": "2001",
        "tract": "004704",
        "population": 795,
        "matched_tile_id": 1120
      }
    },
    {
      "type": "Feature",
      "geometry": {
        "type": "Point",
        "coordinates": [
          -77.009439,
          38.909986
        ]
      },
      "properties": {
        "geoid": "7500000US110010046001003",
        "block": "1003",
        "tract": "004600",
        "population": 41,
        "matched_tile_id": 1252
      }
    },
    {
      "type": "Feature",
      "geometry": {
        "type": "Point",
        "coordinates": [
          -77.009313,
          38.908121
        ]
      },
      "properties": {
        "geoid": "7500000US110010046001004",
        "block": "1004",
        "tract": "004600",
        "population": 48,
        "matched_tile_id": 1186
      }
    },
    {
      "type": "Feature",
      "geometry": {
        "type": "Point",
        "coordinates": [
          -77.009073,
          38.911399
        ]
      },
      "properties": {
        "geoid": "7500000US110010033022005",
        "block": "2005",
        "tract": "003302",
        "population": 0,
        "matched_tile_id": 1319
      }
    },
    {
      "type": "Feature",
      "geometry": {
        "type": "Point",
        "coordinates": [
          -77.009063,
          38.908511
        ]
      },
      "properties": {
        "geoid": "7500000US110010046001008",
        "block": "1008",
        "tract": "004600",
        "population": 0,
        "matched_tile_id": 1220
      }
    },
    {
      "type": "Feature",
      "geometry": {
        "type": "Point",
        "coordinates": [
          -77.009049,
          38.906476
        ]
      },
      "properties": {
        "geoid": "7500000US110010047042000",
        "block": "2000",
        "tract": "004704",
        "population": 0,
        "matched_tile_id": 1154
      }
    },
    {
      "type": "Feature",
      "geometry": {
        "type": "Point",
        "coordinates": [
          -77.007921,
          38.906492
        ]
      },
      "properties": {
        "geoid": "7500000US110010106011003",
        "block": "1003",
        "tract": "010601",
        "population": 1075,
        "matched_tile_id": 1155
      }
    },
    {
      "type": "Feature",
      "geometry": {
        "type": "Point",
        "coordinates": [
          -77.007955,
          38.910107
        ]
      },
      "properties": {
        "geoid": "7500000US110010106011001",
        "block": "1001",
        "tract": "010601",
        "population": 75,
        "matched_tile_id": 1287
      }
    },
    {
      "type": "Feature",
      "geometry": {
        "type": "Point",
        "coordinates": [
          -77.006744,
          38.910202
        ]
      },
      "properties": {
        "geoid": "7500000US110010087011010",
        "block": "1010",
        "tract": "008701",
        "population": 231,
        "matched_tile_id": 1288
      }
    },
    {
      "type": "Feature",
      "geometry": {
        "type": "Point",
        "coordinates": [
          -77.008409,
          38.911505
        ]
      },
      "properties": {
        "geoid": "7500000US110010087011008",
        "block": "1008",
        "tract": "008701",
        "population": 205,
        "matched_tile_id": 1319
      }
    },
    {
      "type": "Feature",
      "geometry": {
        "type": "Point",
        "coordinates": [
          -77.008899,
          38.91158
        ]
      },
      "properties": {
        "geoid": "7500000US110010087011009",
        "block": "1009",
        "tract": "008701",
        "population": 0,
        "matched_tile_id": 1319
      }
    },
    {
      "type": "Feature",
      "geometry": {
        "type": "Point",
        "coordinates": [
          -77.008843,
          38.912327
        ]
      },
      "properties": {
        "geoid": "7500000US110010087011004",
        "block": "1004",
        "tract": "008701",
        "population": 20,
        "matched_tile_id": 1352
      }
    },
    {
      "type": "Feature",
      "geometry": {
        "type": "Point",
        "coordinates": [
          -77.007449,
          38.908744
        ]
      },
      "properties": {
        "geoid": "7500000US110010106011000",
        "block": "1000",
        "tract": "010601",
        "population": 0,
        "matched_tile_id": 1221
      }
    },
    {
      "type": "Feature",
      "geometry": {
        "type": "Point",
        "coordinates": [
          -77.008721,
          38.912963
        ]
      },
      "properties": {
        "geoid": "7500000US110010087011003",
        "block": "1003",
        "tract": "008701",
        "population": 18,
        "matched_tile_id": 1385
      }
    },
    {
      "type": "Feature",
      "geometry": {
        "type": "Point",
        "coordinates": [
          -77.008684,
          38.913784
        ]
      },
      "properties": {
        "geoid": "7500000US110010087011002",
        "block": "1002",
        "tract": "008701",
        "population": 67,
        "matched_tile_id": 1418
      }
    },
    {
      "type": "Feature",
      "geometry": {
        "type": "Point",
        "coordinates": [
          -77.007579,
          38.907566
        ]
      },
      "properties": {
        "geoid": "7500000US110010106011002",
        "block": "1002",
        "tract": "010601",
        "population": 43,
        "matched_tile_id": 1188
      }
    },
    {
      "type": "Feature",
      "geometry": {
        "type": "Point",
        "coordinates": [
          -77.007939,
          38.912287
        ]
      },
      "properties": {
        "geoid": "7500000US110010087011005",
        "block": "1005",
        "tract": "008701",
        "population": 188,
        "matched_tile_id": 1353
      }
    },
    {
      "type": "Feature",
      "geometry": {
        "type": "Point",
        "coordinates": [
          -77.014958,
          38.914308
        ]
      },
      "properties": {
        "geoid": "7500000US110010034003013",
        "block": "3013",
        "tract": "003400",
        "population": 130,
        "matched_tile_id": 1413
      }
    },
    {
      "type": "Feature",
      "geometry": {
        "type": "Point",
        "coordinates": [
          -77.008427,
          38.914837
        ]
      },
      "properties": {
        "geoid": "7500000US110010087011001",
        "block": "1001",
        "tract": "008701",
        "population": 199,
        "matched_tile_id": 1451
      }
    },
    {
      "type": "Feature",
      "geometry": {
        "type": "Point",
        "coordinates": [
          -77.009053,
          38.914925
        ]
      },
      "properties": {
        "geoid": "7500000US110010033021005",
        "block": "1005",
        "tract": "003302",
        "population": 0,
        "matched_tile_id": 1451
      }
    },
    {
      "type": "Feature",
      "geometry": {
        "type": "Point",
        "coordinates": [
          -77.013315,
          38.914516
        ]
      },
      "properties": {
        "geoid": "7500000US110010033021007",
        "block": "1007",
        "tract": "003302",
        "population": 177,
        "matched_tile_id": 1447
      }
    },
    {
      "type": "Feature",
      "geometry": {
        "type": "Point",
        "coordinates": [
          -77.017541,
          38.914261
        ]
      },
      "properties": {
        "geoid": "7500000US110010046002006",
        "block": "2006",
        "tract": "004600",
        "population": 0,
        "matched_tile_id": 1410
      }
    },
    {
      "type": "Feature",
      "geometry": {
        "type": "Point",
        "coordinates": [
          -77.015154,
          38.914735
        ]
      },
      "properties": {
        "geoid": "7500000US110010034003012",
        "block": "3012",
        "tract": "003400",
        "population": 0,
        "matched_tile_id": 1446
      }
    },
    {
      "type": "Feature",
      "geometry": {
        "type": "Point",
        "coordinates": [
          -77.016995,
          38.90767
        ]
      },
      "properties": {
        "geoid": "7500000US110010048021000",
        "block": "1000",
        "tract": "004802",
        "population": 375,
        "matched_tile_id": 1180
      }
    },
    {
      "type": "Feature",
      "geometry": {
        "type": "Point",
        "coordinates": [
          -77.017619,
          38.906852
        ]
      },
      "properties": {
        "geoid": "7500000US110010048021001",
        "block": "1001",
        "tract": "004802",
        "population": 230,
        "matched_tile_id": 1146
      }
    },
    {
      "type": "Feature",
      "geometry": {
        "type": "Point",
        "coordinates": [
          -77.017621,
          38.906063
        ]
      },
      "properties": {
        "geoid": "7500000US110010048021007",
        "block": "1007",
        "tract": "004802",
        "population": 191,
        "matched_tile_id": 1113
      }
    },
    {
      "type": "Feature",
      "geometry": {
        "type": "Point",
        "coordinates": [
          -77.01768,
          38.909223
        ]
      },
      "properties": {
        "geoid": "7500000US110010048013010",
        "block": "3010",
        "tract": "004801",
        "population": 94,
        "matched_tile_id": 1245
      }
    },
    {
      "type": "Feature",
      "geometry": {
        "type": "Point",
        "coordinates": [
          -77.017466,
          38.914091
        ]
      },
      "properties": {
        "geoid": "7500000US110010046002005",
        "block": "2005",
        "tract": "004600",
        "population": 0,
        "matched_tile_id": 1410
      }
    },
    {
      "type": "Feature",
      "geometry": {
        "type": "Point",
        "coordinates": [
          -77.017406,
          38.913922
        ]
      },
      "properties": {
        "geoid": "7500000US110010046002004",
        "block": "2004",
        "tract": "004600",
        "population": 0,
        "matched_tile_id": 1411
      }
    },
    {
      "type": "Feature",
      "geometry": {
        "type": "Point",
        "coordinates": [
          -77.016688,
          38.913447
        ]
      },
      "properties": {
        "geoid": "7500000US110010046002003",
        "block": "2003",
        "tract": "004600",
        "population": 156,
        "matched_tile_id": 1378
      }
    },
    {
      "type": "Feature",
      "geometry": {
        "type": "Point",
        "coordinates": [
          -77.016796,
          38.911923
        ]
      },
      "properties": {
        "geoid": "7500000US110010046002010",
        "block": "2010",
        "tract": "004600",
        "population": 147,
        "matched_tile_id": 1345
      }
    },
    {
      "type": "Feature",
      "geometry": {
        "type": "Point",
        "coordinates": [
          -77.016409,
          38.914285
        ]
      },
      "properties": {
        "geoid": "7500000US110010034003015",
        "block": "3015",
        "tract": "003400",
        "population": 0,
        "matched_tile_id": 1411
      }
    },
    {
      "type": "Feature",
      "geometry": {
        "type": "Point",
        "coordinates": [
          -77.016426,
          38.910676
        ]
      },
      "properties": {
        "geoid": "7500000US110010046002011",
        "block": "2011",
        "tract": "004600",
        "population": 0,
        "matched_tile_id": 1279
      }
    },
    {
      "type": "Feature",
      "geometry": {
        "type": "Point",
        "coordinates": [
          -77.016062,
          38.913976
        ]
      },
      "properties": {
        "geoid": "7500000US110010034003014",
        "block": "3014",
        "tract": "003400",
        "population": 0,
        "matched_tile_id": 1412
      }
    },
    {
      "type": "Feature",
      "geometry": {
        "type": "Point",
        "coordinates": [
          -77.016266,
          38.910285
        ]
      },
      "properties": {
        "geoid": "7500000US110010046002012",
        "block": "2012",
        "tract": "004600",
        "population": 0,
        "matched_tile_id": 1279
      }
    },
    {
      "type": "Feature",
      "geometry": {
        "type": "Point",
        "coordinates": [
          -77.015726,
          38.909268
        ]
      },
      "properties": {
        "geoid": "7500000US110010046002013",
        "block": "2013",
        "tract": "004600",
        "population": 76,
        "matched_tile_id": 1247
      }
    },
    {
      "type": "Feature",
      "geometry": {
        "type": "Point",
        "coordinates": [
          -77.015792,
          38.906509
        ]
      },
      "properties": {
        "geoid": "7500000US110010048021002",
        "block": "1002",
        "tract": "004802",
        "population": 94,
        "matched_tile_id": 1148
      }
    },
    {
      "type": "Feature",
      "geometry": {
        "type": "Point",
        "coordinates": [
          -77.01582,
          38.910294
        ]
      },
      "properties": {
        "geoid": "7500000US110010046002008",
        "block": "2008",
        "tract": "004600",
        "population": 122,
        "matched_tile_id": 1280
      }
    },
    {
      "type": "Feature",
      "geometry": {
        "type": "Point",
        "coordinates": [
          -77.015721,
          38.911789
        ]
      },
      "properties": {
        "geoid": "7500000US110010046002009",
        "block": "2009",
        "tract": "004600",
        "population": 105,
        "matched_tile_id": 1346
      }
    },
    {
      "type": "Feature",
      "geometry": {
        "type": "Point",
        "coordinates": [
          -77.015873,
          38.913311
        ]
      },
      "properties": {
        "geoid": "7500000US110010046002002",
        "block": "2002",
        "tract": "004600",
        "population": 116,
        "matched_tile_id": 1379
      }
    },
    {
      "type": "Feature",
      "geometry": {
        "type": "Point",
        "coordinates": [
          -77.01396,
          38.907624
        ]
      },
      "properties": {
        "geoid": "7500000US110010046002017",
        "block": "2017",
        "tract": "004600",
        "population": 0,
        "matched_tile_id": 1182
      }
    },
    {
      "type": "Feature",
      "geometry": {
        "type": "Point",
        "coordinates": [
          -77.014882,
          38.91354
        ]
      },
      "properties": {
        "geoid": "7500000US110010034003017",
        "block": "3017",
        "tract": "003400",
        "population": 126,
        "matched_tile_id": 1380
      }
    },
    {
      "type": "Feature",
      "geometry": {
        "type": "Point",
        "coordinates": [
          -77.015308,
          38.907048
        ]
      },
      "properties": {
        "geoid": "7500000US110010046002020",
        "block": "2020",
        "tract": "004600",
        "population": 0,
        "matched_tile_id": 1148
      }
    },
    {
      "type": "Feature",
      "geometry": {
        "type": "Point",
        "coordinates": [
          -77.015157,
          38.906019
        ]
      },
      "properties": {
        "geoid": "7500000US110010048021003",
        "block": "1003",
        "tract": "004802",
        "population": 0,
        "matched_tile_id": 1115
      }
    },
    {
      "type": "Feature",
      "geometry": {
        "type": "Point",
        "coordinates": [
          -77.013996,
          38.90989
        ]
      },
      "properties": {
        "geoid": "7500000US110010046002015",
        "block": "2015",
        "tract": "004600",
        "population": 219,
        "matched_tile_id": 1248
      }
    },
    {
      "type": "Feature",
      "geometry": {
        "type": "Point",
        "coordinates": [
          -77.013851,
          38.909341
        ]
      },
      "properties": {
        "geoid": "7500000US110010046002014",
        "block": "2014",
        "tract": "004600",
        "population": 90,
        "matched_tile_id": 1249
      }
    },
    {
      "type": "Feature",
      "geometry": {
        "type": "Point",
        "coordinates": [
          -77.013688,
          38.91175
        ]
      },
      "properties": {
        "geoid": "7500000US110010046002000",
        "block": "2000",
        "tract": "004600",
        "population": 365,
        "matched_tile_id": 1315
      }
    },
    {
      "type": "Feature",
      "geometry": {
        "type": "Point",
        "coordinates": [
          -77.013654,
          38.910844
        ]
      },
      "properties": {
        "geoid": "7500000US110010046002007",
        "block": "2007",
        "tract": "004600",
        "population": 250,
        "matched_tile_id": 1282
      }
    },
    {
      "type": "Feature",
      "geometry": {
        "type": "Point",
        "coordinates": [
          -77.014779,
          38.912984
        ]
      },
      "properties": {
        "geoid": "7500000US110010046002001",
        "block": "2001",
        "tract": "004600",
        "population": 87,
        "matched_tile_id": 1380
      }
    },
    {
      "type": "Feature",
      "geometry": {
        "type": "Point",
        "coordinates": [
          -77.014398,
          38.906081
        ]
      },
      "properties": {
        "geoid": "7500000US110010046002021",
        "block": "2021",
        "tract": "004600",
        "population": 69,
        "matched_tile_id": 1116
      }
    },
    {
      "type": "Feature",
      "geometry": {
        "type": "Point",
        "coordinates": [
          -77.014349,
          38.906817
        ]
      },
      "properties": {
        "geoid": "7500000US110010046002019",
        "block": "2019",
        "tract": "004600",
        "population": 123,
        "matched_tile_id": 1149
      }
    },
    {
      "type": "Feature",
      "geometry": {
        "type": "Point",
        "coordinates": [
          -77.013111,
          38.913831
        ]
      },
      "properties": {
        "geoid": "7500000US110010033021008",
        "block": "1008",
        "tract": "003302",
        "population": 161,
        "matched_tile_id": 1414
      }
    },
    {
      "type": "Feature",
      "geometry": {
        "type": "Point",
        "coordinates": [
          -77.013798,
          38.912756
        ]
      },
      "properties": {
        "geoid": "7500000US110010046002016",
        "block": "2016",
        "tract": "004600",
        "population": 0,
        "matched_tile_id": 1381
      }
    },
    {
      "type": "Feature",
      "geometry": {
        "type": "Point",
        "coordinates": [
          -77.013298,
          38.91296
        ]
      },
      "properties": {
        "geoid": "7500000US110010033022002",
        "block": "2002",
        "tract": "003302",
        "population": 195,
        "matched_tile_id": 1381
      }
    },
    {
      "type": "Feature",
      "geometry": {
        "type": "Point",
        "coordinates": [
          -77.022478,
          38.911505
        ]
      },
      "properties": {
        "geoid": "7500000US110010049012003",
        "block": "2003",
        "tract": "004901",
        "population": 47,
        "matched_tile_id": 1307
      }
    },
    {
      "type": "Feature",
      "geometry": {
        "type": "Point",
        "coordinates": [
          -77.022504,
          38.907796
        ]
      },
      "properties": {
        "geoid": "7500000US110010049021000",
        "block": "1000",
        "tract": "004902",
        "population": 324,
        "matched_tile_id": 1175
      }
    },
    {
      "type": "Feature",
      "geometry": {
        "type": "Point",
        "coordinates": [
          -77.022508,
          38.913277
        ]
      },
      "properties": {
        "geoid": "7500000US110010049011000",
        "block": "1000",
        "tract": "004901",
        "population": 428,
        "matched_tile_id": 1373
      }
    },
    {
      "type": "Feature",
      "geometry": {
        "type": "Point",
        "coordinates": [
          -77.022485,
          38.912481
        ]
      },
      "properties": {
        "geoid": "7500000US110010049011006",
        "block": "1006",
        "tract": "004901",
        "population": 10,
        "matched_tile_id": 1340
      }
    },
    {
      "type": "Feature",
      "geometry": {
        "type": "Point",
        "coordinates": [
          -77.022533,
          38.909223
        ]
      },
      "properties": {
        "geoid": "7500000US110010049012007",
        "block": "2007",
        "tract": "004901",
        "population": 412,
        "matched_tile_id": 1241
      }
    },
    {
      "type": "Feature",
      "geometry": {
        "type": "Point",
        "coordinates": [
          -77.022506,
          38.912121
        ]
      },
      "properties": {
        "geoid": "7500000US110010049012000",
        "block": "2000",
        "tract": "004901",
        "population": 0,
        "matched_tile_id": 1340
      }
    },
    {
      "type": "Feature",
      "geometry": {
        "type": "Point",
        "coordinates": [
          -77.022177,
          38.906582
        ]
      },
      "properties": {
        "geoid": "7500000US110010049022000",
        "block": "2000",
        "tract": "004902",
        "population": 283,
        "matched_tile_id": 1142
      }
    },
    {
      "type": "Feature",
      "geometry": {
        "type": "Point",
        "coordinates": [
          -77.021162,
          38.908022
        ]
      },
      "properties": {
        "geoid": "7500000US110010048022001",
        "block": "2001",
        "tract": "004802",
        "population": 705,
        "matched_tile_id": 1176
      }
    },
    {
      "type": "Feature",
      "geometry": {
        "type": "Point",
        "coordinates": [
          -77.021074,
          38.906478
        ]
      },
      "properties": {
        "geoid": "7500000US110010048022002",
        "block": "2002",
        "tract": "004802",
        "population": 327,
        "matched_tile_id": 1143
      }
    },
    {
      "type": "Feature",
      "geometry": {
        "type": "Point",
        "coordinates": [
          -77.021298,
          38.911726
        ]
      },
      "properties": {
        "geoid": "7500000US110010048011003",
        "block": "1003",
        "tract": "004801",
        "population": 178,
        "matched_tile_id": 1341
      }
    },
    {
      "type": "Feature",
      "geometry": {
        "type": "Point",
        "coordinates": [
          -77.021387,
          38.910373
        ]
      },
      "properties": {
        "geoid": "7500000US110010048011005",
        "block": "1005",
        "tract": "004801",
        "population": 166,
        "matched_tile_id": 1275
      }
    },
    {
      "type": "Feature",
      "geometry": {
        "type": "Point",
        "coordinates": [
          -77.021563,
          38.912452
        ]
      },
      "properties": {
        "geoid": "7500000US110010048011004",
        "block": "1004",
        "tract": "004801",
        "population": 0,
        "matched_tile_id": 1341
      }
    },
    {
      "type": "Feature",
      "geometry": {
        "type": "Point",
        "coordinates": [
          -77.020949,
          38.913507
        ]
      },
      "properties": {
        "geoid": "7500000US110010048012005",
        "block": "2005",
        "tract": "004801",
        "population": 282,
        "matched_tile_id": 1407
      }
    },
    {
      "type": "Feature",
      "geometry": {
        "type": "Point",
        "coordinates": [
          -77.02094,
          38.909269
        ]
      },
      "properties": {
        "geoid": "7500000US110010048011007",
        "block": "1007",
        "tract": "004801",
        "population": 6,
        "matched_tile_id": 1242
      }
    },
    {
      "type": "Feature",
      "geometry": {
        "type": "Point",
        "coordinates": [
          -77.02072,
          38.912762
        ]
      },
      "properties": {
        "geoid": "7500000US110010048011000",
        "block": "1000",
        "tract": "004801",
        "population": 0,
        "matched_tile_id": 1375
      }
    },
    {
      "type": "Feature",
      "geometry": {
        "type": "Point",
        "coordinates": [
          -77.020439,
          38.910301
        ]
      },
      "properties": {
        "geoid": "7500000US110010048011006",
        "block": "1006",
        "tract": "004801",
        "population": 154,
        "matched_tile_id": 1276
      }
    },
    {
      "type": "Feature",
      "geometry": {
        "type": "Point",
        "coordinates": [
          -77.020561,
          38.911926
        ]
      },
      "properties": {
        "geoid": "7500000US110010048011002",
        "block": "1002",
        "tract": "004801",
        "population": 199,
        "matched_tile_id": 1342
      }
    },
    {
      "type": "Feature",
      "geometry": {
        "type": "Point",
        "coordinates": [
          -77.020433,
          38.912678
        ]
      },
      "properties": {
        "geoid": "7500000US110010048011001",
        "block": "1001",
        "tract": "004801",
        "population": 0,
        "matched_tile_id": 1375
      }
    },
    {
      "type": "Feature",
      "geometry": {
        "type": "Point",
        "coordinates": [
          -77.019417,
          38.909214
        ]
      },
      "properties": {
        "geoid": "7500000US110010048013009",
        "block": "3009",
        "tract": "004801",
        "population": 93,
        "matched_tile_id": 1244
      }
    },
    {
      "type": "Feature",
      "geometry": {
        "type": "Point",
        "coordinates": [
          -77.019318,
          38.90662
        ]
      },
      "properties": {
        "geoid": "7500000US110010048022003",
        "block": "2003",
        "tract": "004802",
        "population": 20,
        "matched_tile_id": 1145
      }
    },
    {
      "type": "Feature",
      "geometry": {
        "type": "Point",
        "coordinates": [
          -77.019506,
          38.910291
        ]
      },
      "properties": {
        "geoid": "7500000US110010048013008",
        "block": "3008",
        "tract": "004801",
        "population": 136,
        "matched_tile_id": 1277
      }
    },
    {
      "type": "Feature",
      "geometry": {
        "type": "Point",
        "coordinates": [
          -77.019447,
          38.907647
        ]
      },
      "properties": {
        "geoid": "7500000US110010048022000",
        "block": "2000",
        "tract": "004802",
        "population": 124,
        "matched_tile_id": 1178
      }
    },
    {
      "type": "Feature",
      "geometry": {
        "type": "Point",
        "coordinates": [
          -77.01937,
          38.911749
        ]
      },
      "properties": {
        "geoid": "7500000US110010048013005",
        "block": "3005",
        "tract": "004801",
        "population": 203,
        "matched_tile_id": 1343
      }
    },
    {
      "type": "Feature",
      "geometry": {
        "type": "Point",
        "coordinates": [
          -77.019562,
          38.913161
        ]
      },
      "properties": {
        "geoid": "7500000US110010048013001",
        "block": "3001",
        "tract": "004801",
        "population": 0,
        "matched_tile_id": 1376
      }
    },
    {
      "type": "Feature",
      "geometry": {
        "type": "Point",
        "coordinates": [
          -77.019471,
          38.912949
        ]
      },
      "properties": {
        "geoid": "7500000US110010048013002",
        "block": "3002",
        "tract": "004801",
        "population": 51,
        "matched_tile_id": 1376
      }
    },
    {
      "type": "Feature",
      "geometry": {
        "type": "Point",
        "coordinates": [
          -77.019563,
          38.913651
        ]
      },
      "properties": {
        "geoid": "7500000US110010048012006",
        "block": "2006",
        "tract": "004801",
        "population": 71,
        "matched_tile_id": 1409
      }
    },
    {
      "type": "Feature",
      "geometry": {
        "type": "Point",
        "coordinates": [
          -77.017601,
          38.910177
        ]
      },
      "properties": {
        "geoid": "7500000US110010048013007",
        "block": "3007",
        "tract": "004801",
        "population": 145,
        "matched_tile_id": 1278
      }
    },
    {
      "type": "Feature",
      "geometry": {
        "type": "Point",
        "coordinates": [
          -77.018471,
          38.913547
        ]
      },
      "properties": {
        "geoid": "7500000US110010048013000",
        "block": "3000",
        "tract": "004801",
        "population": 0,
        "matched_tile_id": 1410
      }
    },
    {
      "type": "Feature",
      "geometry": {
        "type": "Point",
        "coordinates": [
          -77.018111,
          38.913
        ]
      },
      "properties": {
        "geoid": "7500000US110010048013003",
        "block": "3003",
        "tract": "004801",
        "population": 151,
        "matched_tile_id": 1377
      }
    },
    {
      "type": "Feature",
      "geometry": {
        "type": "Point",
        "coordinates": [
          -77.018038,
          38.912169
        ]
      },
      "properties": {
        "geoid": "7500000US110010048013004",
        "block": "3004",
        "tract": "004801",
        "population": 104,
        "matched_tile_id": 1344
      }
    },
    {
      "type": "Feature",
      "geometry": {
        "type": "Point",
        "coordinates": [
          -77.018082,
          38.911631
        ]
      },
      "properties": {
        "geoid": "7500000US110010048013006",
        "block": "3006",
        "tract": "004801",
        "population": 127,
        "matched_tile_id": 1311
      }
    },
    {
      "type": "Feature",
      "geometry": {
        "type": "Point",
        "coordinates": [
          -77.018437,
          38.913833
        ]
      },
      "properties": {
        "geoid": "7500000US110010048012007",
        "block": "2007",
        "tract": "004801",
        "population": 52,
        "matched_tile_id": 1410
      }
    },
    {
      "type": "Feature",
      "geometry": {
        "type": "Point",
        "coordinates": [
          -77.025143,
          38.914441
        ]
      },
      "properties": {
        "geoid": "7500000US110010044022009",
        "block": "2009",
        "tract": "004402",
        "population": 193,
        "matched_tile_id": 1437
      }
    },
    {
      "type": "Feature",
      "geometry": {
        "type": "Point",
        "coordinates": [
          -77.026365,
          38.914927
        ]
      },
      "properties": {
        "geoid": "7500000US110010044022005",
        "block": "2005",
        "tract": "004402",
        "population": 71,
        "matched_tile_id": 1436
      }
    },
    {
      "type": "Feature",
      "geometry": {
        "type": "Point",
        "coordinates": [
          -77.018531,
          38.914485
        ]
      },
      "properties": {
        "geoid": "7500000US110010048012000",
        "block": "2000",
        "tract": "004801",
        "population": 70,
        "matched_tile_id": 1443
      }
    },
    {
      "type": "Feature",
      "geometry": {
        "type": "Point",
        "coordinates": [
          -77.019514,
          38.914783
        ]
      },
      "properties": {
        "geoid": "7500000US110010048012001",
        "block": "2001",
        "tract": "004801",
        "population": 115,
        "matched_tile_id": 1442
      }
    },
    {
      "type": "Feature",
      "geometry": {
        "type": "Point",
        "coordinates": [
          -77.02347,
          38.914804
        ]
      },
      "properties": {
        "geoid": "7500000US110010044022007",
        "block": "2007",
        "tract": "004402",
        "population": 142,
        "matched_tile_id": 1438
      }
    },
    {
      "type": "Feature",
      "geometry": {
        "type": "Point",
        "coordinates": [
          -77.028719,
          38.913253
        ]
      },
      "properties": {
        "geoid": "7500000US110010050011000",
        "block": "1000",
        "tract": "005001",
        "population": 32,
        "matched_tile_id": 1368
      }
    },
    {
      "type": "Feature",
      "geometry": {
        "type": "Point",
        "coordinates": [
          -77.027252,
          38.9133
        ]
      },
      "properties": {
        "geoid": "7500000US110010050011001",
        "block": "1001",
        "tract": "005001",
        "population": 25,
        "matched_tile_id": 1369
      }
    },
    {
      "type": "Feature",
      "geometry": {
        "type": "Point",
        "coordinates": [
          -77.027683,
          38.914937
        ]
      },
      "properties": {
        "geoid": "7500000US110010044021007",
        "block": "1007",
        "tract": "004402",
        "population": 92,
        "matched_tile_id": 1435
      }
    },
    {
      "type": "Feature",
      "geometry": {
        "type": "Point",
        "coordinates": [
          -77.027306,
          38.914877
        ]
      },
      "properties": {
        "geoid": "7500000US110010044021008",
        "block": "1008",
        "tract": "004402",
        "population": 30,
        "matched_tile_id": 1435
      }
    },
    {
      "type": "Feature",
      "geometry": {
        "type": "Point",
        "coordinates": [
          -77.026716,
          38.914957
        ]
      },
      "properties": {
        "geoid": "7500000US110010044022004",
        "block": "2004",
        "tract": "004402",
        "population": 57,
        "matched_tile_id": 1435
      }
    },
    {
      "type": "Feature",
      "geometry": {
        "type": "Point",
        "coordinates": [
          -77.029502,
          38.909416
        ]
      },
      "properties": {
        "geoid": "7500000US110010050042001",
        "block": "2001",
        "tract": "005004",
        "population": 0,
        "matched_tile_id": 1235
      }
    },
    {
      "type": "Feature",
      "geometry": {
        "type": "Point",
        "coordinates": [
          -77.029796,
          38.9099
        ]
      },
      "properties": {
        "geoid": "7500000US110010050042002",
        "block": "2002",
        "tract": "005004",
        "population": 0,
        "matched_tile_id": 1268
      }
    },
    {
      "type": "Feature",
      "geometry": {
        "type": "Point",
        "coordinates": [
          -77.028533,
          38.909781
        ]
      },
      "properties": {
        "geoid": "7500000US110010050042004",
        "block": "2004",
        "tract": "005004",
        "population": 0,
        "matched_tile_id": 1269
      }
    },
    {
      "type": "Feature",
      "geometry": {
        "type": "Point",
        "coordinates": [
          -77.027682,
          38.909875
        ]
      },
      "properties": {
        "geoid": "7500000US110010050011012",
        "block": "1012",
        "tract": "005001",
        "population": 95,
        "matched_tile_id": 1270
      }
    },
    {
      "type": "Feature",
      "geometry": {
        "type": "Point",
        "coordinates": [
          -77.028582,
          38.909994
        ]
      },
      "properties": {
        "geoid": "7500000US110010050042000",
        "block": "2000",
        "tract": "005004",
        "population": 0,
        "matched_tile_id": 1269
      }
    },
    {
      "type": "Feature",
      "geometry": {
        "type": "Point",
        "coordinates": [
          -77.028826,
          38.910415
        ]
      },
      "properties": {
        "geoid": "7500000US110010050011009",
        "block": "1009",
        "tract": "005001",
        "population": 118,
        "matched_tile_id": 1269
      }
    },
    {
      "type": "Feature",
      "geometry": {
        "type": "Point",
        "coordinates": [
          -77.027628,
          38.910364
        ]
      },
      "properties": {
        "geoid": "7500000US110010050011011",
        "block": "1011",
        "tract": "005001",
        "population": 0,
        "matched_tile_id": 1270
      }
    },
    {
      "type": "Feature",
      "geometry": {
        "type": "Point",
        "coordinates": [
          -77.02935,
          38.910612
        ]
      },
      "properties": {
        "geoid": "7500000US110010050011010",
        "block": "1010",
        "tract": "005001",
        "population": 40,
        "matched_tile_id": 1301
      }
    },
    {
      "type": "Feature",
      "geometry": {
        "type": "Point",
        "coordinates": [
          -77.027861,
          38.910754
        ]
      },
      "properties": {
        "geoid": "7500000US110010050011008",
        "block": "1008",
        "tract": "005001",
        "population": 58,
        "matched_tile_id": 1302
      }
    },
    {
      "type": "Feature",
      "geometry": {
        "type": "Point",
        "coordinates": [
          -77.027266,
          38.91085
        ]
      },
      "properties": {
        "geoid": "7500000US110010050011006",
        "block": "1006",
        "tract": "005001",
        "population": 38,
        "matched_tile_id": 1303
      }
    },
    {
      "type": "Feature",
      "geometry": {
        "type": "Point",
        "coordinates": [
          -77.026903,
          38.910884
        ]
      },
      "properties": {
        "geoid": "7500000US110010049013002",
        "block": "3002",
        "tract": "004901",
        "population": 0,
        "matched_tile_id": 1303
      }
    },
    {
      "type": "Feature",
      "geometry": {
        "type": "Point",
        "coordinates": [
          -77.027605,
          38.911032
        ]
      },
      "properties": {
        "geoid": "7500000US110010050011007",
        "block": "1007",
        "tract": "005001",
        "population": 17,
        "matched_tile_id": 1303
      }
    },
    {
      "type": "Feature",
      "geometry": {
        "type": "Point",
        "coordinates": [
          -77.027309,
          38.911928
        ]
      },
      "properties": {
        "geoid": "7500000US110010050011005",
        "block": "1005",
        "tract": "005001",
        "population": 115,
        "matched_tile_id": 1336
      }
    },
    {
      "type": "Feature",
      "geometry": {
        "type": "Point",
        "coordinates": [
          -77.027812,
          38.91191
        ]
      },
      "properties": {
        "geoid": "7500000US110010050011004",
        "block": "1004",
        "tract": "005001",
        "population": 80,
        "matched_tile_id": 1335
      }
    },
    {
      "type": "Feature",
      "geometry": {
        "type": "Point",
        "coordinates": [
          -77.028272,
          38.911481
        ]
      },
      "properties": {
        "geoid": "7500000US110010050011003",
        "block": "1003",
        "tract": "005001",
        "population": 39,
        "matched_tile_id": 1302
      }
    },
    {
      "type": "Feature",
      "geometry": {
        "type": "Point",
        "coordinates": [
          -77.028877,
          38.911953
        ]
      },
      "properties": {
        "geoid": "7500000US110010050011002",
        "block": "1002",
        "tract": "005001",
        "population": 192,
        "matched_tile_id": 1335
      }
    },
    {
      "type": "Feature",
      "geometry": {
        "type": "Point",
        "coordinates": [
          -77.026665,
          38.910683
        ]
      },
      "properties": {
        "geoid": "7500000US110010049013003",
        "block": "3003",
        "tract": "004901",
        "population": 0,
        "matched_tile_id": 1303
      }
    },
    {
      "type": "Feature",
      "geometry": {
        "type": "Point",
        "coordinates": [
          -77.026459,
          38.906421
        ]
      },
      "properties": {
        "geoid": "7500000US110010049022004",
        "block": "2004",
        "tract": "004902",
        "population": 378,
        "matched_tile_id": 1138
      }
    },
    {
      "type": "Feature",
      "geometry": {
        "type": "Point",
        "coordinates": [
          -77.026491,
          38.910074
        ]
      },
      "properties": {
        "geoid": "7500000US110010049013004",
        "block": "3004",
        "tract": "004901",
        "population": 108,
        "matched_tile_id": 1271
      }
    },
    {
      "type": "Feature",
      "geometry": {
        "type": "Point",
        "coordinates": [
          -77.026308,
          38.911414
        ]
      },
      "properties": {
        "geoid": "7500000US110010049013000",
        "block": "3000",
        "tract": "004901",
        "population": 160,
        "matched_tile_id": 1304
      }
    },
    {
      "type": "Feature",
      "geometry": {
        "type": "Point",
        "coordinates": [
          -77.026432,
          38.908046
        ]
      },
      "properties": {
        "geoid": "7500000US110010049021005",
        "block": "1005",
        "tract": "004902",
        "population": 87,
        "matched_tile_id": 1205
      }
    },
    {
      "type": "Feature",
      "geometry": {
        "type": "Point",
        "coordinates": [
          -77.02648,
          38.909179
        ]
      },
      "properties": {
        "geoid": "7500000US110010049013009",
        "block": "3009",
        "tract": "004901",
        "population": 143,
        "matched_tile_id": 1238
      }
    },
    {
      "type": "Feature",
      "geometry": {
        "type": "Point",
        "coordinates": [
          -77.026589,
          38.913534
        ]
      },
      "properties": {
        "geoid": "7500000US110010049011003",
        "block": "1003",
        "tract": "004901",
        "population": 158,
        "matched_tile_id": 1403
      }
    },
    {
      "type": "Feature",
      "geometry": {
        "type": "Point",
        "coordinates": [
          -77.024907,
          38.910321
        ]
      },
      "properties": {
        "geoid": "7500000US110010049013005",
        "block": "3005",
        "tract": "004901",
        "population": 33,
        "matched_tile_id": 1272
      }
    },
    {
      "type": "Feature",
      "geometry": {
        "type": "Point",
        "coordinates": [
          -77.025012,
          38.911254
        ]
      },
      "properties": {
        "geoid": "7500000US110010049013001",
        "block": "3001",
        "tract": "004901",
        "population": 0,
        "matched_tile_id": 1305
      }
    },
    {
      "type": "Feature",
      "geometry": {
        "type": "Point",
        "coordinates": [
          -77.025583,
          38.908979
        ]
      },
      "properties": {
        "geoid": "7500000US110010049013008",
        "block": "3008",
        "tract": "004901",
        "population": 101,
        "matched_tile_id": 1238
      }
    },
    {
      "type": "Feature",
      "geometry": {
        "type": "Point",
        "coordinates": [
          -77.025619,
          38.906724
        ]
      },
      "properties": {
        "geoid": "7500000US110010049022003",
        "block": "2003",
        "tract": "004902",
        "population": 134,
        "matched_tile_id": 1139
      }
    },
    {
      "type": "Feature",
      "geometry": {
        "type": "Point",
        "coordinates": [
          -77.024916,
          38.913207
        ]
      },
      "properties": {
        "geoid": "7500000US110010049011004",
        "block": "1004",
        "tract": "004901",
        "population": 147,
        "matched_tile_id": 1371
      }
    },
    {
      "type": "Feature",
      "geometry": {
        "type": "Point",
        "coordinates": [
          -77.024941,
          38.907493
        ]
      },
      "properties": {
        "geoid": "7500000US110010049021006",
        "block": "1006",
        "tract": "004902",
        "population": 208,
        "matched_tile_id": 1173
      }
    },
    {
      "type": "Feature",
      "geometry": {
        "type": "Point",
        "coordinates": [
          -77.024976,
          38.913639
        ]
      },
      "properties": {
        "geoid": "7500000US110010049011002",
        "block": "1002",
        "tract": "004901",
        "population": 151,
        "matched_tile_id": 1404
      }
    },
    {
      "type": "Feature",
      "geometry": {
        "type": "Point",
        "coordinates": [
          -77.025787,
          38.908162
        ]
      },
      "properties": {
        "geoid": "7500000US110010049021004",
        "block": "1004",
        "tract": "004902",
        "population": 48,
        "matched_tile_id": 1205
      }
    },
    {
      "type": "Feature",
      "geometry": {
        "type": "Point",
        "coordinates": [
          -77.025068,
          38.908447
        ]
      },
      "properties": {
        "geoid": "7500000US110010049021003",
        "block": "1003",
        "tract": "004902",
        "population": 54,
        "matched_tile_id": 1206
      }
    },
    {
      "type": "Feature",
      "geometry": {
        "type": "Point",
        "coordinates": [
          -77.025067,
          38.90795
        ]
      },
      "properties": {
        "geoid": "7500000US110010049021007",
        "block": "1007",
        "tract": "004902",
        "population": 21,
        "matched_tile_id": 1173
      }
    },
    {
      "type": "Feature",
      "geometry": {
        "type": "Point",
        "coordinates": [
          -77.02481,
          38.906075
        ]
      },
      "properties": {
        "geoid": "7500000US110010049022006",
        "block": "2006",
        "tract": "004902",
        "population": 73,
        "matched_tile_id": 1107
      }
    },
    {
      "type": "Feature",
      "geometry": {
        "type": "Point",
        "coordinates": [
          -77.024672,
          38.911202
        ]
      },
      "properties": {
        "geoid": "7500000US110010049013006",
        "block": "3006",
        "tract": "004901",
        "population": 0,
        "matched_tile_id": 1305
      }
    },
    {
      "type": "Feature",
      "geometry": {
        "type": "Point",
        "coordinates": [
          -77.024551,
          38.906768
        ]
      },
      "properties": {
        "geoid": "7500000US110010049022002",
        "block": "2002",
        "tract": "004902",
        "population": 110,
        "matched_tile_id": 1140
      }
    },
    {
      "type": "Feature",
      "geometry": {
        "type": "Point",
        "coordinates": [
          -77.024618,
          38.909355
        ]
      },
      "properties": {
        "geoid": "7500000US110010049013007",
        "block": "3007",
        "tract": "004901",
        "population": 89,
        "matched_tile_id": 1239
      }
    },
    {
      "type": "Feature",
      "geometry": {
        "type": "Point",
        "coordinates": [
          -77.024389,
          38.908212
        ]
      },
      "properties": {
        "geoid": "7500000US110010049021002",
        "block": "1002",
        "tract": "004902",
        "population": 48,
        "matched_tile_id": 1206
      }
    },
    {
      "type": "Feature",
      "geometry": {
        "type": "Point",
        "coordinates": [
          -77.023528,
          38.907795
        ]
      },
      "properties": {
        "geoid": "7500000US110010049021001",
        "block": "1001",
        "tract": "004902",
        "population": 57,
        "matched_tile_id": 1174
      }
    },
    {
      "type": "Feature",
      "geometry": {
        "type": "Point",
        "coordinates": [
          -77.023561,
          38.909224
        ]
      },
      "properties": {
        "geoid": "7500000US110010049012006",
        "block": "2006",
        "tract": "004901",
        "population": 390,
        "matched_tile_id": 1240
      }
    },
    {
      "type": "Feature",
      "geometry": {
        "type": "Point",
        "coordinates": [
          -77.02359,
          38.910339
        ]
      },
      "properties": {
        "geoid": "7500000US110010049012005",
        "block": "2005",
        "tract": "004901",
        "population": 140,
        "matched_tile_id": 1273
      }
    },
    {
      "type": "Feature",
      "geometry": {
        "type": "Point",
        "coordinates": [
          -77.023409,
          38.911456
        ]
      },
      "properties": {
        "geoid": "7500000US110010049012002",
        "block": "2002",
        "tract": "004901",
        "population": 78,
        "matched_tile_id": 1306
      }
    },
    {
      "type": "Feature",
      "geometry": {
        "type": "Point",
        "coordinates": [
          -77.023482,
          38.912363
        ]
      },
      "properties": {
        "geoid": "7500000US110010049011005",
        "block": "1005",
        "tract": "004901",
        "population": 77,
        "matched_tile_id": 1339
      }
    },
    {
      "type": "Feature",
      "geometry": {
        "type": "Point",
        "coordinates": [
          -77.023401,
          38.913374
        ]
      },
      "properties": {
        "geoid": "7500000US110010049011001",
        "block": "1001",
        "tract": "004901",
        "population": 165,
        "matched_tile_id": 1372
      }
    },
    {
      "type": "Feature",
      "geometry": {
        "type": "Point",
        "coordinates": [
          -77.023567,
          38.911747
        ]
      },
      "properties": {
        "geoid": "7500000US110010049012001",
        "block": "2001",
        "tract": "004901",
        "population": 0,
        "matched_tile_id": 1339
      }
    },
    {
      "type": "Feature",
      "geometry": {
        "type": "Point",
        "coordinates": [
          -77.023341,
          38.906794
        ]
      },
      "properties": {
        "geoid": "7500000US110010049022001",
        "block": "2001",
        "tract": "004902",
        "population": 0,
        "matched_tile_id": 1141
      }
    },
    {
      "type": "Feature",
      "geometry": {
        "type": "Point",
        "coordinates": [
          -77.022434,
          38.91059
        ]
      },
      "properties": {
        "geoid": "7500000US110010049012004",
        "block": "2004",
        "tract": "004901",
        "population": 543,
        "matched_tile_id": 1274
      }
    },
    {
      "type": "Feature",
      "geometry": {
        "type": "Point",
        "coordinates": [
          -77.029946,
          38.908887
        ]
      },
      "properties": {
        "geoid": "7500000US110010050031002",
        "block": "1002",
        "tract": "005003",
        "population": 0,
        "matched_tile_id": 1235
      }
    },
    {
      "type": "Feature",
      "geometry": {
        "type": "Point",
        "coordinates": [
          -77.028959,
          38.904085
        ]
      },
      "properties": {
        "geoid": "7500000US110010101002003",
        "block": "2003",
        "tract": "010100",
        "population": 492,
        "matched_tile_id": 1037
      }
    },
    {
      "type": "Feature",
      "geometry": {
        "type": "Point",
        "coordinates": [
          -77.029003,
          38.909186
        ]
      },
      "properties": {
        "geoid": "7500000US110010050042003",
        "block": "2003",
        "tract": "005004",
        "population": 167,
        "matched_tile_id": 1235
      }
    },
    {
      "type": "Feature",
      "geometry": {
        "type": "Point",
        "coordinates": [
          -77.028992,
          38.908097
        ]
      },
      "properties": {
        "geoid": "7500000US110010050042008",
        "block": "2008",
        "tract": "005004",
        "population": 386,
        "matched_tile_id": 1202
      }
    },
    {
      "type": "Feature",
      "geometry": {
        "type": "Point",
        "coordinates": [
          -77.029003,
          38.906483
        ]
      },
      "properties": {
        "geoid": "7500000US110010050041002",
        "block": "1002",
        "tract": "005004",
        "population": 1316,
        "matched_tile_id": 1136
      }
    },
    {
      "type": "Feature",
      "geometry": {
        "type": "Point",
        "coordinates": [
          -77.028682,
          38.904907
        ]
      },
      "properties": {
        "geoid": "7500000US110010050043002",
        "block": "3002",
        "tract": "005004",
        "population": 275,
        "matched_tile_id": 1071
      }
    },
    {
      "type": "Feature",
      "geometry": {
        "type": "Point",
        "coordinates": [
          -77.028779,
          38.905313
        ]
      },
      "properties": {
        "geoid": "7500000US110010050043001",
        "block": "3001",
        "tract": "005004",
        "population": 174,
        "matched_tile_id": 1103
      }
    },
    {
      "type": "Feature",
      "geometry": {
        "type": "Point",
        "coordinates": [
          -77.027658,
          38.906419
        ]
      },
      "properties": {
        "geoid": "7500000US110010050041000",
        "block": "1000",
        "tract": "005004",
        "population": 132,
        "matched_tile_id": 1137
      }
    },
    {
      "type": "Feature",
      "geometry": {
        "type": "Point",
        "coordinates": [
          -77.027601,
          38.907977
        ]
      },
      "properties": {
        "geoid": "7500000US110010050042007",
        "block": "2007",
        "tract": "005004",
        "population": 173,
        "matched_tile_id": 1204
      }
    },
    {
      "type": "Feature",
      "geometry": {
        "type": "Point",
        "coordinates": [
          -77.027769,
          38.909017
        ]
      },
      "properties": {
        "geoid": "7500000US110010050042005",
        "block": "2005",
        "tract": "005004",
        "population": 84,
        "matched_tile_id": 1236
      }
    },
    {
      "type": "Feature",
      "geometry": {
        "type": "Point",
        "coordinates": [
          -77.02755,
          38.909007
        ]
      },
      "properties": {
        "geoid": "7500000US110010050042006",
        "block": "2006",
        "tract": "005004",
        "population": 83,
        "matched_tile_id": 1237
      }
    },
    {
      "type": "Feature",
      "geometry": {
        "type": "Point",
        "coordinates": [
          -77.027711,
          38.903892
        ]
      },
      "properties": {
        "geoid": "7500000US110010101002002",
        "block": "2002",
        "tract": "010100",
        "population": 0,
        "matched_tile_id": 1038
      }
    },
    {
      "type": "Feature",
      "geometry": {
        "type": "Point",
        "coordinates": [
          -77.027566,
          38.904639
        ]
      },
      "properties": {
        "geoid": "7500000US110010050043003",
        "block": "3003",
        "tract": "005004",
        "population": 525,
        "matched_tile_id": 1071
      }
    },
    {
      "type": "Feature",
      "geometry": {
        "type": "Point",
        "coordinates": [
          -77.027667,
          38.905315
        ]
      },
      "properties": {
        "geoid": "7500000US110010050043000",
        "block": "3000",
        "tract": "005004",
        "population": 221,
        "matched_tile_id": 1104
      }
    },
    {
      "type": "Feature",
      "geometry": {
        "type": "Point",
        "coordinates": [
          -77.02732,
          38.906307
        ]
      },
      "properties": {
        "geoid": "7500000US110010050041001",
        "block": "1001",
        "tract": "005004",
        "population": 325,
        "matched_tile_id": 1138
      }
    },
    {
      "type": "Feature",
      "geometry": {
        "type": "Point",
        "coordinates": [
          -77.026494,
          38.904833
        ]
      },
      "properties": {
        "geoid": "7500000US110010049023002",
        "block": "3002",
        "tract": "004902",
        "population": 420,
        "matched_tile_id": 1072
      }
    },
    {
      "type": "Feature",
      "geometry": {
        "type": "Point",
        "coordinates": [
          -76.995532,
          38.903005
        ]
      },
      "properties": {
        "geoid": "7500000US110010106022000",
        "block": "2000",
        "tract": "010602",
        "population": 121,
        "matched_tile_id": 1000
      }
    },
    {
      "type": "Feature",
      "geometry": {
        "type": "Point",
        "coordinates": [
          -76.99759,
          38.903335
        ]
      },
      "properties": {
        "geoid": "7500000US110010106022001",
        "block": "2001",
        "tract": "010602",
        "population": 81,
        "matched_tile_id": 1032
      }
    },
    {
      "type": "Feature",
      "geometry": {
        "type": "Point",
        "coordinates": [
          -76.999054,
          38.903027
        ]
      },
      "properties": {
        "geoid": "7500000US110010106024015",
        "block": "4015",
        "tract": "010602",
        "population": 143,
        "matched_tile_id": 1030
      }
    },
    {
      "type": "Feature",
      "geometry": {
        "type": "Point",
        "coordinates": [
          -77.000195,
          38.902962
        ]
      },
      "properties": {
        "geoid": "7500000US110010106024014",
        "block": "4014",
        "tract": "010602",
        "population": 106,
        "matched_tile_id": 996
      }
    },
    {
      "type": "Feature",
      "geometry": {
        "type": "Point",
        "coordinates": [
          -77.001364,
          38.903278
        ]
      },
      "properties": {
        "geoid": "7500000US110010106024013",
        "block": "4013",
        "tract": "010602",
        "population": 381,
        "matched_tile_id": 1028
      }
    },
    {
      "type": "Feature",
      "geometry": {
        "type": "Point",
        "coordinates": [
          -77.002876,
          38.903342
        ]
      },
      "properties": {
        "geoid": "7500000US110010106024012",
        "block": "4012",
        "tract": "010602",
        "population": 797,
        "matched_tile_id": 1027
      }
    },
    {
      "type": "Feature",
      "geometry": {
        "type": "Point",
        "coordinates": [
          -77.003918,
          38.903092
        ]
      },
      "properties": {
        "geoid": "7500000US110010106024011",
        "block": "4011",
        "tract": "010602",
        "population": 0,
        "matched_tile_id": 1026
      }
    },
    {
      "type": "Feature",
      "geometry": {
        "type": "Point",
        "coordinates": [
          -77.005164,
          38.90311
        ]
      },
      "properties": {
        "geoid": "7500000US110010106033003",
        "block": "3003",
        "tract": "010603",
        "population": 395,
        "matched_tile_id": 1025
      }
    },
    {
      "type": "Feature",
      "geometry": {
        "type": "Point",
        "coordinates": [
          -76.994356,
          38.903479
        ]
      },
      "properties": {
        "geoid": "7500000US110010106021007",
        "block": "1007",
        "tract": "010602",
        "population": 66,
        "matched_tile_id": 1034
      }
    },
    {
      "type": "Feature",
      "geometry": {
        "type": "Point",
        "coordinates": [
          -76.99323,
          38.903547
        ]
      },
      "properties": {
        "geoid": "7500000US110010084101006",
        "block": "1006",
        "tract": "008410",
        "population": 72,
        "matched_tile_id": 1035
      }
    },
    {
      "type": "Feature",
      "geometry": {
        "type": "Point",
        "coordinates": [
          -76.993577,
          38.903932
        ]
      },
      "properties": {
        "geoid": "7500000US110010106021000",
        "block": "1000",
        "tract": "010602",
        "population": 21,
        "matched_tile_id": 1035
      }
    },
    {
      "type": "Feature",
      "geometry": {
        "type": "Point",
        "coordinates": [
          -76.994465,
          38.904368
        ]
      },
      "properties": {
        "geoid": "7500000US110010106021001",
        "block": "1001",
        "tract": "010602",
        "population": 110,
        "matched_tile_id": 1067
      }
    },
    {
      "type": "Feature",
      "geometry": {
        "type": "Point",
        "coordinates": [
          -76.995525,
          38.904541
        ]
      },
      "properties": {
        "geoid": "7500000US110010106021002",
        "block": "1002",
        "tract": "010602",
        "population": 172,
        "matched_tile_id": 1066
      }
    },
    {
      "type": "Feature",
      "geometry": {
        "type": "Point",
        "coordinates": [
          -77.000942,
          38.904769
        ]
      },
      "properties": {
        "geoid": "7500000US110010106024007",
        "block": "4007",
        "tract": "010602",
        "population": 189,
        "matched_tile_id": 1062
      }
    },
    {
      "type": "Feature",
      "geometry": {
        "type": "Point",
        "coordinates": [
          -77.000148,
          38.904746
        ]
      },
      "properties": {
        "geoid": "7500000US110010106024008",
        "block": "4008",
        "tract": "010602",
        "population": 247,
        "matched_tile_id": 1062
      }
    },
    {
      "type": "Feature",
      "geometry": {
        "type": "Point",
        "coordinates": [
          -77.001725,
          38.904759
        ]
      },
      "properties": {
        "geoid": "7500000US110010106024006",
        "block": "4006",
        "tract": "010602",
        "population": 217,
        "matched_tile_id": 1061
      }
    },
    {
      "type": "Feature",
      "geometry": {
        "type": "Point",
        "coordinates": [
          -76.997573,
          38.904008
        ]
      },
      "properties": {
        "geoid": "7500000US110010106021005",
        "block": "1005",
        "tract": "010602",
        "population": 195,
        "matched_tile_id": 1065
      }
    },
    {
      "type": "Feature",
      "geometry": {
        "type": "Point",
        "coordinates": [
          -76.998832,
          38.904544
        ]
      },
      "properties": {
        "geoid": "7500000US110010106024009",
        "block": "4009",
        "tract": "010602",
        "population": 163,
        "matched_tile_id": 1063
      }
    },
    {
      "type": "Feature",
      "geometry": {
        "type": "Point",
        "coordinates": [
          -77.003074,
          38.90448
        ]
      },
      "properties": {
        "geoid": "7500000US110010106024005",
        "block": "4005",
        "tract": "010602",
        "population": 33,
        "matched_tile_id": 1060
      }
    },
    {
      "type": "Feature",
      "geometry": {
        "type": "Point",
        "coordinates": [
          -77.003517,
          38.904455
        ]
      },
      "properties": {
        "geoid": "7500000US110010106024004",
        "block": "4004",
        "tract": "010602",
        "population": 0,
        "matched_tile_id": 1059
      }
    },
    {
      "type": "Feature",
      "geometry": {
        "type": "Point",
        "coordinates": [
          -77.0052,
          38.90497
        ]
      },
      "properties": {
        "geoid": "7500000US110010106033000",
        "block": "3000",
        "tract": "010603",
        "population": 28,
        "matched_tile_id": 1091
      }
    },
    {
      "type": "Feature",
      "geometry": {
        "type": "Point",
        "coordinates": [
          -76.997657,
          38.904762
        ]
      },
      "properties": {
        "geoid": "7500000US110010106021006",
        "block": "1006",
        "tract": "010602",
        "population": 165,
        "matched_tile_id": 1064
      }
    },
    {
      "type": "Feature",
      "geometry": {
        "type": "Point",
        "coordinates": [
          -76.995463,
          38.905389
        ]
      },
      "properties": {
        "geoid": "7500000US110010088032019",
        "block": "2019",
        "tract": "008803",
        "population": 207,
        "matched_tile_id": 1099
      }
    },
    {
      "type": "Feature",
      "geometry": {
        "type": "Point",
        "coordinates": [
          -76.997466,
          38.905378
        ]
      },
      "properties": {
        "geoid": "7500000US110010106021003",
        "block": "1003",
        "tract": "010602",
        "population": 173,
        "matched_tile_id": 1098
      }
    },
    {
      "type": "Feature",
      "geometry": {
        "type": "Point",
        "coordinates": [
          -76.996884,
          38.906697
        ]
      },
      "properties": {
        "geoid": "7500000US110010088032014",
        "block": "2014",
        "tract": "008803",
        "population": 0,
        "matched_tile_id": 1164
      }
    },
    {
      "type": "Feature",
      "geometry": {
        "type": "Point",
        "coordinates": [
          -76.998062,
          38.905919
        ]
      },
      "properties": {
        "geoid": "7500000US110010106021004",
        "block": "1004",
        "tract": "010602",
        "population": 68,
        "matched_tile_id": 1130
      }
    },
    {
      "type": "Feature",
      "geometry": {
        "type": "Point",
        "coordinates": [
          -77.000071,
          38.906469
        ]
      },
      "properties": {
        "geoid": "7500000US110010106024000",
        "block": "4000",
        "tract": "010602",
        "population": 58,
        "matched_tile_id": 1128
      }
    },
    {
      "type": "Feature",
      "geometry": {
        "type": "Point",
        "coordinates": [
          -76.998915,
          38.906168
        ]
      },
      "properties": {
        "geoid": "7500000US110010106024010",
        "block": "4010",
        "tract": "010602",
        "population": 76,
        "matched_tile_id": 1129
      }
    },
    {
      "type": "Feature",
      "geometry": {
        "type": "Point",
        "coordinates": [
          -77.001227,
          38.906525
        ]
      },
      "properties": {
        "geoid": "7500000US110010106024001",
        "block": "4001",
        "tract": "010602",
        "population": 16,
        "matched_tile_id": 1127
      }
    },
    {
      "type": "Feature",
      "geometry": {
        "type": "Point",
        "coordinates": [
          -76.995659,
          38.906293
        ]
      },
      "properties": {
        "geoid": "7500000US110010088032016",
        "block": "2016",
        "tract": "008803",
        "population": 0,
        "matched_tile_id": 1132
      }
    },
    {
      "type": "Feature",
      "geometry": {
        "type": "Point",
        "coordinates": [
          -76.996126,
          38.906715
        ]
      },
      "properties": {
        "geoid": "7500000US110010088032015",
        "block": "2015",
        "tract": "008803",
        "population": 0,
        "matched_tile_id": 1165
      }
    },
    {
      "type": "Feature",
      "geometry": {
        "type": "Point",
        "coordinates": [
          -77.017698,
          38.900242
        ]
      },
      "properties": {
        "geoid": "7500000US110010059001001",
        "block": "1001",
        "tract": "005900",
        "population": 1339,
        "matched_tile_id": 915
      }
    },
    {
      "type": "Feature",
      "geometry": {
        "type": "Point",
        "coordinates": [
          -77.022453,
          38.900344
        ]
      },
      "properties": {
        "geoid": "7500000US110010058025007",
        "block": "5007",
        "tract": "005802",
        "population": 14,
        "matched_tile_id": 911
      }
    },
    {
      "type": "Feature",
      "geometry": {
        "type": "Point",
        "coordinates": [
          -77.017193,
          38.900886
        ]
      },
      "properties": {
        "geoid": "7500000US110010047025000",
        "block": "5000",
        "tract": "004702",
        "population": 759,
        "matched_tile_id": 915
      }
    },
    {
      "type": "Feature",
      "geometry": {
        "type": "Point",
        "coordinates": [
          -77.026558,
          38.901152
        ]
      },
      "properties": {
        "geoid": "7500000US110010058025003",
        "block": "5003",
        "tract": "005802",
        "population": 0,
        "matched_tile_id": 940
      }
    },
    {
      "type": "Feature",
      "geometry": {
        "type": "Point",
        "coordinates": [
          -77.019543,
          38.901169
        ]
      },
      "properties": {
        "geoid": "7500000US110010058012000",
        "block": "2000",
        "tract": "005801",
        "population": 0,
        "matched_tile_id": 946
      }
    },
    {
      "type": "Feature",
      "geometry": {
        "type": "Point",
        "coordinates": [
          -77.024924,
          38.901559
        ]
      },
      "properties": {
        "geoid": "7500000US110010058025002",
        "block": "5002",
        "tract": "005802",
        "population": 0,
        "matched_tile_id": 942
      }
    },
    {
      "type": "Feature",
      "geometry": {
        "type": "Point",
        "coordinates": [
          -77.021073,
          38.901477
        ]
      },
      "properties": {
        "geoid": "7500000US110010058012001",
        "block": "2001",
        "tract": "005801",
        "population": 20,
        "matched_tile_id": 945
      }
    },
    {
      "type": "Feature",
      "geometry": {
        "type": "Point",
        "coordinates": [
          -77.022698,
          38.90149
        ]
      },
      "properties": {
        "geoid": "7500000US110010058025001",
        "block": "5001",
        "tract": "005802",
        "population": 7,
        "matched_tile_id": 944
      }
    },
    {
      "type": "Feature",
      "geometry": {
        "type": "Point",
        "coordinates": [
          -77.019392,
          38.901821
        ]
      },
      "properties": {
        "geoid": "7500000US110010047024001",
        "block": "4001",
        "tract": "004702",
        "population": 348,
        "matched_tile_id": 980
      }
    },
    {
      "type": "Feature",
      "geometry": {
        "type": "Point",
        "coordinates": [
          -77.0167,
          38.901874
        ]
      },
      "properties": {
        "geoid": "7500000US110010047023000",
        "block": "3000",
        "tract": "004702",
        "population": 824,
        "matched_tile_id": 982
      }
    },
    {
      "type": "Feature",
      "geometry": {
        "type": "Point",
        "coordinates": [
          -77.018416,
          38.901947
        ]
      },
      "properties": {
        "geoid": "7500000US110010047024000",
        "block": "4000",
        "tract": "004702",
        "population": 526,
        "matched_tile_id": 980
      }
    },
    {
      "type": "Feature",
      "geometry": {
        "type": "Point",
        "coordinates": [
          -77.024981,
          38.902222
        ]
      },
      "properties": {
        "geoid": "7500000US110010101002011",
        "block": "2011",
        "tract": "010100",
        "population": 4,
        "matched_tile_id": 975
      }
    },
    {
      "type": "Feature",
      "geometry": {
        "type": "Point",
        "coordinates": [
          -77.020938,
          38.902027
        ]
      },
      "properties": {
        "geoid": "7500000US110010047024002",
        "block": "4002",
        "tract": "004702",
        "population": 0,
        "matched_tile_id": 978
      }
    },
    {
      "type": "Feature",
      "geometry": {
        "type": "Point",
        "coordinates": [
          -77.022783,
          38.902585
        ]
      },
      "properties": {
        "geoid": "7500000US110010058025000",
        "block": "5000",
        "tract": "005802",
        "population": 0,
        "matched_tile_id": 977
      }
    },
    {
      "type": "Feature",
      "geometry": {
        "type": "Point",
        "coordinates": [
          -77.016713,
          38.903298
        ]
      },
      "properties": {
        "geoid": "7500000US110010047031000",
        "block": "1000",
        "tract": "004703",
        "population": 417,
        "matched_tile_id": 1015
      }
    },
    {
      "type": "Feature",
      "geometry": {
        "type": "Point",
        "coordinates": [
          -77.018561,
          38.903201
        ]
      },
      "properties": {
        "geoid": "7500000US110010047032000",
        "block": "2000",
        "tract": "004703",
        "population": 785,
        "matched_tile_id": 1013
      }
    },
    {
      "type": "Feature",
      "geometry": {
        "type": "Point",
        "coordinates": [
          -77.019336,
          38.903196
        ]
      },
      "properties": {
        "geoid": "7500000US110010047032001",
        "block": "2001",
        "tract": "004703",
        "population": 14,
        "matched_tile_id": 1013
      }
    },
    {
      "type": "Feature",
      "geometry": {
        "type": "Point",
        "coordinates": [
          -77.020901,
          38.903001
        ]
      },
      "properties": {
        "geoid": "7500000US110010047032002",
        "block": "2002",
        "tract": "004703",
        "population": 0,
        "matched_tile_id": 1011
      }
    },
    {
      "type": "Feature",
      "geometry": {
        "type": "Point",
        "coordinates": [
          -77.024947,
          38.903012
        ]
      },
      "properties": {
        "geoid": "7500000US110010101002000",
        "block": "2000",
        "tract": "010100",
        "population": 31,
        "matched_tile_id": 1008
      }
    },
    {
      "type": "Feature",
      "geometry": {
        "type": "Point",
        "coordinates": [
          -77.024853,
          38.903647
        ]
      },
      "properties": {
        "geoid": "7500000US110010049023004",
        "block": "3004",
        "tract": "004902",
        "population": 0,
        "matched_tile_id": 1041
      }
    },
    {
      "type": "Feature",
      "geometry": {
        "type": "Point",
        "coordinates": [
          -77.022972,
          38.903579
        ]
      },
      "properties": {
        "geoid": "7500000US110010049023005",
        "block": "3005",
        "tract": "004902",
        "population": 0,
        "matched_tile_id": 1042
      }
    },
    {
      "type": "Feature",
      "geometry": {
        "type": "Point",
        "coordinates": [
          -77.021041,
          38.903512
        ]
      },
      "properties": {
        "geoid": "7500000US110010048022006",
        "block": "2006",
        "tract": "004802",
        "population": 0,
        "matched_tile_id": 1011
      }
    },
    {
      "type": "Feature",
      "geometry": {
        "type": "Point",
        "coordinates": [
          -77.019402,
          38.904031
        ]
      },
      "properties": {
        "geoid": "7500000US110010048022007",
        "block": "2007",
        "tract": "004802",
        "population": 27,
        "matched_tile_id": 1046
      }
    },
    {
      "type": "Feature",
      "geometry": {
        "type": "Point",
        "coordinates": [
          -77.017596,
          38.903954
        ]
      },
      "properties": {
        "geoid": "7500000US110010047033000",
        "block": "3000",
        "tract": "004703",
        "population": 1340,
        "matched_tile_id": 1047
      }
    },
    {
      "type": "Feature",
      "geometry": {
        "type": "Point",
        "coordinates": [
          -77.018734,
          38.904108
        ]
      },
      "properties": {
        "geoid": "7500000US110010048021008",
        "block": "1008",
        "tract": "004802",
        "population": 0,
        "matched_tile_id": 1046
      }
    },
    {
      "type": "Feature",
      "geometry": {
        "type": "Point",
        "coordinates": [
          -77.017736,
          38.905078
        ]
      },
      "properties": {
        "geoid": "7500000US110010048021006",
        "block": "1006",
        "tract": "004802",
        "population": 787,
        "matched_tile_id": 1080
      }
    },
    {
      "type": "Feature",
      "geometry": {
        "type": "Point",
        "coordinates": [
          -77.019346,
          38.904894
        ]
      },
      "properties": {
        "geoid": "7500000US110010048022004",
        "block": "2004",
        "tract": "004802",
        "population": 255,
        "matched_tile_id": 1079
      }
    },
    {
      "type": "Feature",
      "geometry": {
        "type": "Point",
        "coordinates": [
          -77.020847,
          38.904956
        ]
      },
      "properties": {
        "geoid": "7500000US110010048022005",
        "block": "2005",
        "tract": "004802",
        "population": 460,
        "matched_tile_id": 1077
      }
    },
    {
      "type": "Feature",
      "geometry": {
        "type": "Point",
        "coordinates": [
          -77.025063,
          38.904906
        ]
      },
      "properties": {
        "geoid": "7500000US110010049023001",
        "block": "3001",
        "tract": "004902",
        "population": 1161,
        "matched_tile_id": 1074
      }
    },
    {
      "type": "Feature",
      "geometry": {
        "type": "Point",
        "coordinates": [
          -77.022901,
          38.904911
        ]
      },
      "properties": {
        "geoid": "7500000US110010049023000",
        "block": "3000",
        "tract": "004902",
        "population": 0,
        "matched_tile_id": 1076
      }
    },
    {
      "type": "Feature",
      "geometry": {
        "type": "Point",
        "coordinates": [
          -77.025514,
          38.905909
        ]
      },
      "properties": {
        "geoid": "7500000US110010049022005",
        "block": "2005",
        "tract": "004902",
        "population": 43,
        "matched_tile_id": 1106
      }
    },
    {
      "type": "Feature",
      "geometry": {
        "type": "Point",
        "coordinates": [
          -77.014829,
          38.900074
        ]
      },
      "properties": {
        "geoid": "7500000US110010047022006",
        "block": "2006",
        "tract": "004702",
        "population": 0,
        "matched_tile_id": 917
      }
    },
    {
      "type": "Feature",
      "geometry": {
        "type": "Point",
        "coordinates": [
          -77.015463,
          38.90009
        ]
      },
      "properties": {
        "geoid": "7500000US110010047022005",
        "block": "2005",
        "tract": "004702",
        "population": 0,
        "matched_tile_id": 917
      }
    },
    {
      "type": "Feature",
      "geometry": {
        "type": "Point",
        "coordinates": [
          -77.015793,
          38.900632
        ]
      },
      "properties": {
        "geoid": "7500000US110010047022004",
        "block": "2004",
        "tract": "004702",
        "population": 472,
        "matched_tile_id": 917
      }
    },
    {
      "type": "Feature",
      "geometry": {
        "type": "Point",
        "coordinates": [
          -77.013977,
          38.901721
        ]
      },
      "properties": {
        "geoid": "7500000US110010047022000",
        "block": "2000",
        "tract": "004702",
        "population": 141,
        "matched_tile_id": 951
      }
    },
    {
      "type": "Feature",
      "geometry": {
        "type": "Point",
        "coordinates": [
          -77.012677,
          38.90108
        ]
      },
      "properties": {
        "geoid": "7500000US110010047021003",
        "block": "1003",
        "tract": "004702",
        "population": 0,
        "matched_tile_id": 952
      }
    },
    {
      "type": "Feature",
      "geometry": {
        "type": "Point",
        "coordinates": [
          -77.010602,
          38.900729
        ]
      },
      "properties": {
        "geoid": "7500000US110010047021004",
        "block": "1004",
        "tract": "004702",
        "population": 298,
        "matched_tile_id": 921
      }
    },
    {
      "type": "Feature",
      "geometry": {
        "type": "Point",
        "coordinates": [
          -77.014365,
          38.901565
        ]
      },
      "properties": {
        "geoid": "7500000US110010047022001",
        "block": "2001",
        "tract": "004702",
        "population": 0,
        "matched_tile_id": 951
      }
    },
    {
      "type": "Feature",
      "geometry": {
        "type": "Point",
        "coordinates": [
          -77.013371,
          38.900772
        ]
      },
      "properties": {
        "geoid": "7500000US110010047021008",
        "block": "1008",
        "tract": "004702",
        "population": 0,
        "matched_tile_id": 919
      }
    },
    {
      "type": "Feature",
      "geometry": {
        "type": "Point",
        "coordinates": [
          -77.007292,
          38.900844
        ]
      },
      "properties": {
        "geoid": "7500000US110010106031004",
        "block": "1004",
        "tract": "010603",
        "population": 0,
        "matched_tile_id": 924
      }
    },
    {
      "type": "Feature",
      "geometry": {
        "type": "Point",
        "coordinates": [
          -77.014884,
          38.90144
        ]
      },
      "properties": {
        "geoid": "7500000US110010047022002",
        "block": "2002",
        "tract": "004702",
        "population": 12,
        "matched_tile_id": 950
      }
    },
    {
      "type": "Feature",
      "geometry": {
        "type": "Point",
        "coordinates": [
          -77.006581,
          38.90181
        ]
      },
      "properties": {
        "geoid": "7500000US110010106031003",
        "block": "1003",
        "tract": "010603",
        "population": 15,
        "matched_tile_id": 958
      }
    },
    {
      "type": "Feature",
      "geometry": {
        "type": "Point",
        "coordinates": [
          -77.011145,
          38.902123
        ]
      },
      "properties": {
        "geoid": "7500000US110010047021000",
        "block": "1000",
        "tract": "004702",
        "population": 86,
        "matched_tile_id": 987
      }
    },
    {
      "type": "Feature",
      "geometry": {
        "type": "Point",
        "coordinates": [
          -77.012872,
          38.901935
        ]
      },
      "properties": {
        "geoid": "7500000US110010047021001",
        "block": "1001",
        "tract": "004702",
        "population": 369,
        "matched_tile_id": 985
      }
    },
    {
      "type": "Feature",
      "geometry": {
        "type": "Point",
        "coordinates": [
          -77.013535,
          38.901599
        ]
      },
      "properties": {
        "geoid": "7500000US110010047021002",
        "block": "1002",
        "tract": "004702",
        "population": 0,
        "matched_tile_id": 952
      }
    },
    {
      "type": "Feature",
      "geometry": {
        "type": "Point",
        "coordinates": [
          -77.015783,
          38.901917
        ]
      },
      "properties": {
        "geoid": "7500000US110010047022003",
        "block": "2003",
        "tract": "004702",
        "population": 0,
        "matched_tile_id": 983
      }
    },
    {
      "type": "Feature",
      "geometry": {
        "type": "Point",
        "coordinates": [
          -77.010873,
          38.90301
        ]
      },
      "properties": {
        "geoid": "7500000US110010047041003",
        "block": "1003",
        "tract": "004704",
        "population": 475,
        "matched_tile_id": 1020
      }
    },
    {
      "type": "Feature",
      "geometry": {
        "type": "Point",
        "coordinates": [
          -77.014955,
          38.90428
        ]
      },
      "properties": {
        "geoid": "7500000US110010047034000",
        "block": "4000",
        "tract": "004703",
        "population": 164,
        "matched_tile_id": 1049
      }
    },
    {
      "type": "Feature",
      "geometry": {
        "type": "Point",
        "coordinates": [
          -77.013144,
          38.903169
        ]
      },
      "properties": {
        "geoid": "7500000US110010047042007",
        "block": "2007",
        "tract": "004704",
        "population": 0,
        "matched_tile_id": 1018
      }
    },
    {
      "type": "Feature",
      "geometry": {
        "type": "Point",
        "coordinates": [
          -77.007716,
          38.903352
        ]
      },
      "properties": {
        "geoid": "7500000US110010106033002",
        "block": "3002",
        "tract": "010603",
        "population": 137,
        "matched_tile_id": 1023
      }
    },
    {
      "type": "Feature",
      "geometry": {
        "type": "Point",
        "coordinates": [
          -77.015737,
          38.904371
        ]
      },
      "properties": {
        "geoid": "7500000US110010047034001",
        "block": "4001",
        "tract": "004703",
        "population": 0,
        "matched_tile_id": 1049
      }
    },
    {
      "type": "Feature",
      "geometry": {
        "type": "Point",
        "coordinates": [
          -77.015802,
          38.903271
        ]
      },
      "properties": {
        "geoid": "7500000US110010047034002",
        "block": "4002",
        "tract": "004703",
        "population": 611,
        "matched_tile_id": 1016
      }
    },
    {
      "type": "Feature",
      "geometry": {
        "type": "Point",
        "coordinates": [
          -77.009422,
          38.904957
        ]
      },
      "properties": {
        "geoid": "7500000US110010047041000",
        "block": "1000",
        "tract": "004704",
        "population": 227,
        "matched_tile_id": 1087
      }
    },
    {
      "type": "Feature",
      "geometry": {
        "type": "Point",
        "coordinates": [
          -77.01088,
          38.904701
        ]
      },
      "properties": {
        "geoid": "7500000US110010047041001",
        "block": "1001",
        "tract": "004704",
        "population": 117,
        "matched_tile_id": 1086
      }
    },
    {
      "type": "Feature",
      "geometry": {
        "type": "Point",
        "coordinates": [
          -77.007816,
          38.904198
        ]
      },
      "properties": {
        "geoid": "7500000US110010106033001",
        "block": "3001",
        "tract": "010603",
        "population": 1002,
        "matched_tile_id": 1056
      }
    },
    {
      "type": "Feature",
      "geometry": {
        "type": "Point",
        "coordinates": [
          -77.013492,
          38.904257
        ]
      },
      "properties": {
        "geoid": "7500000US110010047042006",
        "block": "2006",
        "tract": "004704",
        "population": 0,
        "matched_tile_id": 1051
      }
    },
    {
      "type": "Feature",
      "geometry": {
        "type": "Point",
        "coordinates": [
          -77.010704,
          38.904839
        ]
      },
      "properties": {
        "geoid": "7500000US110010047041002",
        "block": "1002",
        "tract": "004704",
        "population": 0,
        "matched_tile_id": 1086
      }
    },
    {
      "type": "Feature",
      "geometry": {
        "type": "Point",
        "coordinates": [
          -77.013413,
          38.905094
        ]
      },
      "properties": {
        "geoid": "7500000US110010047042005",
        "block": "2005",
        "tract": "004704",
        "population": 160,
        "matched_tile_id": 1084
      }
    },
    {
      "type": "Feature",
      "geometry": {
        "type": "Point",
        "coordinates": [
          -77.007922,
          38.905264
        ]
      },
      "properties": {
        "geoid": "7500000US110010106032000",
        "block": "2000",
        "tract": "010603",
        "population": 1413,
        "matched_tile_id": 1089
      }
    },
    {
      "type": "Feature",
      "geometry": {
        "type": "Point",
        "coordinates": [
          -77.015852,
          38.90533
        ]
      },
      "properties": {
        "geoid": "7500000US110010048021005",
        "block": "1005",
        "tract": "004802",
        "population": 39,
        "matched_tile_id": 1082
      }
    },
    {
      "type": "Feature",
      "geometry": {
        "type": "Point",
        "coordinates": [
          -77.015083,
          38.905561
        ]
      },
      "properties": {
        "geoid": "7500000US110010048021004",
        "block": "1004",
        "tract": "004802",
        "population": 0,
        "matched_tile_id": 1115
      }
    },
    {
      "type": "Feature",
      "geometry": {
        "type": "Point",
        "coordinates": [
          -77.013638,
          38.905795
        ]
      },
      "properties": {
        "geoid": "7500000US110010047042004",
        "block": "2004",
        "tract": "004704",
        "population": 0,
        "matched_tile_id": 1117
      }
    },
    {
      "type": "Feature",
      "geometry": {
        "type": "Point",
        "coordinates": [
          -76.997278,
          38.898428
        ]
      },
      "properties": {
        "geoid": "7500000US110010083022002",
        "block": "2002",
        "tract": "008302",
        "population": 0,
        "matched_tile_id": 834
      }
    },
    {
      "type": "Feature",
      "geometry": {
        "type": "Point",
        "coordinates": [
          -76.994037,
          38.899414
        ]
      },
      "properties": {
        "geoid": "7500000US110010084022001",
        "block": "2001",
        "tract": "008402",
        "population": 370,
        "matched_tile_id": 870
      }
    },
    {
      "type": "Feature",
      "geometry": {
        "type": "Point",
        "coordinates": [
          -76.995593,
          38.899295
        ]
      },
      "properties": {
        "geoid": "7500000US110010083022000",
        "block": "2000",
        "tract": "008302",
        "population": 118,
        "matched_tile_id": 868
      }
    },
    {
      "type": "Feature",
      "geometry": {
        "type": "Point",
        "coordinates": [
          -76.992006,
          38.899493
        ]
      },
      "properties": {
        "geoid": "7500000US110010084022000",
        "block": "2000",
        "tract": "008402",
        "population": 123,
        "matched_tile_id": 871
      }
    },
    {
      "type": "Feature",
      "geometry": {
        "type": "Point",
        "coordinates": [
          -76.997304,
          38.899503
        ]
      },
      "properties": {
        "geoid": "7500000US110010083022001",
        "block": "2001",
        "tract": "008302",
        "population": 549,
        "matched_tile_id": 900
      }
    },
    {
      "type": "Feature",
      "geometry": {
        "type": "Point",
        "coordinates": [
          -76.99889,
          38.899597
        ]
      },
      "properties": {
        "geoid": "7500000US110010083011000",
        "block": "1000",
        "tract": "008301",
        "population": 149,
        "matched_tile_id": 898
      }
    },
    {
      "type": "Feature",
      "geometry": {
        "type": "Point",
        "coordinates": [
          -76.992027,
          38.900975
        ]
      },
      "properties": {
        "geoid": "7500000US110010084101013",
        "block": "1013",
        "tract": "008410",
        "population": 97,
        "matched_tile_id": 937
      }
    },
    {
      "type": "Feature",
      "geometry": {
        "type": "Point",
        "coordinates": [
          -76.993511,
          38.90077
        ]
      },
      "properties": {
        "geoid": "7500000US110010084101012",
        "block": "1012",
        "tract": "008410",
        "population": 93,
        "matched_tile_id": 936
      }
    },
    {
      "type": "Feature",
      "geometry": {
        "type": "Point",
        "coordinates": [
          -76.994222,
          38.900943
        ]
      },
      "properties": {
        "geoid": "7500000US110010084101011",
        "block": "1011",
        "tract": "008410",
        "population": 110,
        "matched_tile_id": 935
      }
    },
    {
      "type": "Feature",
      "geometry": {
        "type": "Point",
        "coordinates": [
          -76.997772,
          38.900718
        ]
      },
      "properties": {
        "geoid": "7500000US110010106022005",
        "block": "2005",
        "tract": "010602",
        "population": 694,
        "matched_tile_id": 932
      }
    },
    {
      "type": "Feature",
      "geometry": {
        "type": "Point",
        "coordinates": [
          -76.995767,
          38.900797
        ]
      },
      "properties": {
        "geoid": "7500000US110010106022004",
        "block": "2004",
        "tract": "010602",
        "population": 40,
        "matched_tile_id": 934
      }
    },
    {
      "type": "Feature",
      "geometry": {
        "type": "Point",
        "coordinates": [
          -76.998884,
          38.900943
        ]
      },
      "properties": {
        "geoid": "7500000US110010106023008",
        "block": "3008",
        "tract": "010602",
        "population": 67,
        "matched_tile_id": 931
      }
    },
    {
      "type": "Feature",
      "geometry": {
        "type": "Point",
        "coordinates": [
          -76.992151,
          38.901963
        ]
      },
      "properties": {
        "geoid": "7500000US110010084101014",
        "block": "1014",
        "tract": "008410",
        "population": 88,
        "matched_tile_id": 970
      }
    },
    {
      "type": "Feature",
      "geometry": {
        "type": "Point",
        "coordinates": [
          -76.993375,
          38.902099
        ]
      },
      "properties": {
        "geoid": "7500000US110010084101009",
        "block": "1009",
        "tract": "008410",
        "population": 141,
        "matched_tile_id": 969
      }
    },
    {
      "type": "Feature",
      "geometry": {
        "type": "Point",
        "coordinates": [
          -76.998917,
          38.901785
        ]
      },
      "properties": {
        "geoid": "7500000US110010106023000",
        "block": "3000",
        "tract": "010602",
        "population": 121,
        "matched_tile_id": 964
      }
    },
    {
      "type": "Feature",
      "geometry": {
        "type": "Point",
        "coordinates": [
          -76.997825,
          38.901907
        ]
      },
      "properties": {
        "geoid": "7500000US110010106022002",
        "block": "2002",
        "tract": "010602",
        "population": 198,
        "matched_tile_id": 965
      }
    },
    {
      "type": "Feature",
      "geometry": {
        "type": "Point",
        "coordinates": [
          -76.994401,
          38.901982
        ]
      },
      "properties": {
        "geoid": "7500000US110010084101010",
        "block": "1010",
        "tract": "008410",
        "population": 96,
        "matched_tile_id": 968
      }
    },
    {
      "type": "Feature",
      "geometry": {
        "type": "Point",
        "coordinates": [
          -76.995542,
          38.902082
        ]
      },
      "properties": {
        "geoid": "7500000US110010106022003",
        "block": "2003",
        "tract": "010602",
        "population": 132,
        "matched_tile_id": 967
      }
    },
    {
      "type": "Feature",
      "geometry": {
        "type": "Point",
        "coordinates": [
          -76.994233,
          38.902941
        ]
      },
      "properties": {
        "geoid": "7500000US110010084101007",
        "block": "1007",
        "tract": "008410",
        "population": 45,
        "matched_tile_id": 1001
      }
    },
    {
      "type": "Feature",
      "geometry": {
        "type": "Point",
        "coordinates": [
          -76.993268,
          38.90276
        ]
      },
      "properties": {
        "geoid": "7500000US110010084101008",
        "block": "1008",
        "tract": "008410",
        "population": 53,
        "matched_tile_id": 1002
      }
    },
    {
      "type": "Feature",
      "geometry": {
        "type": "Point",
        "coordinates": [
          -77.028737,
          38.895628
        ]
      },
      "properties": {
        "geoid": "7500000US110010058023003",
        "block": "3003",
        "tract": "005802",
        "population": 0,
        "matched_tile_id": 740
      }
    },
    {
      "type": "Feature",
      "geometry": {
        "type": "Point",
        "coordinates": [
          -77.028984,
          38.896769
        ]
      },
      "properties": {
        "geoid": "7500000US110010058021006",
        "block": "1006",
        "tract": "005802",
        "population": 0,
        "matched_tile_id": 773
      }
    },
    {
      "type": "Feature",
      "geometry": {
        "type": "Point",
        "coordinates": [
          -77.028821,
          38.900071
        ]
      },
      "properties": {
        "geoid": "7500000US110010058021001",
        "block": "1001",
        "tract": "005802",
        "population": 0,
        "matched_tile_id": 905
      }
    },
    {
      "type": "Feature",
      "geometry": {
        "type": "Point",
        "coordinates": [
          -77.029165,
          38.90087
        ]
      },
      "properties": {
        "geoid": "7500000US110010101002008",
        "block": "2008",
        "tract": "010100",
        "population": 0,
        "matched_tile_id": 938
      }
    },
    {
      "type": "Feature",
      "geometry": {
        "type": "Point",
        "coordinates": [
          -77.02889,
          38.899264
        ]
      },
      "properties": {
        "geoid": "7500000US110010058021002",
        "block": "1002",
        "tract": "005802",
        "population": 0,
        "matched_tile_id": 872
      }
    },
    {
      "type": "Feature",
      "geometry": {
        "type": "Point",
        "coordinates": [
          -77.028775,
          38.903157
        ]
      },
      "properties": {
        "geoid": "7500000US110010101002004",
        "block": "2004",
        "tract": "010100",
        "population": 15,
        "matched_tile_id": 1004
      }
    },
    {
      "type": "Feature",
      "geometry": {
        "type": "Point",
        "coordinates": [
          -77.028867,
          38.902009
        ]
      },
      "properties": {
        "geoid": "7500000US110010101002007",
        "block": "2007",
        "tract": "010100",
        "population": 0,
        "matched_tile_id": 971
      }
    },
    {
      "type": "Feature",
      "geometry": {
        "type": "Point",
        "coordinates": [
          -77.028837,
          38.897733
        ]
      },
      "properties": {
        "geoid": "7500000US110010058021005",
        "block": "1005",
        "tract": "005802",
        "population": 0,
        "matched_tile_id": 806
      }
    },
    {
      "type": "Feature",
      "geometry": {
        "type": "Point",
        "coordinates": [
          -77.027631,
          38.897767
        ]
      },
      "properties": {
        "geoid": "7500000US110010058021004",
        "block": "1004",
        "tract": "005802",
        "population": 0,
        "matched_tile_id": 807
      }
    },
    {
      "type": "Feature",
      "geometry": {
        "type": "Point",
        "coordinates": [
          -77.027624,
          38.896853
        ]
      },
      "properties": {
        "geoid": "7500000US110010058021007",
        "block": "1007",
        "tract": "005802",
        "population": 0,
        "matched_tile_id": 774
      }
    },
    {
      "type": "Feature",
      "geometry": {
        "type": "Point",
        "coordinates": [
          -77.027716,
          38.899262
        ]
      },
      "properties": {
        "geoid": "7500000US110010058021003",
        "block": "1003",
        "tract": "005802",
        "population": 0,
        "matched_tile_id": 873
      }
    },
    {
      "type": "Feature",
      "geometry": {
        "type": "Point",
        "coordinates": [
          -77.027736,
          38.90314
        ]
      },
      "properties": {
        "geoid": "7500000US110010101002005",
        "block": "2005",
        "tract": "010100",
        "population": 0,
        "matched_tile_id": 1005
      }
    },
    {
      "type": "Feature",
      "geometry": {
        "type": "Point",
        "coordinates": [
          -77.027635,
          38.900245
        ]
      },
      "properties": {
        "geoid": "7500000US110010058021000",
        "block": "1000",
        "tract": "005802",
        "population": 0,
        "matched_tile_id": 906
      }
    },
    {
      "type": "Feature",
      "geometry": {
        "type": "Point",
        "coordinates": [
          -77.027647,
          38.90212
        ]
      },
      "properties": {
        "geoid": "7500000US110010101002006",
        "block": "2006",
        "tract": "010100",
        "population": 188,
        "matched_tile_id": 972
      }
    },
    {
      "type": "Feature",
      "geometry": {
        "type": "Point",
        "coordinates": [
          -77.027541,
          38.901158
        ]
      },
      "properties": {
        "geoid": "7500000US110010101002009",
        "block": "2009",
        "tract": "010100",
        "population": 0,
        "matched_tile_id": 939
      }
    },
    {
      "type": "Feature",
      "geometry": {
        "type": "Point",
        "coordinates": [
          -77.026664,
          38.903417
        ]
      },
      "properties": {
        "geoid": "7500000US110010101002001",
        "block": "2001",
        "tract": "010100",
        "population": 245,
        "matched_tile_id": 1006
      }
    },
    {
      "type": "Feature",
      "geometry": {
        "type": "Point",
        "coordinates": [
          -77.026549,
          38.903977
        ]
      },
      "properties": {
        "geoid": "7500000US110010049023003",
        "block": "3003",
        "tract": "004902",
        "population": 0,
        "matched_tile_id": 1039
      }
    },
    {
      "type": "Feature",
      "geometry": {
        "type": "Point",
        "coordinates": [
          -77.026598,
          38.901769
        ]
      },
      "properties": {
        "geoid": "7500000US110010101002010",
        "block": "2010",
        "tract": "010100",
        "population": 0,
        "matched_tile_id": 973
      }
    },
    {
      "type": "Feature",
      "geometry": {
        "type": "Point",
        "coordinates": [
          -77.019422,
          38.895318
        ]
      },
      "properties": {
        "geoid": "7500000US110010058011000",
        "block": "1000",
        "tract": "005801",
        "population": 0,
        "matched_tile_id": 715
      }
    },
    {
      "type": "Feature",
      "geometry": {
        "type": "Point",
        "coordinates": [
          -77.020745,
          38.895318
        ]
      },
      "properties": {
        "geoid": "7500000US110010058011001",
        "block": "1001",
        "tract": "005801",
        "population": 530,
        "matched_tile_id": 714
      }
    },
    {
      "type": "Feature",
      "geometry": {
        "type": "Point",
        "coordinates": [
          -77.022531,
          38.895509
        ]
      },
      "properties": {
        "geoid": "7500000US110010058024000",
        "block": "4000",
        "tract": "005802",
        "population": 302,
        "matched_tile_id": 746
      }
    },
    {
      "type": "Feature",
      "geometry": {
        "type": "Point",
        "coordinates": [
          -77.023609,
          38.89541
        ]
      },
      "properties": {
        "geoid": "7500000US110010058024001",
        "block": "4001",
        "tract": "005802",
        "population": 159,
        "matched_tile_id": 745
      }
    },
    {
      "type": "Feature",
      "geometry": {
        "type": "Point",
        "coordinates": [
          -77.019508,
          38.896756
        ]
      },
      "properties": {
        "geoid": "7500000US110010058012007",
        "block": "2007",
        "tract": "005801",
        "population": 0,
        "matched_tile_id": 781
      }
    },
    {
      "type": "Feature",
      "geometry": {
        "type": "Point",
        "coordinates": [
          -77.017794,
          38.896746
        ]
      },
      "properties": {
        "geoid": "7500000US110010059002011",
        "block": "2011",
        "tract": "005900",
        "population": 0,
        "matched_tile_id": 783
      }
    },
    {
      "type": "Feature",
      "geometry": {
        "type": "Point",
        "coordinates": [
          -77.021079,
          38.896851
        ]
      },
      "properties": {
        "geoid": "7500000US110010058012008",
        "block": "2008",
        "tract": "005801",
        "population": 50,
        "matched_tile_id": 780
      }
    },
    {
      "type": "Feature",
      "geometry": {
        "type": "Point",
        "coordinates": [
          -77.02233,
          38.896613
        ]
      },
      "properties": {
        "geoid": "7500000US110010058025019",
        "block": "5019",
        "tract": "005802",
        "population": 0,
        "matched_tile_id": 779
      }
    },
    {
      "type": "Feature",
      "geometry": {
        "type": "Point",
        "coordinates": [
          -77.026415,
          38.896606
        ]
      },
      "properties": {
        "geoid": "7500000US110010058025016",
        "block": "5016",
        "tract": "005802",
        "population": 0,
        "matched_tile_id": 775
      }
    },
    {
      "type": "Feature",
      "geometry": {
        "type": "Point",
        "coordinates": [
          -77.023631,
          38.896782
        ]
      },
      "properties": {
        "geoid": "7500000US110010058025020",
        "block": "5020",
        "tract": "005802",
        "population": 18,
        "matched_tile_id": 778
      }
    },
    {
      "type": "Feature",
      "geometry": {
        "type": "Point",
        "coordinates": [
          -77.025266,
          38.896611
        ]
      },
      "properties": {
        "geoid": "7500000US110010058025017",
        "block": "5017",
        "tract": "005802",
        "population": 294,
        "matched_tile_id": 776
      }
    },
    {
      "type": "Feature",
      "geometry": {
        "type": "Point",
        "coordinates": [
          -77.022918,
          38.89778
        ]
      },
      "properties": {
        "geoid": "7500000US110010058025014",
        "block": "5014",
        "tract": "005802",
        "population": 0,
        "matched_tile_id": 811
      }
    },
    {
      "type": "Feature",
      "geometry": {
        "type": "Point",
        "coordinates": [
          -77.021148,
          38.89831
        ]
      },
      "properties": {
        "geoid": "7500000US110010058012005",
        "block": "2005",
        "tract": "005801",
        "population": 245,
        "matched_tile_id": 846
      }
    },
    {
      "type": "Feature",
      "geometry": {
        "type": "Point",
        "coordinates": [
          -77.024894,
          38.8977
        ]
      },
      "properties": {
        "geoid": "7500000US110010058025018",
        "block": "5018",
        "tract": "005802",
        "population": 15,
        "matched_tile_id": 810
      }
    },
    {
      "type": "Feature",
      "geometry": {
        "type": "Point",
        "coordinates": [
          -77.017707,
          38.897862
        ]
      },
      "properties": {
        "geoid": "7500000US110010059002008",
        "block": "2008",
        "tract": "005900",
        "population": 0,
        "matched_tile_id": 816
      }
    },
    {
      "type": "Feature",
      "geometry": {
        "type": "Point",
        "coordinates": [
          -77.019485,
          38.897906
        ]
      },
      "properties": {
        "geoid": "7500000US110010058012006",
        "block": "2006",
        "tract": "005801",
        "population": 0,
        "matched_tile_id": 814
      }
    },
    {
      "type": "Feature",
      "geometry": {
        "type": "Point",
        "coordinates": [
          -77.026545,
          38.897954
        ]
      },
      "properties": {
        "geoid": "7500000US110010058025015",
        "block": "5015",
        "tract": "005802",
        "population": 10,
        "matched_tile_id": 808
      }
    },
    {
      "type": "Feature",
      "geometry": {
        "type": "Point",
        "coordinates": [
          -77.024948,
          38.898005
        ]
      },
      "properties": {
        "geoid": "7500000US110010058025013",
        "block": "5013",
        "tract": "005802",
        "population": 170,
        "matched_tile_id": 810
      }
    },
    {
      "type": "Feature",
      "geometry": {
        "type": "Point",
        "coordinates": [
          -77.019414,
          38.899112
        ]
      },
      "properties": {
        "geoid": "7500000US110010058012004",
        "block": "2004",
        "tract": "005801",
        "population": 348,
        "matched_tile_id": 880
      }
    },
    {
      "type": "Feature",
      "geometry": {
        "type": "Point",
        "coordinates": [
          -77.017547,
          38.89918
        ]
      },
      "properties": {
        "geoid": "7500000US110010059002007",
        "block": "2007",
        "tract": "005900",
        "population": 44,
        "matched_tile_id": 882
      }
    },
    {
      "type": "Feature",
      "geometry": {
        "type": "Point",
        "coordinates": [
          -77.026522,
          38.899184
        ]
      },
      "properties": {
        "geoid": "7500000US110010058025011",
        "block": "5011",
        "tract": "005802",
        "population": 0,
        "matched_tile_id": 874
      }
    },
    {
      "type": "Feature",
      "geometry": {
        "type": "Point",
        "coordinates": [
          -77.024986,
          38.898771
        ]
      },
      "properties": {
        "geoid": "7500000US110010058025012",
        "block": "5012",
        "tract": "005802",
        "population": 0,
        "matched_tile_id": 843
      }
    },
    {
      "type": "Feature",
      "geometry": {
        "type": "Point",
        "coordinates": [
          -77.022482,
          38.899342
        ]
      },
      "properties": {
        "geoid": "7500000US110010058025008",
        "block": "5008",
        "tract": "005802",
        "population": 11,
        "matched_tile_id": 878
      }
    },
    {
      "type": "Feature",
      "geometry": {
        "type": "Point",
        "coordinates": [
          -77.023518,
          38.899276
        ]
      },
      "properties": {
        "geoid": "7500000US110010058025009",
        "block": "5009",
        "tract": "005802",
        "population": 14,
        "matched_tile_id": 877
      }
    },
    {
      "type": "Feature",
      "geometry": {
        "type": "Point",
        "coordinates": [
          -77.025056,
          38.899537
        ]
      },
      "properties": {
        "geoid": "7500000US110010058025010",
        "block": "5010",
        "tract": "005802",
        "population": 51,
        "matched_tile_id": 876
      }
    },
    {
      "type": "Feature",
      "geometry": {
        "type": "Point",
        "coordinates": [
          -77.015957,
          38.899914
        ]
      },
      "properties": {
        "geoid": "7500000US110010059001000",
        "block": "1000",
        "tract": "005900",
        "population": 0,
        "matched_tile_id": 883
      }
    },
    {
      "type": "Feature",
      "geometry": {
        "type": "Point",
        "coordinates": [
          -77.019415,
          38.900213
        ]
      },
      "properties": {
        "geoid": "7500000US110010058012003",
        "block": "2003",
        "tract": "005801",
        "population": 108,
        "matched_tile_id": 913
      }
    },
    {
      "type": "Feature",
      "geometry": {
        "type": "Point",
        "coordinates": [
          -77.023475,
          38.900378
        ]
      },
      "properties": {
        "geoid": "7500000US110010058025006",
        "block": "5006",
        "tract": "005802",
        "population": 13,
        "matched_tile_id": 910
      }
    },
    {
      "type": "Feature",
      "geometry": {
        "type": "Point",
        "coordinates": [
          -77.024917,
          38.900211
        ]
      },
      "properties": {
        "geoid": "7500000US110010058025005",
        "block": "5005",
        "tract": "005802",
        "population": 865,
        "matched_tile_id": 909
      }
    },
    {
      "type": "Feature",
      "geometry": {
        "type": "Point",
        "coordinates": [
          -77.021133,
          38.900527
        ]
      },
      "properties": {
        "geoid": "7500000US110010058012002",
        "block": "2002",
        "tract": "005801",
        "population": 238,
        "matched_tile_id": 912
      }
    },
    {
      "type": "Feature",
      "geometry": {
        "type": "Point",
        "coordinates": [
          -77.026668,
          38.900114
        ]
      },
      "properties": {
        "geoid": "7500000US110010058025004",
        "block": "5004",
        "tract": "005802",
        "population": 0,
        "matched_tile_id": 907
      }
    },
    {
      "type": "Feature",
      "geometry": {
        "type": "Point",
        "coordinates": [
          -77.006882,
          38.89641
        ]
      },
      "properties": {
        "geoid": "7500000US110010106031009",
        "block": "1009",
        "tract": "010603",
        "population": 0,
        "matched_tile_id": 759
      }
    },
    {
      "type": "Feature",
      "geometry": {
        "type": "Point",
        "coordinates": [
          -77.005422,
          38.89777
        ]
      },
      "properties": {
        "geoid": "7500000US110010106031006",
        "block": "1006",
        "tract": "010603",
        "population": 48,
        "matched_tile_id": 827
      }
    },
    {
      "type": "Feature",
      "geometry": {
        "type": "Point",
        "coordinates": [
          -77.006709,
          38.896003
        ]
      },
      "properties": {
        "geoid": "7500000US110019800001003",
        "block": "1003",
        "tract": "980000",
        "population": 0,
        "matched_tile_id": 759
      }
    },
    {
      "type": "Feature",
      "geometry": {
        "type": "Point",
        "coordinates": [
          -77.005972,
          38.901495
        ]
      },
      "properties": {
        "geoid": "7500000US110010106031002",
        "block": "1002",
        "tract": "010603",
        "population": 0,
        "matched_tile_id": 958
      }
    },
    {
      "type": "Feature",
      "geometry": {
        "type": "Point",
        "coordinates": [
          -77.004762,
          38.901332
        ]
      },
      "properties": {
        "geoid": "7500000US110010106031001",
        "block": "1001",
        "tract": "010603",
        "population": 0,
        "matched_tile_id": 959
      }
    },
    {
      "type": "Feature",
      "geometry": {
        "type": "Point",
        "coordinates": [
          -77.005405,
          38.896052
        ]
      },
      "properties": {
        "geoid": "7500000US110019800001001",
        "block": "1001",
        "tract": "980000",
        "population": 0,
        "matched_tile_id": 761
      }
    },
    {
      "type": "Feature",
      "geometry": {
        "type": "Point",
        "coordinates": [
          -77.004624,
          38.896214
        ]
      },
      "properties": {
        "geoid": "7500000US110019800001000",
        "block": "1000",
        "tract": "980000",
        "population": 0,
        "matched_tile_id": 761
      }
    },
    {
      "type": "Feature",
      "geometry": {
        "type": "Point",
        "coordinates": [
          -77.003799,
          38.901326
        ]
      },
      "properties": {
        "geoid": "7500000US110010106031000",
        "block": "1000",
        "tract": "010603",
        "population": 0,
        "matched_tile_id": 960
      }
    },
    {
      "type": "Feature",
      "geometry": {
        "type": "Point",
        "coordinates": [
          -77.003036,
          38.901667
        ]
      },
      "properties": {
        "geoid": "7500000US110010106023004",
        "block": "3004",
        "tract": "010602",
        "population": 94,
        "matched_tile_id": 961
      }
    },
    {
      "type": "Feature",
      "geometry": {
        "type": "Point",
        "coordinates": [
          -77.002767,
          38.900764
        ]
      },
      "properties": {
        "geoid": "7500000US110010106023005",
        "block": "3005",
        "tract": "010602",
        "population": 729,
        "matched_tile_id": 928
      }
    },
    {
      "type": "Feature",
      "geometry": {
        "type": "Point",
        "coordinates": [
          -77.002922,
          38.902239
        ]
      },
      "properties": {
        "geoid": "7500000US110010106023003",
        "block": "3003",
        "tract": "010602",
        "population": 66,
        "matched_tile_id": 994
      }
    },
    {
      "type": "Feature",
      "geometry": {
        "type": "Point",
        "coordinates": [
          -77.002843,
          38.899668
        ]
      },
      "properties": {
        "geoid": "7500000US110010083011003",
        "block": "1003",
        "tract": "008301",
        "population": 620,
        "matched_tile_id": 895
      }
    },
    {
      "type": "Feature",
      "geometry": {
        "type": "Point",
        "coordinates": [
          -77.002969,
          38.897939
        ]
      },
      "properties": {
        "geoid": "7500000US110010083011004",
        "block": "1004",
        "tract": "008301",
        "population": 114,
        "matched_tile_id": 829
      }
    },
    {
      "type": "Feature",
      "geometry": {
        "type": "Point",
        "coordinates": [
          -77.002746,
          38.896457
        ]
      },
      "properties": {
        "geoid": "7500000US110010083012008",
        "block": "2008",
        "tract": "008301",
        "population": 80,
        "matched_tile_id": 763
      }
    },
    {
      "type": "Feature",
      "geometry": {
        "type": "Point",
        "coordinates": [
          -77.002839,
          38.897026
        ]
      },
      "properties": {
        "geoid": "7500000US110010083012003",
        "block": "2003",
        "tract": "008301",
        "population": 78,
        "matched_tile_id": 796
      }
    },
    {
      "type": "Feature",
      "geometry": {
        "type": "Point",
        "coordinates": [
          -77.001405,
          38.899607
        ]
      },
      "properties": {
        "geoid": "7500000US110010083011002",
        "block": "1002",
        "tract": "008301",
        "population": 318,
        "matched_tile_id": 896
      }
    },
    {
      "type": "Feature",
      "geometry": {
        "type": "Point",
        "coordinates": [
          -77.00114,
          38.898391
        ]
      },
      "properties": {
        "geoid": "7500000US110010083011005",
        "block": "1005",
        "tract": "008301",
        "population": 328,
        "matched_tile_id": 830
      }
    },
    {
      "type": "Feature",
      "geometry": {
        "type": "Point",
        "coordinates": [
          -77.001295,
          38.900733
        ]
      },
      "properties": {
        "geoid": "7500000US110010106023006",
        "block": "3006",
        "tract": "010602",
        "population": 382,
        "matched_tile_id": 929
      }
    },
    {
      "type": "Feature",
      "geometry": {
        "type": "Point",
        "coordinates": [
          -77.001574,
          38.895327
        ]
      },
      "properties": {
        "geoid": "7500000US110010083012010",
        "block": "2010",
        "tract": "008301",
        "population": 184,
        "matched_tile_id": 731
      }
    },
    {
      "type": "Feature",
      "geometry": {
        "type": "Point",
        "coordinates": [
          -77.001408,
          38.897128
        ]
      },
      "properties": {
        "geoid": "7500000US110010083012002",
        "block": "2002",
        "tract": "008301",
        "population": 78,
        "matched_tile_id": 797
      }
    },
    {
      "type": "Feature",
      "geometry": {
        "type": "Point",
        "coordinates": [
          -77.001396,
          38.901979
        ]
      },
      "properties": {
        "geoid": "7500000US110010106023002",
        "block": "3002",
        "tract": "010602",
        "population": 287,
        "matched_tile_id": 962
      }
    },
    {
      "type": "Feature",
      "geometry": {
        "type": "Point",
        "coordinates": [
          -77.001896,
          38.896782
        ]
      },
      "properties": {
        "geoid": "7500000US110010083012007",
        "block": "2007",
        "tract": "008301",
        "population": 42,
        "matched_tile_id": 797
      }
    },
    {
      "type": "Feature",
      "geometry": {
        "type": "Point",
        "coordinates": [
          -77.001416,
          38.896305
        ]
      },
      "properties": {
        "geoid": "7500000US110010083012004",
        "block": "2004",
        "tract": "008301",
        "population": 71,
        "matched_tile_id": 764
      }
    },
    {
      "type": "Feature",
      "geometry": {
        "type": "Point",
        "coordinates": [
          -77.001341,
          38.896785
        ]
      },
      "properties": {
        "geoid": "7500000US110010083012006",
        "block": "2006",
        "tract": "008301",
        "population": 41,
        "matched_tile_id": 797
      }
    },
    {
      "type": "Feature",
      "geometry": {
        "type": "Point",
        "coordinates": [
          -77.000856,
          38.896792
        ]
      },
      "properties": {
        "geoid": "7500000US110010083012005",
        "block": "2005",
        "tract": "008301",
        "population": 39,
        "matched_tile_id": 798
      }
    },
    {
      "type": "Feature",
      "geometry": {
        "type": "Point",
        "coordinates": [
          -77.000225,
          38.898256
        ]
      },
      "properties": {
        "geoid": "7500000US110010083011006",
        "block": "1006",
        "tract": "008301",
        "population": 195,
        "matched_tile_id": 831
      }
    },
    {
      "type": "Feature",
      "geometry": {
        "type": "Point",
        "coordinates": [
          -77.000215,
          38.895332
        ]
      },
      "properties": {
        "geoid": "7500000US110010083012011",
        "block": "2011",
        "tract": "008301",
        "population": 53,
        "matched_tile_id": 732
      }
    },
    {
      "type": "Feature",
      "geometry": {
        "type": "Point",
        "coordinates": [
          -77.000241,
          38.900787
        ]
      },
      "properties": {
        "geoid": "7500000US110010106023007",
        "block": "3007",
        "tract": "010602",
        "population": 98,
        "matched_tile_id": 930
      }
    },
    {
      "type": "Feature",
      "geometry": {
        "type": "Point",
        "coordinates": [
          -77.000083,
          38.901874
        ]
      },
      "properties": {
        "geoid": "7500000US110010106023001",
        "block": "3001",
        "tract": "010602",
        "population": 88,
        "matched_tile_id": 963
      }
    },
    {
      "type": "Feature",
      "geometry": {
        "type": "Point",
        "coordinates": [
          -77.000255,
          38.899571
        ]
      },
      "properties": {
        "geoid": "7500000US110010083011001",
        "block": "1001",
        "tract": "008301",
        "population": 103,
        "matched_tile_id": 897
      }
    },
    {
      "type": "Feature",
      "geometry": {
        "type": "Point",
        "coordinates": [
          -77.000139,
          38.896553
        ]
      },
      "properties": {
        "geoid": "7500000US110010083012001",
        "block": "2001",
        "tract": "008301",
        "population": 0,
        "matched_tile_id": 765
      }
    },
    {
      "type": "Feature",
      "geometry": {
        "type": "Point",
        "coordinates": [
          -76.993186,
          38.895394
        ]
      },
      "properties": {
        "geoid": "7500000US110010081001003",
        "block": "1003",
        "tract": "008100",
        "population": 135,
        "matched_tile_id": 738
      }
    },
    {
      "type": "Feature",
      "geometry": {
        "type": "Point",
        "coordinates": [
          -76.999087,
          38.89561
        ]
      },
      "properties": {
        "geoid": "7500000US110010083012013",
        "block": "2013",
        "tract": "008301",
        "population": 132,
        "matched_tile_id": 733
      }
    },
    {
      "type": "Feature",
      "geometry": {
        "type": "Point",
        "coordinates": [
          -76.999895,
          38.895451
        ]
      },
      "properties": {
        "geoid": "7500000US110010083012012",
        "block": "2012",
        "tract": "008301",
        "population": 62,
        "matched_tile_id": 732
      }
    },
    {
      "type": "Feature",
      "geometry": {
        "type": "Point",
        "coordinates": [
          -76.995621,
          38.89568
        ]
      },
      "properties": {
        "geoid": "7500000US110010083021004",
        "block": "1004",
        "tract": "008302",
        "population": 101,
        "matched_tile_id": 736
      }
    },
    {
      "type": "Feature",
      "geometry": {
        "type": "Point",
        "coordinates": [
          -76.993456,
          38.896055
        ]
      },
      "properties": {
        "geoid": "7500000US110010084022009",
        "block": "2009",
        "tract": "008402",
        "population": 0,
        "matched_tile_id": 771
      }
    },
    {
      "type": "Feature",
      "geometry": {
        "type": "Point",
        "coordinates": [
          -76.997404,
          38.895808
        ]
      },
      "properties": {
        "geoid": "7500000US110010083021003",
        "block": "1003",
        "tract": "008302",
        "population": 185,
        "matched_tile_id": 734
      }
    },
    {
      "type": "Feature",
      "geometry": {
        "type": "Point",
        "coordinates": [
          -76.994518,
          38.895936
        ]
      },
      "properties": {
        "geoid": "7500000US110010084022010",
        "block": "2010",
        "tract": "008402",
        "population": 21,
        "matched_tile_id": 770
      }
    },
    {
      "type": "Feature",
      "geometry": {
        "type": "Point",
        "coordinates": [
          -76.993398,
          38.896672
        ]
      },
      "properties": {
        "geoid": "7500000US110010084022007",
        "block": "2007",
        "tract": "008402",
        "population": 122,
        "matched_tile_id": 771
      }
    },
    {
      "type": "Feature",
      "geometry": {
        "type": "Point",
        "coordinates": [
          -76.999024,
          38.896797
        ]
      },
      "properties": {
        "geoid": "7500000US110010083012000",
        "block": "2000",
        "tract": "008301",
        "population": 170,
        "matched_tile_id": 799
      }
    },
    {
      "type": "Feature",
      "geometry": {
        "type": "Point",
        "coordinates": [
          -76.997377,
          38.896525
        ]
      },
      "properties": {
        "geoid": "7500000US110010083021002",
        "block": "1002",
        "tract": "008302",
        "population": 191,
        "matched_tile_id": 768
      }
    },
    {
      "type": "Feature",
      "geometry": {
        "type": "Point",
        "coordinates": [
          -76.995769,
          38.896881
        ]
      },
      "properties": {
        "geoid": "7500000US110010083021000",
        "block": "1000",
        "tract": "008302",
        "population": 115,
        "matched_tile_id": 802
      }
    },
    {
      "type": "Feature",
      "geometry": {
        "type": "Point",
        "coordinates": [
          -76.994301,
          38.896721
        ]
      },
      "properties": {
        "geoid": "7500000US110010084022006",
        "block": "2006",
        "tract": "008402",
        "population": 103,
        "matched_tile_id": 770
      }
    },
    {
      "type": "Feature",
      "geometry": {
        "type": "Point",
        "coordinates": [
          -76.992165,
          38.896281
        ]
      },
      "properties": {
        "geoid": "7500000US110010081001001",
        "block": "1001",
        "tract": "008100",
        "population": 32,
        "matched_tile_id": 772
      }
    },
    {
      "type": "Feature",
      "geometry": {
        "type": "Point",
        "coordinates": [
          -76.992198,
          38.897005
        ]
      },
      "properties": {
        "geoid": "7500000US110010084022008",
        "block": "2008",
        "tract": "008402",
        "population": 42,
        "matched_tile_id": 805
      }
    },
    {
      "type": "Feature",
      "geometry": {
        "type": "Point",
        "coordinates": [
          -76.997532,
          38.897046
        ]
      },
      "properties": {
        "geoid": "7500000US110010083021001",
        "block": "1001",
        "tract": "008302",
        "population": 193,
        "matched_tile_id": 800
      }
    },
    {
      "type": "Feature",
      "geometry": {
        "type": "Point",
        "coordinates": [
          -76.992166,
          38.898026
        ]
      },
      "properties": {
        "geoid": "7500000US110010084022002",
        "block": "2002",
        "tract": "008402",
        "population": 249,
        "matched_tile_id": 838
      }
    },
    {
      "type": "Feature",
      "geometry": {
        "type": "Point",
        "coordinates": [
          -76.998909,
          38.898135
        ]
      },
      "properties": {
        "geoid": "7500000US110010083011007",
        "block": "1007",
        "tract": "008301",
        "population": 170,
        "matched_tile_id": 832
      }
    },
    {
      "type": "Feature",
      "geometry": {
        "type": "Point",
        "coordinates": [
          -76.99755,
          38.897761
        ]
      },
      "properties": {
        "geoid": "7500000US110010083022004",
        "block": "2004",
        "tract": "008302",
        "population": 258,
        "matched_tile_id": 833
      }
    },
    {
      "type": "Feature",
      "geometry": {
        "type": "Point",
        "coordinates": [
          -76.994635,
          38.897947
        ]
      },
      "properties": {
        "geoid": "7500000US110010084022005",
        "block": "2005",
        "tract": "008402",
        "population": 130,
        "matched_tile_id": 836
      }
    },
    {
      "type": "Feature",
      "geometry": {
        "type": "Point",
        "coordinates": [
          -76.994109,
          38.898127
        ]
      },
      "properties": {
        "geoid": "7500000US110010084022004",
        "block": "2004",
        "tract": "008402",
        "population": 95,
        "matched_tile_id": 836
      }
    },
    {
      "type": "Feature",
      "geometry": {
        "type": "Point",
        "coordinates": [
          -76.995642,
          38.898267
        ]
      },
      "properties": {
        "geoid": "7500000US110010083022003",
        "block": "2003",
        "tract": "008302",
        "population": 194,
        "matched_tile_id": 835
      }
    },
    {
      "type": "Feature",
      "geometry": {
        "type": "Point",
        "coordinates": [
          -76.993258,
          38.898244
        ]
      },
      "properties": {
        "geoid": "7500000US110010084022003",
        "block": "2003",
        "tract": "008402",
        "population": 0,
        "matched_tile_id": 837
      }
    },
    {
      "type": "Feature",
      "geometry": {
        "type": "Point",
        "coordinates": [
          -77.010175,
          38.895356
        ]
      },
      "properties": {
        "geoid": "7500000US110010059002022",
        "block": "2022",
        "tract": "005900",
        "population": 0,
        "matched_tile_id": 723
      }
    },
    {
      "type": "Feature",
      "geometry": {
        "type": "Point",
        "coordinates": [
          -77.014167,
          38.895601
        ]
      },
      "properties": {
        "geoid": "7500000US110010059002015",
        "block": "2015",
        "tract": "005900",
        "population": 0,
        "matched_tile_id": 753
      }
    },
    {
      "type": "Feature",
      "geometry": {
        "type": "Point",
        "coordinates": [
          -77.01456,
          38.895519
        ]
      },
      "properties": {
        "geoid": "7500000US110010059002014",
        "block": "2014",
        "tract": "005900",
        "population": 0,
        "matched_tile_id": 720
      }
    },
    {
      "type": "Feature",
      "geometry": {
        "type": "Point",
        "coordinates": [
          -77.008125,
          38.895227
        ]
      },
      "properties": {
        "geoid": "7500000US110019800001007",
        "block": "1007",
        "tract": "980000",
        "population": 0,
        "matched_tile_id": 725
      }
    },
    {
      "type": "Feature",
      "geometry": {
        "type": "Point",
        "coordinates": [
          -77.011671,
          38.895255
        ]
      },
      "properties": {
        "geoid": "7500000US110010059002023",
        "block": "2023",
        "tract": "005900",
        "population": 0,
        "matched_tile_id": 722
      }
    },
    {
      "type": "Feature",
      "geometry": {
        "type": "Point",
        "coordinates": [
          -77.008305,
          38.89595
        ]
      },
      "properties": {
        "geoid": "7500000US110019800001006",
        "block": "1006",
        "tract": "980000",
        "population": 0,
        "matched_tile_id": 758
      }
    },
    {
      "type": "Feature",
      "geometry": {
        "type": "Point",
        "coordinates": [
          -77.00939,
          38.8967
        ]
      },
      "properties": {
        "geoid": "7500000US110010059002021",
        "block": "2021",
        "tract": "005900",
        "population": 0,
        "matched_tile_id": 790
      }
    },
    {
      "type": "Feature",
      "geometry": {
        "type": "Point",
        "coordinates": [
          -77.010693,
          38.896941
        ]
      },
      "properties": {
        "geoid": "7500000US110010059002020",
        "block": "2020",
        "tract": "005900",
        "population": 123,
        "matched_tile_id": 789
      }
    },
    {
      "type": "Feature",
      "geometry": {
        "type": "Point",
        "coordinates": [
          -77.012793,
          38.89662
        ]
      },
      "properties": {
        "geoid": "7500000US110010059002018",
        "block": "2018",
        "tract": "005900",
        "population": 241,
        "matched_tile_id": 787
      }
    },
    {
      "type": "Feature",
      "geometry": {
        "type": "Point",
        "coordinates": [
          -77.012048,
          38.896801
        ]
      },
      "properties": {
        "geoid": "7500000US110010059002019",
        "block": "2019",
        "tract": "005900",
        "population": 0,
        "matched_tile_id": 788
      }
    },
    {
      "type": "Feature",
      "geometry": {
        "type": "Point",
        "coordinates": [
          -77.013833,
          38.897625
        ]
      },
      "properties": {
        "geoid": "7500000US110010059002003",
        "block": "2003",
        "tract": "005900",
        "population": 0,
        "matched_tile_id": 819
      }
    },
    {
      "type": "Feature",
      "geometry": {
        "type": "Point",
        "coordinates": [
          -77.008369,
          38.896956
        ]
      },
      "properties": {
        "geoid": "7500000US110019800001005",
        "block": "1005",
        "tract": "980000",
        "population": 0,
        "matched_tile_id": 791
      }
    },
    {
      "type": "Feature",
      "geometry": {
        "type": "Point",
        "coordinates": [
          -77.014178,
          38.898171
        ]
      },
      "properties": {
        "geoid": "7500000US110010059002004",
        "block": "2004",
        "tract": "005900",
        "population": 0,
        "matched_tile_id": 819
      }
    },
    {
      "type": "Feature",
      "geometry": {
        "type": "Point",
        "coordinates": [
          -77.015028,
          38.89797
        ]
      },
      "properties": {
        "geoid": "7500000US110010059002005",
        "block": "2005",
        "tract": "005900",
        "population": 0,
        "matched_tile_id": 818
      }
    },
    {
      "type": "Feature",
      "geometry": {
        "type": "Point",
        "coordinates": [
          -77.015691,
          38.896695
        ]
      },
      "properties": {
        "geoid": "7500000US110010059002010",
        "block": "2010",
        "tract": "005900",
        "population": 35,
        "matched_tile_id": 785
      }
    },
    {
      "type": "Feature",
      "geometry": {
        "type": "Point",
        "coordinates": [
          -77.007599,
          38.896423
        ]
      },
      "properties": {
        "geoid": "7500000US110019800001004",
        "block": "1004",
        "tract": "980000",
        "population": 0,
        "matched_tile_id": 759
      }
    },
    {
      "type": "Feature",
      "geometry": {
        "type": "Point",
        "coordinates": [
          -77.008261,
          38.898224
        ]
      },
      "properties": {
        "geoid": "7500000US110010106031008",
        "block": "1008",
        "tract": "010603",
        "population": 30,
        "matched_tile_id": 824
      }
    },
    {
      "type": "Feature",
      "geometry": {
        "type": "Point",
        "coordinates": [
          -77.012501,
          38.898069
        ]
      },
      "properties": {
        "geoid": "7500000US110010059002002",
        "block": "2002",
        "tract": "005900",
        "population": 0,
        "matched_tile_id": 820
      }
    },
    {
      "type": "Feature",
      "geometry": {
        "type": "Point",
        "coordinates": [
          -77.010672,
          38.897675
        ]
      },
      "properties": {
        "geoid": "7500000US110010059002000",
        "block": "2000",
        "tract": "005900",
        "population": 12,
        "matched_tile_id": 822
      }
    },
    {
      "type": "Feature",
      "geometry": {
        "type": "Point",
        "coordinates": [
          -77.01575,
          38.897942
        ]
      },
      "properties": {
        "geoid": "7500000US110010059002009",
        "block": "2009",
        "tract": "005900",
        "population": 0,
        "matched_tile_id": 818
      }
    },
    {
      "type": "Feature",
      "geometry": {
        "type": "Point",
        "coordinates": [
          -77.011146,
          38.898921
        ]
      },
      "properties": {
        "geoid": "7500000US110010047021006",
        "block": "1006",
        "tract": "004702",
        "population": 67,
        "matched_tile_id": 855
      }
    },
    {
      "type": "Feature",
      "geometry": {
        "type": "Point",
        "coordinates": [
          -77.011969,
          38.898581
        ]
      },
      "properties": {
        "geoid": "7500000US110010059002001",
        "block": "2001",
        "tract": "005900",
        "population": 0,
        "matched_tile_id": 854
      }
    },
    {
      "type": "Feature",
      "geometry": {
        "type": "Point",
        "coordinates": [
          -77.015635,
          38.898977
        ]
      },
      "properties": {
        "geoid": "7500000US110010059002006",
        "block": "2006",
        "tract": "005900",
        "population": 581,
        "matched_tile_id": 851
      }
    },
    {
      "type": "Feature",
      "geometry": {
        "type": "Point",
        "coordinates": [
          -77.012953,
          38.899085
        ]
      },
      "properties": {
        "geoid": "7500000US110010047021009",
        "block": "1009",
        "tract": "004702",
        "population": 0,
        "matched_tile_id": 853
      }
    },
    {
      "type": "Feature",
      "geometry": {
        "type": "Point",
        "coordinates": [
          -77.008017,
          38.899225
        ]
      },
      "properties": {
        "geoid": "7500000US110010106031007",
        "block": "1007",
        "tract": "010603",
        "population": 0,
        "matched_tile_id": 857
      }
    },
    {
      "type": "Feature",
      "geometry": {
        "type": "Point",
        "coordinates": [
          -77.01095,
          38.89944
        ]
      },
      "properties": {
        "geoid": "7500000US110010047021005",
        "block": "1005",
        "tract": "004702",
        "population": 3,
        "matched_tile_id": 888
      }
    },
    {
      "type": "Feature",
      "geometry": {
        "type": "Point",
        "coordinates": [
          -77.013139,
          38.899794
        ]
      },
      "properties": {
        "geoid": "7500000US110010047021007",
        "block": "1007",
        "tract": "004702",
        "population": 29,
        "matched_tile_id": 886
      }
    },
    {
      "type": "Feature",
      "geometry": {
        "type": "Point",
        "coordinates": [
          -77.013897,
          38.899638
        ]
      },
      "properties": {
        "geoid": "7500000US110010047022008",
        "block": "2008",
        "tract": "004702",
        "population": 0,
        "matched_tile_id": 885
      }
    },
    {
      "type": "Feature",
      "geometry": {
        "type": "Point",
        "coordinates": [
          -77.014187,
          38.899864
        ]
      },
      "properties": {
        "geoid": "7500000US110010047022007",
        "block": "2007",
        "tract": "004702",
        "population": 0,
        "matched_tile_id": 885
      }
    },
    {
      "type": "Feature",
      "geometry": {
        "type": "Point",
        "coordinates": [
          -77.014775,
          38.89971
        ]
      },
      "properties": {
        "geoid": "7500000US110010047022009",
        "block": "2009",
        "tract": "004702",
        "population": 0,
        "matched_tile_id": 884
      }
    },
    {
      "type": "Feature",
      "geometry": {
        "type": "Point",
        "coordinates": [
          -77.007832,
          38.899746
        ]
      },
      "properties": {
        "geoid": "7500000US110010106031005",
        "block": "1005",
        "tract": "010603",
        "population": 0,
        "matched_tile_id": 891
      }
    },
    {
      "type": "Feature",
      "geometry": {
        "type": "Point",
        "coordinates": [
          -76.992101,
          38.892563
        ]
      },
      "properties": {
        "geoid": "7500000US110010081002006",
        "block": "2006",
        "tract": "008100",
        "population": 204,
        "matched_tile_id": 640
      }
    },
    {
      "type": "Feature",
      "geometry": {
        "type": "Point",
        "coordinates": [
          -76.994316,
          38.892896
        ]
      },
      "properties": {
        "geoid": "7500000US110010081002004",
        "block": "2004",
        "tract": "008100",
        "population": 203,
        "matched_tile_id": 638
      }
    },
    {
      "type": "Feature",
      "geometry": {
        "type": "Point",
        "coordinates": [
          -76.993284,
          38.89291
        ]
      },
      "properties": {
        "geoid": "7500000US110010081002005",
        "block": "2005",
        "tract": "008100",
        "population": 164,
        "matched_tile_id": 639
      }
    },
    {
      "type": "Feature",
      "geometry": {
        "type": "Point",
        "coordinates": [
          -77.001429,
          38.892264
        ]
      },
      "properties": {
        "geoid": "7500000US110010082004009",
        "block": "4009",
        "tract": "008200",
        "population": 117,
        "matched_tile_id": 632
      }
    },
    {
      "type": "Feature",
      "geometry": {
        "type": "Point",
        "coordinates": [
          -76.99727,
          38.892441
        ]
      },
      "properties": {
        "geoid": "7500000US110010082001001",
        "block": "1001",
        "tract": "008200",
        "population": 121,
        "matched_tile_id": 636
      }
    },
    {
      "type": "Feature",
      "geometry": {
        "type": "Point",
        "coordinates": [
          -77.00005,
          38.892764
        ]
      },
      "properties": {
        "geoid": "7500000US110010082003001",
        "block": "3001",
        "tract": "008200",
        "population": 57,
        "matched_tile_id": 633
      }
    },
    {
      "type": "Feature",
      "geometry": {
        "type": "Point",
        "coordinates": [
          -76.999143,
          38.892613
        ]
      },
      "properties": {
        "geoid": "7500000US110010082003000",
        "block": "3000",
        "tract": "008200",
        "population": 58,
        "matched_tile_id": 634
      }
    },
    {
      "type": "Feature",
      "geometry": {
        "type": "Point",
        "coordinates": [
          -76.995669,
          38.892721
        ]
      },
      "properties": {
        "geoid": "7500000US110010083023003",
        "block": "3003",
        "tract": "008302",
        "population": 339,
        "matched_tile_id": 637
      }
    },
    {
      "type": "Feature",
      "geometry": {
        "type": "Point",
        "coordinates": [
          -76.997284,
          38.893084
        ]
      },
      "properties": {
        "geoid": "7500000US110010083023004",
        "block": "3004",
        "tract": "008302",
        "population": 225,
        "matched_tile_id": 636
      }
    },
    {
      "type": "Feature",
      "geometry": {
        "type": "Point",
        "coordinates": [
          -77.001159,
          38.892983
        ]
      },
      "properties": {
        "geoid": "7500000US110010082004008",
        "block": "4008",
        "tract": "008200",
        "population": 0,
        "matched_tile_id": 632
      }
    },
    {
      "type": "Feature",
      "geometry": {
        "type": "Point",
        "coordinates": [
          -76.999171,
          38.893416
        ]
      },
      "properties": {
        "geoid": "7500000US110010083012018",
        "block": "2018",
        "tract": "008301",
        "population": 0,
        "matched_tile_id": 667
      }
    },
    {
      "type": "Feature",
      "geometry": {
        "type": "Point",
        "coordinates": [
          -76.999954,
          38.893834
        ]
      },
      "properties": {
        "geoid": "7500000US110010083012017",
        "block": "2017",
        "tract": "008301",
        "population": 0,
        "matched_tile_id": 666
      }
    },
    {
      "type": "Feature",
      "geometry": {
        "type": "Point",
        "coordinates": [
          -76.993345,
          38.894097
        ]
      },
      "properties": {
        "geoid": "7500000US110010081002002",
        "block": "2002",
        "tract": "008100",
        "population": 191,
        "matched_tile_id": 672
      }
    },
    {
      "type": "Feature",
      "geometry": {
        "type": "Point",
        "coordinates": [
          -76.992018,
          38.894233
        ]
      },
      "properties": {
        "geoid": "7500000US110010081002001",
        "block": "2001",
        "tract": "008100",
        "population": 176,
        "matched_tile_id": 706
      }
    },
    {
      "type": "Feature",
      "geometry": {
        "type": "Point",
        "coordinates": [
          -76.994311,
          38.894085
        ]
      },
      "properties": {
        "geoid": "7500000US110010081002003",
        "block": "2003",
        "tract": "008100",
        "population": 125,
        "matched_tile_id": 671
      }
    },
    {
      "type": "Feature",
      "geometry": {
        "type": "Point",
        "coordinates": [
          -76.995723,
          38.894251
        ]
      },
      "properties": {
        "geoid": "7500000US110010083023002",
        "block": "3002",
        "tract": "008302",
        "population": 177,
        "matched_tile_id": 703
      }
    },
    {
      "type": "Feature",
      "geometry": {
        "type": "Point",
        "coordinates": [
          -76.997185,
          38.894043
        ]
      },
      "properties": {
        "geoid": "7500000US110010083023001",
        "block": "3001",
        "tract": "008302",
        "population": 174,
        "matched_tile_id": 669
      }
    },
    {
      "type": "Feature",
      "geometry": {
        "type": "Point",
        "coordinates": [
          -77.001111,
          38.894086
        ]
      },
      "properties": {
        "geoid": "7500000US110010082004000",
        "block": "4000",
        "tract": "008200",
        "population": 23,
        "matched_tile_id": 698
      }
    },
    {
      "type": "Feature",
      "geometry": {
        "type": "Point",
        "coordinates": [
          -76.997154,
          38.894548
        ]
      },
      "properties": {
        "geoid": "7500000US110010083021007",
        "block": "1007",
        "tract": "008302",
        "population": 0,
        "matched_tile_id": 702
      }
    },
    {
      "type": "Feature",
      "geometry": {
        "type": "Point",
        "coordinates": [
          -76.998832,
          38.894372
        ]
      },
      "properties": {
        "geoid": "7500000US110010083012014",
        "block": "2014",
        "tract": "008301",
        "population": 51,
        "matched_tile_id": 700
      }
    },
    {
      "type": "Feature",
      "geometry": {
        "type": "Point",
        "coordinates": [
          -76.998201,
          38.89441
        ]
      },
      "properties": {
        "geoid": "7500000US110010083021006",
        "block": "1006",
        "tract": "008302",
        "population": 46,
        "matched_tile_id": 701
      }
    },
    {
      "type": "Feature",
      "geometry": {
        "type": "Point",
        "coordinates": [
          -77.000229,
          38.894466
        ]
      },
      "properties": {
        "geoid": "7500000US110010083012015",
        "block": "2015",
        "tract": "008301",
        "population": 47,
        "matched_tile_id": 699
      }
    },
    {
      "type": "Feature",
      "geometry": {
        "type": "Point",
        "coordinates": [
          -77.001165,
          38.89439
        ]
      },
      "properties": {
        "geoid": "7500000US110010083012016",
        "block": "2016",
        "tract": "008301",
        "population": 13,
        "matched_tile_id": 698
      }
    },
    {
      "type": "Feature",
      "geometry": {
        "type": "Point",
        "coordinates": [
          -76.994237,
          38.89517
        ]
      },
      "properties": {
        "geoid": "7500000US110010081001004",
        "block": "1004",
        "tract": "008100",
        "population": 136,
        "matched_tile_id": 737
      }
    },
    {
      "type": "Feature",
      "geometry": {
        "type": "Point",
        "coordinates": [
          -76.995774,
          38.894907
        ]
      },
      "properties": {
        "geoid": "7500000US110010083023000",
        "block": "3000",
        "tract": "008302",
        "population": 10,
        "matched_tile_id": 703
      }
    },
    {
      "type": "Feature",
      "geometry": {
        "type": "Point",
        "coordinates": [
          -76.9923,
          38.895581
        ]
      },
      "properties": {
        "geoid": "7500000US110010081001002",
        "block": "1002",
        "tract": "008100",
        "population": 238,
        "matched_tile_id": 739
      }
    },
    {
      "type": "Feature",
      "geometry": {
        "type": "Point",
        "coordinates": [
          -76.997217,
          38.895164
        ]
      },
      "properties": {
        "geoid": "7500000US110010083021005",
        "block": "1005",
        "tract": "008302",
        "population": 151,
        "matched_tile_id": 735
      }
    },
    {
      "type": "Feature",
      "geometry": {
        "type": "Point",
        "coordinates": [
          -76.995652,
          38.895159
        ]
      },
      "properties": {
        "geoid": "7500000US110010083021008",
        "block": "1008",
        "tract": "008302",
        "population": 0,
        "matched_tile_id": 736
      }
    },
    {
      "type": "Feature",
      "geometry": {
        "type": "Point",
        "coordinates": [
          -77.00498,
          38.88876
        ]
      },
      "properties": {
        "geoid": "7500000US110019800001065",
        "block": "1065",
        "tract": "980000",
        "population": 0,
        "matched_tile_id": 496
      }
    },
    {
      "type": "Feature",
      "geometry": {
        "type": "Point",
        "coordinates": [
          -77.008392,
          38.890009
        ]
      },
      "properties": {
        "geoid": "7500000US110019800001059",
        "block": "1059",
        "tract": "980000",
        "population": 0,
        "matched_tile_id": 527
      }
    },
    {
      "type": "Feature",
      "geometry": {
        "type": "Point",
        "coordinates": [
          -77.006762,
          38.889349
        ]
      },
      "properties": {
        "geoid": "7500000US110019800001066",
        "block": "1066",
        "tract": "980000",
        "population": 0,
        "matched_tile_id": 494
      }
    },
    {
      "type": "Feature",
      "geometry": {
        "type": "Point",
        "coordinates": [
          -77.002919,
          38.889654
        ]
      },
      "properties": {
        "geoid": "7500000US110010066001005",
        "block": "1005",
        "tract": "006600",
        "population": 0,
        "matched_tile_id": 532
      }
    },
    {
      "type": "Feature",
      "geometry": {
        "type": "Point",
        "coordinates": [
          -77.002758,
          38.890157
        ]
      },
      "properties": {
        "geoid": "7500000US110010082002003",
        "block": "2003",
        "tract": "008200",
        "population": 23,
        "matched_tile_id": 532
      }
    },
    {
      "type": "Feature",
      "geometry": {
        "type": "Point",
        "coordinates": [
          -77.002712,
          38.890407
        ]
      },
      "properties": {
        "geoid": "7500000US110010082002002",
        "block": "2002",
        "tract": "008200",
        "population": 114,
        "matched_tile_id": 565
      }
    },
    {
      "type": "Feature",
      "geometry": {
        "type": "Point",
        "coordinates": [
          -77.001294,
          38.890157
        ]
      },
      "properties": {
        "geoid": "7500000US110010082002005",
        "block": "2005",
        "tract": "008200",
        "population": 95,
        "matched_tile_id": 533
      }
    },
    {
      "type": "Feature",
      "geometry": {
        "type": "Point",
        "coordinates": [
          -77.004599,
          38.890872
        ]
      },
      "properties": {
        "geoid": "7500000US110019800001064",
        "block": "1064",
        "tract": "980000",
        "population": 0,
        "matched_tile_id": 563
      }
    },
    {
      "type": "Feature",
      "geometry": {
        "type": "Point",
        "coordinates": [
          -77.00677,
          38.890313
        ]
      },
      "properties": {
        "geoid": "7500000US110019800001063",
        "block": "1063",
        "tract": "980000",
        "population": 0,
        "matched_tile_id": 561
      }
    },
    {
      "type": "Feature",
      "geometry": {
        "type": "Point",
        "coordinates": [
          -77.001376,
          38.89048
        ]
      },
      "properties": {
        "geoid": "7500000US110010082002004",
        "block": "2004",
        "tract": "008200",
        "population": 102,
        "matched_tile_id": 566
      }
    },
    {
      "type": "Feature",
      "geometry": {
        "type": "Point",
        "coordinates": [
          -77.006987,
          38.891192
        ]
      },
      "properties": {
        "geoid": "7500000US110019800001062",
        "block": "1062",
        "tract": "980000",
        "population": 0,
        "matched_tile_id": 594
      }
    },
    {
      "type": "Feature",
      "geometry": {
        "type": "Point",
        "coordinates": [
          -77.00277,
          38.89152
        ]
      },
      "properties": {
        "geoid": "7500000US110010082002001",
        "block": "2001",
        "tract": "008200",
        "population": 148,
        "matched_tile_id": 598
      }
    },
    {
      "type": "Feature",
      "geometry": {
        "type": "Point",
        "coordinates": [
          -77.005243,
          38.891606
        ]
      },
      "properties": {
        "geoid": "7500000US110010082004011",
        "block": "4011",
        "tract": "008200",
        "population": 15,
        "matched_tile_id": 596
      }
    },
    {
      "type": "Feature",
      "geometry": {
        "type": "Point",
        "coordinates": [
          -77.00751,
          38.891789
        ]
      },
      "properties": {
        "geoid": "7500000US110019800001061",
        "block": "1061",
        "tract": "980000",
        "population": 0,
        "matched_tile_id": 594
      }
    },
    {
      "type": "Feature",
      "geometry": {
        "type": "Point",
        "coordinates": [
          -77.008611,
          38.891812
        ]
      },
      "properties": {
        "geoid": "7500000US110019800001060",
        "block": "1060",
        "tract": "980000",
        "population": 0,
        "matched_tile_id": 593
      }
    },
    {
      "type": "Feature",
      "geometry": {
        "type": "Point",
        "coordinates": [
          -77.004007,
          38.891987
        ]
      },
      "properties": {
        "geoid": "7500000US110010082004012",
        "block": "4012",
        "tract": "008200",
        "population": 0,
        "matched_tile_id": 597
      }
    },
    {
      "type": "Feature",
      "geometry": {
        "type": "Point",
        "coordinates": [
          -77.002913,
          38.892226
        ]
      },
      "properties": {
        "geoid": "7500000US110010082004007",
        "block": "4007",
        "tract": "008200",
        "population": 0,
        "matched_tile_id": 631
      }
    },
    {
      "type": "Feature",
      "geometry": {
        "type": "Point",
        "coordinates": [
          -77.002547,
          38.892088
        ]
      },
      "properties": {
        "geoid": "7500000US110010082004010",
        "block": "4010",
        "tract": "008200",
        "population": 0,
        "matched_tile_id": 598
      }
    },
    {
      "type": "Feature",
      "geometry": {
        "type": "Point",
        "coordinates": [
          -77.004713,
          38.89277
        ]
      },
      "properties": {
        "geoid": "7500000US110010082004005",
        "block": "4005",
        "tract": "008200",
        "population": 0,
        "matched_tile_id": 629
      }
    },
    {
      "type": "Feature",
      "geometry": {
        "type": "Point",
        "coordinates": [
          -77.006895,
          38.892785
        ]
      },
      "properties": {
        "geoid": "7500000US110019800001011",
        "block": "1011",
        "tract": "980000",
        "population": 0,
        "matched_tile_id": 627
      }
    },
    {
      "type": "Feature",
      "geometry": {
        "type": "Point",
        "coordinates": [
          -77.009286,
          38.893793
        ]
      },
      "properties": {
        "geoid": "7500000US110019800001012",
        "block": "1012",
        "tract": "980000",
        "population": 0,
        "matched_tile_id": 658
      }
    },
    {
      "type": "Feature",
      "geometry": {
        "type": "Point",
        "coordinates": [
          -77.002779,
          38.893016
        ]
      },
      "properties": {
        "geoid": "7500000US110010082004004",
        "block": "4004",
        "tract": "008200",
        "population": 271,
        "matched_tile_id": 631
      }
    },
    {
      "type": "Feature",
      "geometry": {
        "type": "Point",
        "coordinates": [
          -77.003903,
          38.892367
        ]
      },
      "properties": {
        "geoid": "7500000US110010082004006",
        "block": "4006",
        "tract": "008200",
        "population": 0,
        "matched_tile_id": 630
      }
    },
    {
      "type": "Feature",
      "geometry": {
        "type": "Point",
        "coordinates": [
          -77.001224,
          38.893211
        ]
      },
      "properties": {
        "geoid": "7500000US110010082004003",
        "block": "4003",
        "tract": "008200",
        "population": 129,
        "matched_tile_id": 665
      }
    },
    {
      "type": "Feature",
      "geometry": {
        "type": "Point",
        "coordinates": [
          -77.004686,
          38.894132
        ]
      },
      "properties": {
        "geoid": "7500000US110019800001010",
        "block": "1010",
        "tract": "980000",
        "population": 61,
        "matched_tile_id": 695
      }
    },
    {
      "type": "Feature",
      "geometry": {
        "type": "Point",
        "coordinates": [
          -77.002661,
          38.894438
        ]
      },
      "properties": {
        "geoid": "7500000US110010082004001",
        "block": "4001",
        "tract": "008200",
        "population": 99,
        "matched_tile_id": 697
      }
    },
    {
      "type": "Feature",
      "geometry": {
        "type": "Point",
        "coordinates": [
          -77.006749,
          38.894147
        ]
      },
      "properties": {
        "geoid": "7500000US110019800001009",
        "block": "1009",
        "tract": "980000",
        "population": 0,
        "matched_tile_id": 693
      }
    },
    {
      "type": "Feature",
      "geometry": {
        "type": "Point",
        "coordinates": [
          -77.002732,
          38.895362
        ]
      },
      "properties": {
        "geoid": "7500000US110010083012009",
        "block": "2009",
        "tract": "008301",
        "population": 82,
        "matched_tile_id": 730
      }
    },
    {
      "type": "Feature",
      "geometry": {
        "type": "Point",
        "coordinates": [
          -77.003106,
          38.894946
        ]
      },
      "properties": {
        "geoid": "7500000US110010082004002",
        "block": "4002",
        "tract": "008200",
        "population": 2,
        "matched_tile_id": 730
      }
    },
    {
      "type": "Feature",
      "geometry": {
        "type": "Point",
        "coordinates": [
          -77.006578,
          38.895341
        ]
      },
      "properties": {
        "geoid": "7500000US110019800001008",
        "block": "1008",
        "tract": "980000",
        "population": 0,
        "matched_tile_id": 727
      }
    },
    {
      "type": "Feature",
      "geometry": {
        "type": "Point",
        "coordinates": [
          -77.004936,
          38.895602
        ]
      },
      "properties": {
        "geoid": "7500000US110019800001002",
        "block": "1002",
        "tract": "980000",
        "population": 0,
        "matched_tile_id": 728
      }
    },
    {
      "type": "Feature",
      "geometry": {
        "type": "Point",
        "coordinates": [
          -77.020099,
          38.88814
        ]
      },
      "properties": {
        "geoid": "7500000US110019800001081",
        "block": "1081",
        "tract": "980000",
        "population": 0,
        "matched_tile_id": 449
      }
    },
    {
      "type": "Feature",
      "geometry": {
        "type": "Point",
        "coordinates": [
          -77.023013,
          38.888063
        ]
      },
      "properties": {
        "geoid": "7500000US110019800001082",
        "block": "1082",
        "tract": "980000",
        "population": 0,
        "matched_tile_id": 446
      }
    },
    {
      "type": "Feature",
      "geometry": {
        "type": "Point",
        "coordinates": [
          -77.029776,
          38.888285
        ]
      },
      "properties": {
        "geoid": "7500000US110019800001147",
        "block": "1147",
        "tract": "980000",
        "population": 0,
        "matched_tile_id": 474
      }
    },
    {
      "type": "Feature",
      "geometry": {
        "type": "Point",
        "coordinates": [
          -77.025806,
          38.888528
        ]
      },
      "properties": {
        "geoid": "7500000US110019800001083",
        "block": "1083",
        "tract": "980000",
        "population": 0,
        "matched_tile_id": 478
      }
    },
    {
      "type": "Feature",
      "geometry": {
        "type": "Point",
        "coordinates": [
          -77.026033,
          38.88926
        ]
      },
      "properties": {
        "geoid": "7500000US110019800001084",
        "block": "1084",
        "tract": "980000",
        "population": 0,
        "matched_tile_id": 511
      }
    },
    {
      "type": "Feature",
      "geometry": {
        "type": "Point",
        "coordinates": [
          -77.023032,
          38.889735
        ]
      },
      "properties": {
        "geoid": "7500000US110019800001045",
        "block": "1045",
        "tract": "980000",
        "population": 0,
        "matched_tile_id": 514
      }
    },
    {
      "type": "Feature",
      "geometry": {
        "type": "Point",
        "coordinates": [
          -77.019723,
          38.889962
        ]
      },
      "properties": {
        "geoid": "7500000US110019800001046",
        "block": "1046",
        "tract": "980000",
        "population": 0,
        "matched_tile_id": 517
      }
    },
    {
      "type": "Feature",
      "geometry": {
        "type": "Point",
        "coordinates": [
          -77.02794,
          38.891479
        ]
      },
      "properties": {
        "geoid": "7500000US110019800001042",
        "block": "1042",
        "tract": "980000",
        "population": 0,
        "matched_tile_id": 576
      }
    },
    {
      "type": "Feature",
      "geometry": {
        "type": "Point",
        "coordinates": [
          -77.026144,
          38.891411
        ]
      },
      "properties": {
        "geoid": "7500000US110019800001043",
        "block": "1043",
        "tract": "980000",
        "population": 0,
        "matched_tile_id": 577
      }
    },
    {
      "type": "Feature",
      "geometry": {
        "type": "Point",
        "coordinates": [
          -77.023009,
          38.891224
        ]
      },
      "properties": {
        "geoid": "7500000US110019800001044",
        "block": "1044",
        "tract": "980000",
        "population": 0,
        "matched_tile_id": 580
      }
    },
    {
      "type": "Feature",
      "geometry": {
        "type": "Point",
        "coordinates": [
          -77.019917,
          38.891237
        ]
      },
      "properties": {
        "geoid": "7500000US110019800001023",
        "block": "1023",
        "tract": "980000",
        "population": 0,
        "matched_tile_id": 583
      }
    },
    {
      "type": "Feature",
      "geometry": {
        "type": "Point",
        "coordinates": [
          -77.019298,
          38.89236
        ]
      },
      "properties": {
        "geoid": "7500000US110019800001193",
        "block": "1193",
        "tract": "980000",
        "population": 0,
        "matched_tile_id": 616
      }
    },
    {
      "type": "Feature",
      "geometry": {
        "type": "Point",
        "coordinates": [
          -77.021352,
          38.892689
        ]
      },
      "properties": {
        "geoid": "7500000US110019800001024",
        "block": "1024",
        "tract": "980000",
        "population": 0,
        "matched_tile_id": 615
      }
    },
    {
      "type": "Feature",
      "geometry": {
        "type": "Point",
        "coordinates": [
          -77.023137,
          38.892981
        ]
      },
      "properties": {
        "geoid": "7500000US110019800001025",
        "block": "1025",
        "tract": "980000",
        "population": 13,
        "matched_tile_id": 646
      }
    },
    {
      "type": "Feature",
      "geometry": {
        "type": "Point",
        "coordinates": [
          -77.024669,
          38.892891
        ]
      },
      "properties": {
        "geoid": "7500000US110019800001026",
        "block": "1026",
        "tract": "980000",
        "population": 0,
        "matched_tile_id": 645
      }
    },
    {
      "type": "Feature",
      "geometry": {
        "type": "Point",
        "coordinates": [
          -77.027503,
          38.893809
        ]
      },
      "properties": {
        "geoid": "7500000US110019800001027",
        "block": "1027",
        "tract": "980000",
        "population": 0,
        "matched_tile_id": 675
      }
    },
    {
      "type": "Feature",
      "geometry": {
        "type": "Point",
        "coordinates": [
          -77.029912,
          38.893649
        ]
      },
      "properties": {
        "geoid": "7500000US110019800001028",
        "block": "1028",
        "tract": "980000",
        "population": 1,
        "matched_tile_id": 674
      }
    },
    {
      "type": "Feature",
      "geometry": {
        "type": "Point",
        "coordinates": [
          -77.020965,
          38.893435
        ]
      },
      "properties": {
        "geoid": "7500000US110010058011004",
        "block": "1004",
        "tract": "005801",
        "population": 120,
        "matched_tile_id": 648
      }
    },
    {
      "type": "Feature",
      "geometry": {
        "type": "Point",
        "coordinates": [
          -77.022847,
          38.894134
        ]
      },
      "properties": {
        "geoid": "7500000US110010058024002",
        "block": "4002",
        "tract": "005802",
        "population": 170,
        "matched_tile_id": 679
      }
    },
    {
      "type": "Feature",
      "geometry": {
        "type": "Point",
        "coordinates": [
          -77.021107,
          38.89443
        ]
      },
      "properties": {
        "geoid": "7500000US110010058011002",
        "block": "1002",
        "tract": "005801",
        "population": 13,
        "matched_tile_id": 681
      }
    },
    {
      "type": "Feature",
      "geometry": {
        "type": "Point",
        "coordinates": [
          -77.024866,
          38.895322
        ]
      },
      "properties": {
        "geoid": "7500000US110010058023000",
        "block": "3000",
        "tract": "005802",
        "population": 8,
        "matched_tile_id": 711
      }
    },
    {
      "type": "Feature",
      "geometry": {
        "type": "Point",
        "coordinates": [
          -77.019563,
          38.894706
        ]
      },
      "properties": {
        "geoid": "7500000US110010058011003",
        "block": "1003",
        "tract": "005801",
        "population": 0,
        "matched_tile_id": 715
      }
    },
    {
      "type": "Feature",
      "geometry": {
        "type": "Point",
        "coordinates": [
          -77.026495,
          38.895592
        ]
      },
      "properties": {
        "geoid": "7500000US110010058023001",
        "block": "3001",
        "tract": "005802",
        "population": 0,
        "matched_tile_id": 742
      }
    },
    {
      "type": "Feature",
      "geometry": {
        "type": "Point",
        "coordinates": [
          -77.027805,
          38.895503
        ]
      },
      "properties": {
        "geoid": "7500000US110010058023002",
        "block": "3002",
        "tract": "005802",
        "population": 0,
        "matched_tile_id": 741
      }
    },
    {
      "type": "Feature",
      "geometry": {
        "type": "Point",
        "coordinates": [
          -77.012626,
          38.888755
        ]
      },
      "properties": {
        "geoid": "7500000US110019800001055",
        "block": "1055",
        "tract": "980000",
        "population": 3,
        "matched_tile_id": 489
      }
    },
    {
      "type": "Feature",
      "geometry": {
        "type": "Point",
        "coordinates": [
          -77.016398,
          38.888211
        ]
      },
      "properties": {
        "geoid": "7500000US110019800001080",
        "block": "1080",
        "tract": "980000",
        "population": 0,
        "matched_tile_id": 452
      }
    },
    {
      "type": "Feature",
      "geometry": {
        "type": "Point",
        "coordinates": [
          -77.011921,
          38.889915
        ]
      },
      "properties": {
        "geoid": "7500000US110019800001053",
        "block": "1053",
        "tract": "980000",
        "population": 54,
        "matched_tile_id": 524
      }
    },
    {
      "type": "Feature",
      "geometry": {
        "type": "Point",
        "coordinates": [
          -77.0149,
          38.889843
        ]
      },
      "properties": {
        "geoid": "7500000US110019800001048",
        "block": "1048",
        "tract": "980000",
        "population": 0,
        "matched_tile_id": 521
      }
    },
    {
      "type": "Feature",
      "geometry": {
        "type": "Point",
        "coordinates": [
          -77.014126,
          38.890139
        ]
      },
      "properties": {
        "geoid": "7500000US110019800001049",
        "block": "1049",
        "tract": "980000",
        "population": 0,
        "matched_tile_id": 522
      }
    },
    {
      "type": "Feature",
      "geometry": {
        "type": "Point",
        "coordinates": [
          -77.012798,
          38.889669
        ]
      },
      "properties": {
        "geoid": "7500000US110019800001051",
        "block": "1051",
        "tract": "980000",
        "population": 0,
        "matched_tile_id": 523
      }
    },
    {
      "type": "Feature",
      "geometry": {
        "type": "Point",
        "coordinates": [
          -77.016325,
          38.889705
        ]
      },
      "properties": {
        "geoid": "7500000US110019800001047",
        "block": "1047",
        "tract": "980000",
        "population": 0,
        "matched_tile_id": 520
      }
    },
    {
      "type": "Feature",
      "geometry": {
        "type": "Point",
        "coordinates": [
          -77.012331,
          38.890641
        ]
      },
      "properties": {
        "geoid": "7500000US110019800001052",
        "block": "1052",
        "tract": "980000",
        "population": 0,
        "matched_tile_id": 556
      }
    },
    {
      "type": "Feature",
      "geometry": {
        "type": "Point",
        "coordinates": [
          -77.016222,
          38.891171
        ]
      },
      "properties": {
        "geoid": "7500000US110019800001022",
        "block": "1022",
        "tract": "980000",
        "population": 0,
        "matched_tile_id": 586
      }
    },
    {
      "type": "Feature",
      "geometry": {
        "type": "Point",
        "coordinates": [
          -77.013087,
          38.890894
        ]
      },
      "properties": {
        "geoid": "7500000US110019800001050",
        "block": "1050",
        "tract": "980000",
        "population": 0,
        "matched_tile_id": 556
      }
    },
    {
      "type": "Feature",
      "geometry": {
        "type": "Point",
        "coordinates": [
          -77.012652,
          38.891264
        ]
      },
      "properties": {
        "geoid": "7500000US110019800001018",
        "block": "1018",
        "tract": "980000",
        "population": 0,
        "matched_tile_id": 589
      }
    },
    {
      "type": "Feature",
      "geometry": {
        "type": "Point",
        "coordinates": [
          -77.011746,
          38.891526
        ]
      },
      "properties": {
        "geoid": "7500000US110019800001054",
        "block": "1054",
        "tract": "980000",
        "population": 0,
        "matched_tile_id": 590
      }
    },
    {
      "type": "Feature",
      "geometry": {
        "type": "Point",
        "coordinates": [
          -77.014153,
          38.891757
        ]
      },
      "properties": {
        "geoid": "7500000US110019800001019",
        "block": "1019",
        "tract": "980000",
        "population": 0,
        "matched_tile_id": 588
      }
    },
    {
      "type": "Feature",
      "geometry": {
        "type": "Point",
        "coordinates": [
          -77.014895,
          38.89192
        ]
      },
      "properties": {
        "geoid": "7500000US110019800001020",
        "block": "1020",
        "tract": "980000",
        "population": 0,
        "matched_tile_id": 587
      }
    },
    {
      "type": "Feature",
      "geometry": {
        "type": "Point",
        "coordinates": [
          -77.015742,
          38.891903
        ]
      },
      "properties": {
        "geoid": "7500000US110019800001021",
        "block": "1021",
        "tract": "980000",
        "population": 0,
        "matched_tile_id": 586
      }
    },
    {
      "type": "Feature",
      "geometry": {
        "type": "Point",
        "coordinates": [
          -77.009493,
          38.891933
        ]
      },
      "properties": {
        "geoid": "7500000US110019800001014",
        "block": "1014",
        "tract": "980000",
        "population": 0,
        "matched_tile_id": 592
      }
    },
    {
      "type": "Feature",
      "geometry": {
        "type": "Point",
        "coordinates": [
          -77.017176,
          38.892786
        ]
      },
      "properties": {
        "geoid": "7500000US110010059002029",
        "block": "2029",
        "tract": "005900",
        "population": 154,
        "matched_tile_id": 618
      }
    },
    {
      "type": "Feature",
      "geometry": {
        "type": "Point",
        "coordinates": [
          -77.010359,
          38.892013
        ]
      },
      "properties": {
        "geoid": "7500000US110019800001015",
        "block": "1015",
        "tract": "980000",
        "population": 0,
        "matched_tile_id": 591
      }
    },
    {
      "type": "Feature",
      "geometry": {
        "type": "Point",
        "coordinates": [
          -77.011043,
          38.892836
        ]
      },
      "properties": {
        "geoid": "7500000US110019800001016",
        "block": "1016",
        "tract": "980000",
        "population": 0,
        "matched_tile_id": 624
      }
    },
    {
      "type": "Feature",
      "geometry": {
        "type": "Point",
        "coordinates": [
          -77.016118,
          38.893836
        ]
      },
      "properties": {
        "geoid": "7500000US110010059002028",
        "block": "2028",
        "tract": "005900",
        "population": 31,
        "matched_tile_id": 685
      }
    },
    {
      "type": "Feature",
      "geometry": {
        "type": "Point",
        "coordinates": [
          -77.013354,
          38.893695
        ]
      },
      "properties": {
        "geoid": "7500000US110010059002025",
        "block": "2025",
        "tract": "005900",
        "population": 0,
        "matched_tile_id": 655
      }
    },
    {
      "type": "Feature",
      "geometry": {
        "type": "Point",
        "coordinates": [
          -77.014134,
          38.893719
        ]
      },
      "properties": {
        "geoid": "7500000US110010059002027",
        "block": "2027",
        "tract": "005900",
        "population": 0,
        "matched_tile_id": 654
      }
    },
    {
      "type": "Feature",
      "geometry": {
        "type": "Point",
        "coordinates": [
          -77.013141,
          38.893063
        ]
      },
      "properties": {
        "geoid": "7500000US110010059002026",
        "block": "2026",
        "tract": "005900",
        "population": 0,
        "matched_tile_id": 655
      }
    },
    {
      "type": "Feature",
      "geometry": {
        "type": "Point",
        "coordinates": [
          -77.012606,
          38.892392
        ]
      },
      "properties": {
        "geoid": "7500000US110019800001017",
        "block": "1017",
        "tract": "980000",
        "population": 0,
        "matched_tile_id": 622
      }
    },
    {
      "type": "Feature",
      "geometry": {
        "type": "Point",
        "coordinates": [
          -77.01196,
          38.893328
        ]
      },
      "properties": {
        "geoid": "7500000US110010059002030",
        "block": "2030",
        "tract": "005900",
        "population": 0,
        "matched_tile_id": 656
      }
    },
    {
      "type": "Feature",
      "geometry": {
        "type": "Point",
        "coordinates": [
          -77.011509,
          38.894097
        ]
      },
      "properties": {
        "geoid": "7500000US110010059002024",
        "block": "2024",
        "tract": "005900",
        "population": 0,
        "matched_tile_id": 689
      }
    },
    {
      "type": "Feature",
      "geometry": {
        "type": "Point",
        "coordinates": [
          -77.010289,
          38.89463
        ]
      },
      "properties": {
        "geoid": "7500000US110019800001013",
        "block": "1013",
        "tract": "980000",
        "population": 0,
        "matched_tile_id": 690
      }
    },
    {
      "type": "Feature",
      "geometry": {
        "type": "Point",
        "coordinates": [
          -77.015836,
          38.895545
        ]
      },
      "properties": {
        "geoid": "7500000US110010059002013",
        "block": "2013",
        "tract": "005900",
        "population": 24,
        "matched_tile_id": 751
      }
    },
    {
      "type": "Feature",
      "geometry": {
        "type": "Point",
        "coordinates": [
          -77.017807,
          38.895531
        ]
      },
      "properties": {
        "geoid": "7500000US110010059002012",
        "block": "2012",
        "tract": "005900",
        "population": 0,
        "matched_tile_id": 750
      }
    },
    {
      "type": "Feature",
      "geometry": {
        "type": "Point",
        "coordinates": [
          -77.013023,
          38.89537
        ]
      },
      "properties": {
        "geoid": "7500000US110010059002017",
        "block": "2017",
        "tract": "005900",
        "population": 33,
        "matched_tile_id": 721
      }
    },
    {
      "type": "Feature",
      "geometry": {
        "type": "Point",
        "coordinates": [
          -77.01386,
          38.895424
        ]
      },
      "properties": {
        "geoid": "7500000US110010059002016",
        "block": "2016",
        "tract": "005900",
        "population": 0,
        "matched_tile_id": 720
      }
    },
    {
      "type": "Feature",
      "geometry": {
        "type": "Point",
        "coordinates": [
          -76.995723,
          38.88804
        ]
      },
      "properties": {
        "geoid": "7500000US110010066001011",
        "block": "1011",
        "tract": "006600",
        "population": 129,
        "matched_tile_id": 470
      }
    },
    {
      "type": "Feature",
      "geometry": {
        "type": "Point",
        "coordinates": [
          -76.995544,
          38.889351
        ]
      },
      "properties": {
        "geoid": "7500000US110010066001000",
        "block": "1000",
        "tract": "006600",
        "population": 119,
        "matched_tile_id": 504
      }
    },
    {
      "type": "Feature",
      "geometry": {
        "type": "Point",
        "coordinates": [
          -76.995662,
          38.890051
        ]
      },
      "properties": {
        "geoid": "7500000US110010082001005",
        "block": "1005",
        "tract": "008200",
        "population": 42,
        "matched_tile_id": 538
      }
    },
    {
      "type": "Feature",
      "geometry": {
        "type": "Point",
        "coordinates": [
          -76.995678,
          38.890581
        ]
      },
      "properties": {
        "geoid": "7500000US110010082001004",
        "block": "1004",
        "tract": "008200",
        "population": 91,
        "matched_tile_id": 571
      }
    },
    {
      "type": "Feature",
      "geometry": {
        "type": "Point",
        "coordinates": [
          -76.995592,
          38.891397
        ]
      },
      "properties": {
        "geoid": "7500000US110010082001000",
        "block": "1000",
        "tract": "008200",
        "population": 116,
        "matched_tile_id": 604
      }
    },
    {
      "type": "Feature",
      "geometry": {
        "type": "Point",
        "coordinates": [
          -76.995219,
          38.887722
        ]
      },
      "properties": {
        "geoid": "7500000US110010066001012",
        "block": "1012",
        "tract": "006600",
        "population": 8,
        "matched_tile_id": 437
      }
    },
    {
      "type": "Feature",
      "geometry": {
        "type": "Point",
        "coordinates": [
          -76.99523,
          38.891935
        ]
      },
      "properties": {
        "geoid": "7500000US110010083023005",
        "block": "3005",
        "tract": "008302",
        "population": 0,
        "matched_tile_id": 604
      }
    },
    {
      "type": "Feature",
      "geometry": {
        "type": "Point",
        "coordinates": [
          -76.994361,
          38.890514
        ]
      },
      "properties": {
        "geoid": "7500000US110010081003011",
        "block": "3011",
        "tract": "008100",
        "population": 134,
        "matched_tile_id": 572
      }
    },
    {
      "type": "Feature",
      "geometry": {
        "type": "Point",
        "coordinates": [
          -76.994587,
          38.891238
        ]
      },
      "properties": {
        "geoid": "7500000US110010081003004",
        "block": "3004",
        "tract": "008100",
        "population": 37,
        "matched_tile_id": 572
      }
    },
    {
      "type": "Feature",
      "geometry": {
        "type": "Point",
        "coordinates": [
          -76.994429,
          38.890175
        ]
      },
      "properties": {
        "geoid": "7500000US110010081003010",
        "block": "3010",
        "tract": "008100",
        "population": 31,
        "matched_tile_id": 539
      }
    },
    {
      "type": "Feature",
      "geometry": {
        "type": "Point",
        "coordinates": [
          -76.994481,
          38.886827
        ]
      },
      "properties": {
        "geoid": "7500000US110010067003009",
        "block": "3009",
        "tract": "006700",
        "population": 173,
        "matched_tile_id": 405
      }
    },
    {
      "type": "Feature",
      "geometry": {
        "type": "Point",
        "coordinates": [
          -76.994408,
          38.889263
        ]
      },
      "properties": {
        "geoid": "7500000US110010067003002",
        "block": "3002",
        "tract": "006700",
        "population": 104,
        "matched_tile_id": 505
      }
    },
    {
      "type": "Feature",
      "geometry": {
        "type": "Point",
        "coordinates": [
          -76.994496,
          38.888399
        ]
      },
      "properties": {
        "geoid": "7500000US110010067003003",
        "block": "3003",
        "tract": "006700",
        "population": 60,
        "matched_tile_id": 471
      }
    },
    {
      "type": "Feature",
      "geometry": {
        "type": "Point",
        "coordinates": [
          -76.994475,
          38.887855
        ]
      },
      "properties": {
        "geoid": "7500000US110010067003010",
        "block": "3010",
        "tract": "006700",
        "population": 51,
        "matched_tile_id": 471
      }
    },
    {
      "type": "Feature",
      "geometry": {
        "type": "Point",
        "coordinates": [
          -76.994411,
          38.891768
        ]
      },
      "properties": {
        "geoid": "7500000US110010081003003",
        "block": "3003",
        "tract": "008100",
        "population": 65,
        "matched_tile_id": 605
      }
    },
    {
      "type": "Feature",
      "geometry": {
        "type": "Point",
        "coordinates": [
          -76.993586,
          38.891037
        ]
      },
      "properties": {
        "geoid": "7500000US110010081003006",
        "block": "3006",
        "tract": "008100",
        "population": 0,
        "matched_tile_id": 573
      }
    },
    {
      "type": "Feature",
      "geometry": {
        "type": "Point",
        "coordinates": [
          -76.99329,
          38.89059
        ]
      },
      "properties": {
        "geoid": "7500000US110010081003005",
        "block": "3005",
        "tract": "008100",
        "population": 77,
        "matched_tile_id": 573
      }
    },
    {
      "type": "Feature",
      "geometry": {
        "type": "Point",
        "coordinates": [
          -76.993123,
          38.891529
        ]
      },
      "properties": {
        "geoid": "7500000US110010081003002",
        "block": "3002",
        "tract": "008100",
        "population": 74,
        "matched_tile_id": 606
      }
    },
    {
      "type": "Feature",
      "geometry": {
        "type": "Point",
        "coordinates": [
          -76.993345,
          38.886841
        ]
      },
      "properties": {
        "geoid": "7500000US110010067003008",
        "block": "3008",
        "tract": "006700",
        "population": 148,
        "matched_tile_id": 406
      }
    },
    {
      "type": "Feature",
      "geometry": {
        "type": "Point",
        "coordinates": [
          -76.993206,
          38.890138
        ]
      },
      "properties": {
        "geoid": "7500000US110010081003009",
        "block": "3009",
        "tract": "008100",
        "population": 39,
        "matched_tile_id": 540
      }
    },
    {
      "type": "Feature",
      "geometry": {
        "type": "Point",
        "coordinates": [
          -76.993347,
          38.888187
        ]
      },
      "properties": {
        "geoid": "7500000US110010067003005",
        "block": "3005",
        "tract": "006700",
        "population": 87,
        "matched_tile_id": 472
      }
    },
    {
      "type": "Feature",
      "geometry": {
        "type": "Point",
        "coordinates": [
          -76.993368,
          38.889139
        ]
      },
      "properties": {
        "geoid": "7500000US110010067003001",
        "block": "3001",
        "tract": "006700",
        "population": 99,
        "matched_tile_id": 506
      }
    },
    {
      "type": "Feature",
      "geometry": {
        "type": "Point",
        "coordinates": [
          -76.993549,
          38.888635
        ]
      },
      "properties": {
        "geoid": "7500000US110010067003004",
        "block": "3004",
        "tract": "006700",
        "population": 20,
        "matched_tile_id": 472
      }
    },
    {
      "type": "Feature",
      "geometry": {
        "type": "Point",
        "coordinates": [
          -76.992077,
          38.89132
        ]
      },
      "properties": {
        "geoid": "7500000US110010081003001",
        "block": "3001",
        "tract": "008100",
        "population": 155,
        "matched_tile_id": 574
      }
    },
    {
      "type": "Feature",
      "geometry": {
        "type": "Point",
        "coordinates": [
          -76.992278,
          38.890422
        ]
      },
      "properties": {
        "geoid": "7500000US110010081003007",
        "block": "3007",
        "tract": "008100",
        "population": 33,
        "matched_tile_id": 541
      }
    },
    {
      "type": "Feature",
      "geometry": {
        "type": "Point",
        "coordinates": [
          -76.992141,
          38.889274
        ]
      },
      "properties": {
        "geoid": "7500000US110010067003000",
        "block": "3000",
        "tract": "006700",
        "population": 60,
        "matched_tile_id": 507
      }
    },
    {
      "type": "Feature",
      "geometry": {
        "type": "Point",
        "coordinates": [
          -76.992092,
          38.890125
        ]
      },
      "properties": {
        "geoid": "7500000US110010081003008",
        "block": "3008",
        "tract": "008100",
        "population": 58,
        "matched_tile_id": 541
      }
    },
    {
      "type": "Feature",
      "geometry": {
        "type": "Point",
        "coordinates": [
          -77.001464,
          38.891644
        ]
      },
      "properties": {
        "geoid": "7500000US110010082002000",
        "block": "2000",
        "tract": "008200",
        "population": 89,
        "matched_tile_id": 599
      }
    },
    {
      "type": "Feature",
      "geometry": {
        "type": "Point",
        "coordinates": [
          -77.001603,
          38.885437
        ]
      },
      "properties": {
        "geoid": "7500000US110010065001007",
        "block": "1007",
        "tract": "006500",
        "population": 139,
        "matched_tile_id": 366
      }
    },
    {
      "type": "Feature",
      "geometry": {
        "type": "Point",
        "coordinates": [
          -77.001449,
          38.889276
        ]
      },
      "properties": {
        "geoid": "7500000US110010066001004",
        "block": "1004",
        "tract": "006600",
        "population": 84,
        "matched_tile_id": 499
      }
    },
    {
      "type": "Feature",
      "geometry": {
        "type": "Point",
        "coordinates": [
          -77.000891,
          38.888181
        ]
      },
      "properties": {
        "geoid": "7500000US110010066001007",
        "block": "1007",
        "tract": "006600",
        "population": 54,
        "matched_tile_id": 465
      }
    },
    {
      "type": "Feature",
      "geometry": {
        "type": "Point",
        "coordinates": [
          -77.000361,
          38.88592
        ]
      },
      "properties": {
        "geoid": "7500000US110010065001006",
        "block": "1006",
        "tract": "006500",
        "population": 0,
        "matched_tile_id": 400
      }
    },
    {
      "type": "Feature",
      "geometry": {
        "type": "Point",
        "coordinates": [
          -77.000159,
          38.890112
        ]
      },
      "properties": {
        "geoid": "7500000US110010082003006",
        "block": "3006",
        "tract": "008200",
        "population": 45,
        "matched_tile_id": 534
      }
    },
    {
      "type": "Feature",
      "geometry": {
        "type": "Point",
        "coordinates": [
          -77.000067,
          38.889373
        ]
      },
      "properties": {
        "geoid": "7500000US110010066001003",
        "block": "1003",
        "tract": "006600",
        "population": 96,
        "matched_tile_id": 500
      }
    },
    {
      "type": "Feature",
      "geometry": {
        "type": "Point",
        "coordinates": [
          -77.00012,
          38.891645
        ]
      },
      "properties": {
        "geoid": "7500000US110010082003002",
        "block": "3002",
        "tract": "008200",
        "population": 124,
        "matched_tile_id": 600
      }
    },
    {
      "type": "Feature",
      "geometry": {
        "type": "Point",
        "coordinates": [
          -77.000151,
          38.890472
        ]
      },
      "properties": {
        "geoid": "7500000US110010082003005",
        "block": "3005",
        "tract": "008200",
        "population": 87,
        "matched_tile_id": 567
      }
    },
    {
      "type": "Feature",
      "geometry": {
        "type": "Point",
        "coordinates": [
          -77.000125,
          38.886292
        ]
      },
      "properties": {
        "geoid": "7500000US110010065001005",
        "block": "1005",
        "tract": "006500",
        "population": 0,
        "matched_tile_id": 400
      }
    },
    {
      "type": "Feature",
      "geometry": {
        "type": "Point",
        "coordinates": [
          -77.00012,
          38.88815
        ]
      },
      "properties": {
        "geoid": "7500000US110010066001008",
        "block": "1008",
        "tract": "006600",
        "population": 109,
        "matched_tile_id": 466
      }
    },
    {
      "type": "Feature",
      "geometry": {
        "type": "Point",
        "coordinates": [
          -77.000123,
          38.887016
        ]
      },
      "properties": {
        "geoid": "7500000US110010066002003",
        "block": "2003",
        "tract": "006600",
        "population": 166,
        "matched_tile_id": 433
      }
    },
    {
      "type": "Feature",
      "geometry": {
        "type": "Point",
        "coordinates": [
          -76.999063,
          38.88646
        ]
      },
      "properties": {
        "geoid": "7500000US110010066002006",
        "block": "2006",
        "tract": "006600",
        "population": 0,
        "matched_tile_id": 401
      }
    },
    {
      "type": "Feature",
      "geometry": {
        "type": "Point",
        "coordinates": [
          -76.999908,
          38.885649
        ]
      },
      "properties": {
        "geoid": "7500000US110010065001012",
        "block": "1012",
        "tract": "006500",
        "population": 0,
        "matched_tile_id": 367
      }
    },
    {
      "type": "Feature",
      "geometry": {
        "type": "Point",
        "coordinates": [
          -76.998966,
          38.885799
        ]
      },
      "properties": {
        "geoid": "7500000US110010065001013",
        "block": "1013",
        "tract": "006500",
        "population": 6,
        "matched_tile_id": 368
      }
    },
    {
      "type": "Feature",
      "geometry": {
        "type": "Point",
        "coordinates": [
          -76.998947,
          38.890126
        ]
      },
      "properties": {
        "geoid": "7500000US110010082003007",
        "block": "3007",
        "tract": "008200",
        "population": 25,
        "matched_tile_id": 535
      }
    },
    {
      "type": "Feature",
      "geometry": {
        "type": "Point",
        "coordinates": [
          -76.998913,
          38.889301
        ]
      },
      "properties": {
        "geoid": "7500000US110010066001002",
        "block": "1002",
        "tract": "006600",
        "population": 75,
        "matched_tile_id": 501
      }
    },
    {
      "type": "Feature",
      "geometry": {
        "type": "Point",
        "coordinates": [
          -76.998999,
          38.890516
        ]
      },
      "properties": {
        "geoid": "7500000US110010082003004",
        "block": "3004",
        "tract": "008200",
        "population": 25,
        "matched_tile_id": 568
      }
    },
    {
      "type": "Feature",
      "geometry": {
        "type": "Point",
        "coordinates": [
          -76.999051,
          38.891535
        ]
      },
      "properties": {
        "geoid": "7500000US110010082003003",
        "block": "3003",
        "tract": "008200",
        "population": 216,
        "matched_tile_id": 601
      }
    },
    {
      "type": "Feature",
      "geometry": {
        "type": "Point",
        "coordinates": [
          -76.998893,
          38.888142
        ]
      },
      "properties": {
        "geoid": "7500000US110010066001009",
        "block": "1009",
        "tract": "006600",
        "population": 96,
        "matched_tile_id": 467
      }
    },
    {
      "type": "Feature",
      "geometry": {
        "type": "Point",
        "coordinates": [
          -76.99888,
          38.886909
        ]
      },
      "properties": {
        "geoid": "7500000US110010066002002",
        "block": "2002",
        "tract": "006600",
        "population": 123,
        "matched_tile_id": 434
      }
    },
    {
      "type": "Feature",
      "geometry": {
        "type": "Point",
        "coordinates": [
          -76.998776,
          38.886163
        ]
      },
      "properties": {
        "geoid": "7500000US110010066002007",
        "block": "2007",
        "tract": "006600",
        "population": 0,
        "matched_tile_id": 401
      }
    },
    {
      "type": "Feature",
      "geometry": {
        "type": "Point",
        "coordinates": [
          -76.997232,
          38.887235
        ]
      },
      "properties": {
        "geoid": "7500000US110010066002001",
        "block": "2001",
        "tract": "006600",
        "population": 120,
        "matched_tile_id": 435
      }
    },
    {
      "type": "Feature",
      "geometry": {
        "type": "Point",
        "coordinates": [
          -76.997242,
          38.886583
        ]
      },
      "properties": {
        "geoid": "7500000US110010066002005",
        "block": "2005",
        "tract": "006600",
        "population": 83,
        "matched_tile_id": 402
      }
    },
    {
      "type": "Feature",
      "geometry": {
        "type": "Point",
        "coordinates": [
          -76.997348,
          38.885826
        ]
      },
      "properties": {
        "geoid": "7500000US110010066002008",
        "block": "2008",
        "tract": "006600",
        "population": 51,
        "matched_tile_id": 369
      }
    },
    {
      "type": "Feature",
      "geometry": {
        "type": "Point",
        "coordinates": [
          -76.997501,
          38.88923
        ]
      },
      "properties": {
        "geoid": "7500000US110010066001001",
        "block": "1001",
        "tract": "006600",
        "population": 209,
        "matched_tile_id": 502
      }
    },
    {
      "type": "Feature",
      "geometry": {
        "type": "Point",
        "coordinates": [
          -76.997434,
          38.88825
        ]
      },
      "properties": {
        "geoid": "7500000US110010066001010",
        "block": "1010",
        "tract": "006600",
        "population": 270,
        "matched_tile_id": 468
      }
    },
    {
      "type": "Feature",
      "geometry": {
        "type": "Point",
        "coordinates": [
          -76.997009,
          38.891504
        ]
      },
      "properties": {
        "geoid": "7500000US110010082001002",
        "block": "1002",
        "tract": "008200",
        "population": 199,
        "matched_tile_id": 603
      }
    },
    {
      "type": "Feature",
      "geometry": {
        "type": "Point",
        "coordinates": [
          -76.997273,
          38.890466
        ]
      },
      "properties": {
        "geoid": "7500000US110010082001003",
        "block": "1003",
        "tract": "008200",
        "population": 136,
        "matched_tile_id": 569
      }
    },
    {
      "type": "Feature",
      "geometry": {
        "type": "Point",
        "coordinates": [
          -76.997336,
          38.890144
        ]
      },
      "properties": {
        "geoid": "7500000US110010082001006",
        "block": "1006",
        "tract": "008200",
        "population": 126,
        "matched_tile_id": 536
      }
    },
    {
      "type": "Feature",
      "geometry": {
        "type": "Point",
        "coordinates": [
          -76.995589,
          38.887055
        ]
      },
      "properties": {
        "geoid": "7500000US110010066002000",
        "block": "2000",
        "tract": "006600",
        "population": 122,
        "matched_tile_id": 437
      }
    },
    {
      "type": "Feature",
      "geometry": {
        "type": "Point",
        "coordinates": [
          -77.00478,
          38.882993
        ]
      },
      "properties": {
        "geoid": "7500000US110010065002016",
        "block": "2016",
        "tract": "006500",
        "population": 172,
        "matched_tile_id": 264
      }
    },
    {
      "type": "Feature",
      "geometry": {
        "type": "Point",
        "coordinates": [
          -77.008611,
          38.883383
        ]
      },
      "properties": {
        "geoid": "7500000US110010065002019",
        "block": "2019",
        "tract": "006500",
        "population": 0,
        "matched_tile_id": 293
      }
    },
    {
      "type": "Feature",
      "geometry": {
        "type": "Point",
        "coordinates": [
          -77.00127,
          38.883824
        ]
      },
      "properties": {
        "geoid": "7500000US110010065002003",
        "block": "2003",
        "tract": "006500",
        "population": 103,
        "matched_tile_id": 300
      }
    },
    {
      "type": "Feature",
      "geometry": {
        "type": "Point",
        "coordinates": [
          -77.008065,
          38.883623
        ]
      },
      "properties": {
        "geoid": "7500000US110010065002020",
        "block": "2020",
        "tract": "006500",
        "population": 53,
        "matched_tile_id": 294
      }
    },
    {
      "type": "Feature",
      "geometry": {
        "type": "Point",
        "coordinates": [
          -77.004649,
          38.883753
        ]
      },
      "properties": {
        "geoid": "7500000US110010065002017",
        "block": "2017",
        "tract": "006500",
        "population": 165,
        "matched_tile_id": 297
      }
    },
    {
      "type": "Feature",
      "geometry": {
        "type": "Point",
        "coordinates": [
          -77.006355,
          38.884112
        ]
      },
      "properties": {
        "geoid": "7500000US110010065002007",
        "block": "2007",
        "tract": "006500",
        "population": 145,
        "matched_tile_id": 328
      }
    },
    {
      "type": "Feature",
      "geometry": {
        "type": "Point",
        "coordinates": [
          -77.002851,
          38.8838
        ]
      },
      "properties": {
        "geoid": "7500000US110010065002004",
        "block": "2004",
        "tract": "006500",
        "population": 0,
        "matched_tile_id": 298
      }
    },
    {
      "type": "Feature",
      "geometry": {
        "type": "Point",
        "coordinates": [
          -77.004514,
          38.884497
        ]
      },
      "properties": {
        "geoid": "7500000US110010065002006",
        "block": "2006",
        "tract": "006500",
        "population": 195,
        "matched_tile_id": 330
      }
    },
    {
      "type": "Feature",
      "geometry": {
        "type": "Point",
        "coordinates": [
          -77.008516,
          38.884239
        ]
      },
      "properties": {
        "geoid": "7500000US110010065002008",
        "block": "2008",
        "tract": "006500",
        "population": 33,
        "matched_tile_id": 327
      }
    },
    {
      "type": "Feature",
      "geometry": {
        "type": "Point",
        "coordinates": [
          -77.002838,
          38.884739
        ]
      },
      "properties": {
        "geoid": "7500000US110010065002005",
        "block": "2005",
        "tract": "006500",
        "population": 0,
        "matched_tile_id": 331
      }
    },
    {
      "type": "Feature",
      "geometry": {
        "type": "Point",
        "coordinates": [
          -77.002866,
          38.88552
        ]
      },
      "properties": {
        "geoid": "7500000US110010065001008",
        "block": "1008",
        "tract": "006500",
        "population": 157,
        "matched_tile_id": 364
      }
    },
    {
      "type": "Feature",
      "geometry": {
        "type": "Point",
        "coordinates": [
          -77.005115,
          38.885283
        ]
      },
      "properties": {
        "geoid": "7500000US110010065001011",
        "block": "1011",
        "tract": "006500",
        "population": 89,
        "matched_tile_id": 363
      }
    },
    {
      "type": "Feature",
      "geometry": {
        "type": "Point",
        "coordinates": [
          -77.004226,
          38.885621
        ]
      },
      "properties": {
        "geoid": "7500000US110010065001009",
        "block": "1009",
        "tract": "006500",
        "population": 67,
        "matched_tile_id": 363
      }
    },
    {
      "type": "Feature",
      "geometry": {
        "type": "Point",
        "coordinates": [
          -77.005312,
          38.885764
        ]
      },
      "properties": {
        "geoid": "7500000US110010065001010",
        "block": "1010",
        "tract": "006500",
        "population": 48,
        "matched_tile_id": 362
      }
    },
    {
      "type": "Feature",
      "geometry": {
        "type": "Point",
        "coordinates": [
          -77.006831,
          38.88572
        ]
      },
      "properties": {
        "geoid": "7500000US110019800001072",
        "block": "1072",
        "tract": "980000",
        "population": 0,
        "matched_tile_id": 361
      }
    },
    {
      "type": "Feature",
      "geometry": {
        "type": "Point",
        "coordinates": [
          -77.008448,
          38.885525
        ]
      },
      "properties": {
        "geoid": "7500000US110019800001073",
        "block": "1073",
        "tract": "980000",
        "population": 0,
        "matched_tile_id": 360
      }
    },
    {
      "type": "Feature",
      "geometry": {
        "type": "Point",
        "coordinates": [
          -77.001616,
          38.886457
        ]
      },
      "properties": {
        "geoid": "7500000US110010065001003",
        "block": "1003",
        "tract": "006500",
        "population": 66,
        "matched_tile_id": 399
      }
    },
    {
      "type": "Feature",
      "geometry": {
        "type": "Point",
        "coordinates": [
          -77.007072,
          38.887052
        ]
      },
      "properties": {
        "geoid": "7500000US110019800001070",
        "block": "1070",
        "tract": "980000",
        "population": 4,
        "matched_tile_id": 427
      }
    },
    {
      "type": "Feature",
      "geometry": {
        "type": "Point",
        "coordinates": [
          -77.002851,
          38.886952
        ]
      },
      "properties": {
        "geoid": "7500000US110010065001002",
        "block": "1002",
        "tract": "006500",
        "population": 59,
        "matched_tile_id": 431
      }
    },
    {
      "type": "Feature",
      "geometry": {
        "type": "Point",
        "coordinates": [
          -77.008408,
          38.886905
        ]
      },
      "properties": {
        "geoid": "7500000US110019800001074",
        "block": "1074",
        "tract": "980000",
        "population": 0,
        "matched_tile_id": 426
      }
    },
    {
      "type": "Feature",
      "geometry": {
        "type": "Point",
        "coordinates": [
          -77.004989,
          38.886713
        ]
      },
      "properties": {
        "geoid": "7500000US110019800001071",
        "block": "1071",
        "tract": "980000",
        "population": 0,
        "matched_tile_id": 396
      }
    },
    {
      "type": "Feature",
      "geometry": {
        "type": "Point",
        "coordinates": [
          -77.001417,
          38.886819
        ]
      },
      "properties": {
        "geoid": "7500000US110010065001004",
        "block": "1004",
        "tract": "006500",
        "population": 0,
        "matched_tile_id": 432
      }
    },
    {
      "type": "Feature",
      "geometry": {
        "type": "Point",
        "coordinates": [
          -77.0014,
          38.887285
        ]
      },
      "properties": {
        "geoid": "7500000US110010066002004",
        "block": "2004",
        "tract": "006600",
        "population": 3,
        "matched_tile_id": 432
      }
    },
    {
      "type": "Feature",
      "geometry": {
        "type": "Point",
        "coordinates": [
          -77.002737,
          38.887354
        ]
      },
      "properties": {
        "geoid": "7500000US110010065001001",
        "block": "1001",
        "tract": "006500",
        "population": 0,
        "matched_tile_id": 431
      }
    },
    {
      "type": "Feature",
      "geometry": {
        "type": "Point",
        "coordinates": [
          -77.00266,
          38.887522
        ]
      },
      "properties": {
        "geoid": "7500000US110010065001000",
        "block": "1000",
        "tract": "006500",
        "population": 0,
        "matched_tile_id": 431
      }
    },
    {
      "type": "Feature",
      "geometry": {
        "type": "Point",
        "coordinates": [
          -77.008693,
          38.887857
        ]
      },
      "properties": {
        "geoid": "7500000US110019800001058",
        "block": "1058",
        "tract": "980000",
        "population": 0,
        "matched_tile_id": 458
      }
    },
    {
      "type": "Feature",
      "geometry": {
        "type": "Point",
        "coordinates": [
          -77.002716,
          38.888144
        ]
      },
      "properties": {
        "geoid": "7500000US110019800001192",
        "block": "1192",
        "tract": "980000",
        "population": 0,
        "matched_tile_id": 464
      }
    },
    {
      "type": "Feature",
      "geometry": {
        "type": "Point",
        "coordinates": [
          -77.007196,
          38.887721
        ]
      },
      "properties": {
        "geoid": "7500000US110019800001069",
        "block": "1069",
        "tract": "980000",
        "population": 0,
        "matched_tile_id": 460
      }
    },
    {
      "type": "Feature",
      "geometry": {
        "type": "Point",
        "coordinates": [
          -77.001765,
          38.888155
        ]
      },
      "properties": {
        "geoid": "7500000US110010066001006",
        "block": "1006",
        "tract": "006600",
        "population": 34,
        "matched_tile_id": 465
      }
    },
    {
      "type": "Feature",
      "geometry": {
        "type": "Point",
        "coordinates": [
          -77.006918,
          38.888665
        ]
      },
      "properties": {
        "geoid": "7500000US110019800001067",
        "block": "1067",
        "tract": "980000",
        "population": 0,
        "matched_tile_id": 494
      }
    },
    {
      "type": "Feature",
      "geometry": {
        "type": "Point",
        "coordinates": [
          -77.007939,
          38.888444
        ]
      },
      "properties": {
        "geoid": "7500000US110019800001068",
        "block": "1068",
        "tract": "980000",
        "population": 0,
        "matched_tile_id": 459
      }
    },
    {
      "type": "Feature",
      "geometry": {
        "type": "Point",
        "coordinates": [
          -76.992099,
          38.883052
        ]
      },
      "properties": {
        "geoid": "7500000US110010070002014",
        "block": "2014",
        "tract": "007000",
        "population": 0,
        "matched_tile_id": 274
      }
    },
    {
      "type": "Feature",
      "geometry": {
        "type": "Point",
        "coordinates": [
          -76.99973,
          38.883096
        ]
      },
      "properties": {
        "geoid": "7500000US110010065002011",
        "block": "2011",
        "tract": "006500",
        "population": 0,
        "matched_tile_id": 268
      }
    },
    {
      "type": "Feature",
      "geometry": {
        "type": "Point",
        "coordinates": [
          -76.99449,
          38.883282
        ]
      },
      "properties": {
        "geoid": "7500000US110010070002007",
        "block": "2007",
        "tract": "007000",
        "population": 38,
        "matched_tile_id": 273
      }
    },
    {
      "type": "Feature",
      "geometry": {
        "type": "Point",
        "coordinates": [
          -76.993301,
          38.882975
        ]
      },
      "properties": {
        "geoid": "7500000US110010070002012",
        "block": "2012",
        "tract": "007000",
        "population": 15,
        "matched_tile_id": 274
      }
    },
    {
      "type": "Feature",
      "geometry": {
        "type": "Point",
        "coordinates": [
          -76.995626,
          38.883362
        ]
      },
      "properties": {
        "geoid": "7500000US110010070002008",
        "block": "2008",
        "tract": "007000",
        "population": 62,
        "matched_tile_id": 305
      }
    },
    {
      "type": "Feature",
      "geometry": {
        "type": "Point",
        "coordinates": [
          -76.997197,
          38.883326
        ]
      },
      "properties": {
        "geoid": "7500000US110010070001000",
        "block": "1000",
        "tract": "007000",
        "population": 188,
        "matched_tile_id": 303
      }
    },
    {
      "type": "Feature",
      "geometry": {
        "type": "Point",
        "coordinates": [
          -76.999159,
          38.882913
        ]
      },
      "properties": {
        "geoid": "7500000US110010065002012",
        "block": "2012",
        "tract": "006500",
        "population": 0,
        "matched_tile_id": 269
      }
    },
    {
      "type": "Feature",
      "geometry": {
        "type": "Point",
        "coordinates": [
          -76.993345,
          38.883521
        ]
      },
      "properties": {
        "geoid": "7500000US110010070002013",
        "block": "2013",
        "tract": "007000",
        "population": 0,
        "matched_tile_id": 307
      }
    },
    {
      "type": "Feature",
      "geometry": {
        "type": "Point",
        "coordinates": [
          -76.99894,
          38.883664
        ]
      },
      "properties": {
        "geoid": "7500000US110010065002001",
        "block": "2001",
        "tract": "006500",
        "population": 76,
        "matched_tile_id": 302
      }
    },
    {
      "type": "Feature",
      "geometry": {
        "type": "Point",
        "coordinates": [
          -77.000152,
          38.883799
        ]
      },
      "properties": {
        "geoid": "7500000US110010065002002",
        "block": "2002",
        "tract": "006500",
        "population": 94,
        "matched_tile_id": 301
      }
    },
    {
      "type": "Feature",
      "geometry": {
        "type": "Point",
        "coordinates": [
          -76.997116,
          38.883877
        ]
      },
      "properties": {
        "geoid": "7500000US110010065002000",
        "block": "2000",
        "tract": "006500",
        "population": 133,
        "matched_tile_id": 303
      }
    },
    {
      "type": "Feature",
      "geometry": {
        "type": "Point",
        "coordinates": [
          -76.993387,
          38.883909
        ]
      },
      "properties": {
        "geoid": "7500000US110010069001014",
        "block": "1014",
        "tract": "006900",
        "population": 18,
        "matched_tile_id": 307
      }
    },
    {
      "type": "Feature",
      "geometry": {
        "type": "Point",
        "coordinates": [
          -76.99437,
          38.88394
        ]
      },
      "properties": {
        "geoid": "7500000US110010070002003",
        "block": "2003",
        "tract": "007000",
        "population": 0,
        "matched_tile_id": 306
      }
    },
    {
      "type": "Feature",
      "geometry": {
        "type": "Point",
        "coordinates": [
          -76.994708,
          38.883819
        ]
      },
      "properties": {
        "geoid": "7500000US110010070002006",
        "block": "2006",
        "tract": "007000",
        "population": 0,
        "matched_tile_id": 306
      }
    },
    {
      "type": "Feature",
      "geometry": {
        "type": "Point",
        "coordinates": [
          -76.995388,
          38.883923
        ]
      },
      "properties": {
        "geoid": "7500000US110010070002004",
        "block": "2004",
        "tract": "007000",
        "population": 0,
        "matched_tile_id": 305
      }
    },
    {
      "type": "Feature",
      "geometry": {
        "type": "Point",
        "coordinates": [
          -76.996047,
          38.884152
        ]
      },
      "properties": {
        "geoid": "7500000US110010070002005",
        "block": "2005",
        "tract": "007000",
        "population": 0,
        "matched_tile_id": 304
      }
    },
    {
      "type": "Feature",
      "geometry": {
        "type": "Point",
        "coordinates": [
          -76.994112,
          38.88418
        ]
      },
      "properties": {
        "geoid": "7500000US110010070002000",
        "block": "2000",
        "tract": "007000",
        "population": 0,
        "matched_tile_id": 306
      }
    },
    {
      "type": "Feature",
      "geometry": {
        "type": "Point",
        "coordinates": [
          -76.993468,
          38.884433
        ]
      },
      "properties": {
        "geoid": "7500000US110010069001013",
        "block": "1013",
        "tract": "006900",
        "population": 78,
        "matched_tile_id": 340
      }
    },
    {
      "type": "Feature",
      "geometry": {
        "type": "Point",
        "coordinates": [
          -76.992009,
          38.884601
        ]
      },
      "properties": {
        "geoid": "7500000US110010069001012",
        "block": "1012",
        "tract": "006900",
        "population": 58,
        "matched_tile_id": 340
      }
    },
    {
      "type": "Feature",
      "geometry": {
        "type": "Point",
        "coordinates": [
          -76.995435,
          38.884559
        ]
      },
      "properties": {
        "geoid": "7500000US110010070002002",
        "block": "2002",
        "tract": "007000",
        "population": 0,
        "matched_tile_id": 338
      }
    },
    {
      "type": "Feature",
      "geometry": {
        "type": "Point",
        "coordinates": [
          -77.000057,
          38.885163
        ]
      },
      "properties": {
        "geoid": "7500000US110010065001014",
        "block": "1014",
        "tract": "006500",
        "population": 58,
        "matched_tile_id": 367
      }
    },
    {
      "type": "Feature",
      "geometry": {
        "type": "Point",
        "coordinates": [
          -76.99909,
          38.885125
        ]
      },
      "properties": {
        "geoid": "7500000US110010065001018",
        "block": "1018",
        "tract": "006500",
        "population": 150,
        "matched_tile_id": 368
      }
    },
    {
      "type": "Feature",
      "geometry": {
        "type": "Point",
        "coordinates": [
          -77.001618,
          38.884883
        ]
      },
      "properties": {
        "geoid": "7500000US110010065001015",
        "block": "1015",
        "tract": "006500",
        "population": 52,
        "matched_tile_id": 333
      }
    },
    {
      "type": "Feature",
      "geometry": {
        "type": "Point",
        "coordinates": [
          -76.997308,
          38.884714
        ]
      },
      "properties": {
        "geoid": "7500000US110010065001017",
        "block": "1017",
        "tract": "006500",
        "population": 72,
        "matched_tile_id": 336
      }
    },
    {
      "type": "Feature",
      "geometry": {
        "type": "Point",
        "coordinates": [
          -76.994451,
          38.884509
        ]
      },
      "properties": {
        "geoid": "7500000US110010070002001",
        "block": "2001",
        "tract": "007000",
        "population": 0,
        "matched_tile_id": 339
      }
    },
    {
      "type": "Feature",
      "geometry": {
        "type": "Point",
        "coordinates": [
          -76.995447,
          38.884996
        ]
      },
      "properties": {
        "geoid": "7500000US110010066002009",
        "block": "2009",
        "tract": "006600",
        "population": 213,
        "matched_tile_id": 338
      }
    },
    {
      "type": "Feature",
      "geometry": {
        "type": "Point",
        "coordinates": [
          -76.993444,
          38.885115
        ]
      },
      "properties": {
        "geoid": "7500000US110010067003011",
        "block": "3011",
        "tract": "006700",
        "population": 136,
        "matched_tile_id": 340
      }
    },
    {
      "type": "Feature",
      "geometry": {
        "type": "Point",
        "coordinates": [
          -76.997479,
          38.885214
        ]
      },
      "properties": {
        "geoid": "7500000US110010065001016",
        "block": "1016",
        "tract": "006500",
        "population": 0,
        "matched_tile_id": 369
      }
    },
    {
      "type": "Feature",
      "geometry": {
        "type": "Point",
        "coordinates": [
          -76.994299,
          38.885268
        ]
      },
      "properties": {
        "geoid": "7500000US110010067003013",
        "block": "3013",
        "tract": "006700",
        "population": 159,
        "matched_tile_id": 372
      }
    },
    {
      "type": "Feature",
      "geometry": {
        "type": "Point",
        "coordinates": [
          -76.992104,
          38.885656
        ]
      },
      "properties": {
        "geoid": "7500000US110010067003012",
        "block": "3012",
        "tract": "006700",
        "population": 100,
        "matched_tile_id": 373
      }
    },
    {
      "type": "Feature",
      "geometry": {
        "type": "Point",
        "coordinates": [
          -77.027246,
          38.883535
        ]
      },
      "properties": {
        "geoid": "7500000US110010102026002",
        "block": "6002",
        "tract": "010202",
        "population": 0,
        "matched_tile_id": 277
      }
    },
    {
      "type": "Feature",
      "geometry": {
        "type": "Point",
        "coordinates": [
          -77.025036,
          38.883286
        ]
      },
      "properties": {
        "geoid": "7500000US110010102026001",
        "block": "6001",
        "tract": "010202",
        "population": 0,
        "matched_tile_id": 279
      }
    },
    {
      "type": "Feature",
      "geometry": {
        "type": "Point",
        "coordinates": [
          -77.020133,
          38.882789
        ]
      },
      "properties": {
        "geoid": "7500000US110010102024004",
        "block": "4004",
        "tract": "010202",
        "population": 0,
        "matched_tile_id": 250
      }
    },
    {
      "type": "Feature",
      "geometry": {
        "type": "Point",
        "coordinates": [
          -77.023172,
          38.883578
        ]
      },
      "properties": {
        "geoid": "7500000US110010102026000",
        "block": "6000",
        "tract": "010202",
        "population": 0,
        "matched_tile_id": 281
      }
    },
    {
      "type": "Feature",
      "geometry": {
        "type": "Point",
        "coordinates": [
          -77.02085,
          38.882947
        ]
      },
      "properties": {
        "geoid": "7500000US110010102024003",
        "block": "4003",
        "tract": "010202",
        "population": 29,
        "matched_tile_id": 283
      }
    },
    {
      "type": "Feature",
      "geometry": {
        "type": "Point",
        "coordinates": [
          -77.029859,
          38.883367
        ]
      },
      "properties": {
        "geoid": "7500000US110010102025007",
        "block": "5007",
        "tract": "010202",
        "population": 0,
        "matched_tile_id": 275
      }
    },
    {
      "type": "Feature",
      "geometry": {
        "type": "Point",
        "coordinates": [
          -77.020601,
          38.884111
        ]
      },
      "properties": {
        "geoid": "7500000US110010102024002",
        "block": "4002",
        "tract": "010202",
        "population": 0,
        "matched_tile_id": 316
      }
    },
    {
      "type": "Feature",
      "geometry": {
        "type": "Point",
        "coordinates": [
          -77.027641,
          38.884693
        ]
      },
      "properties": {
        "geoid": "7500000US110010102023005",
        "block": "3005",
        "tract": "010202",
        "population": 0,
        "matched_tile_id": 343
      }
    },
    {
      "type": "Feature",
      "geometry": {
        "type": "Point",
        "coordinates": [
          -77.027513,
          38.88579
        ]
      },
      "properties": {
        "geoid": "7500000US110010102023004",
        "block": "3004",
        "tract": "010202",
        "population": 0,
        "matched_tile_id": 376
      }
    },
    {
      "type": "Feature",
      "geometry": {
        "type": "Point",
        "coordinates": [
          -77.026663,
          38.886171
        ]
      },
      "properties": {
        "geoid": "7500000US110010102023001",
        "block": "3001",
        "tract": "010202",
        "population": 0,
        "matched_tile_id": 377
      }
    },
    {
      "type": "Feature",
      "geometry": {
        "type": "Point",
        "coordinates": [
          -77.023007,
          38.885573
        ]
      },
      "properties": {
        "geoid": "7500000US110010102023003",
        "block": "3003",
        "tract": "010202",
        "population": 0,
        "matched_tile_id": 380
      }
    },
    {
      "type": "Feature",
      "geometry": {
        "type": "Point",
        "coordinates": [
          -77.020957,
          38.88514
        ]
      },
      "properties": {
        "geoid": "7500000US110010102021005",
        "block": "1005",
        "tract": "010202",
        "population": 0,
        "matched_tile_id": 349
      }
    },
    {
      "type": "Feature",
      "geometry": {
        "type": "Point",
        "coordinates": [
          -77.019049,
          38.885324
        ]
      },
      "properties": {
        "geoid": "7500000US110010102021004",
        "block": "1004",
        "tract": "010202",
        "population": 0,
        "matched_tile_id": 350
      }
    },
    {
      "type": "Feature",
      "geometry": {
        "type": "Point",
        "coordinates": [
          -77.025381,
          38.885048
        ]
      },
      "properties": {
        "geoid": "7500000US110010102023002",
        "block": "3002",
        "tract": "010202",
        "population": 0,
        "matched_tile_id": 345
      }
    },
    {
      "type": "Feature",
      "geometry": {
        "type": "Point",
        "coordinates": [
          -77.028768,
          38.885499
        ]
      },
      "properties": {
        "geoid": "7500000US110010102025004",
        "block": "5004",
        "tract": "010202",
        "population": 0,
        "matched_tile_id": 375
      }
    },
    {
      "type": "Feature",
      "geometry": {
        "type": "Point",
        "coordinates": [
          -77.020647,
          38.885857
        ]
      },
      "properties": {
        "geoid": "7500000US110010102021002",
        "block": "1002",
        "tract": "010202",
        "population": 0,
        "matched_tile_id": 382
      }
    },
    {
      "type": "Feature",
      "geometry": {
        "type": "Point",
        "coordinates": [
          -77.029729,
          38.886873
        ]
      },
      "properties": {
        "geoid": "7500000US110010102025000",
        "block": "5000",
        "tract": "010202",
        "population": 0,
        "matched_tile_id": 407
      }
    },
    {
      "type": "Feature",
      "geometry": {
        "type": "Point",
        "coordinates": [
          -77.020921,
          38.887144
        ]
      },
      "properties": {
        "geoid": "7500000US110010102021001",
        "block": "1001",
        "tract": "010202",
        "population": 0,
        "matched_tile_id": 415
      }
    },
    {
      "type": "Feature",
      "geometry": {
        "type": "Point",
        "coordinates": [
          -77.022919,
          38.887096
        ]
      },
      "properties": {
        "geoid": "7500000US110010102023000",
        "block": "3000",
        "tract": "010202",
        "population": 15,
        "matched_tile_id": 413
      }
    },
    {
      "type": "Feature",
      "geometry": {
        "type": "Point",
        "coordinates": [
          -77.010683,
          38.883318
        ]
      },
      "properties": {
        "geoid": "7500000US110010105004002",
        "block": "4002",
        "tract": "010500",
        "population": 0,
        "matched_tile_id": 292
      }
    },
    {
      "type": "Feature",
      "geometry": {
        "type": "Point",
        "coordinates": [
          -77.013048,
          38.88393
        ]
      },
      "properties": {
        "geoid": "7500000US110010105004003",
        "block": "4003",
        "tract": "010500",
        "population": 0,
        "matched_tile_id": 323
      }
    },
    {
      "type": "Feature",
      "geometry": {
        "type": "Point",
        "coordinates": [
          -77.01465,
          38.882926
        ]
      },
      "properties": {
        "geoid": "7500000US110010105004008",
        "block": "4008",
        "tract": "010500",
        "population": 0,
        "matched_tile_id": 255
      }
    },
    {
      "type": "Feature",
      "geometry": {
        "type": "Point",
        "coordinates": [
          -77.010769,
          38.884853
        ]
      },
      "properties": {
        "geoid": "7500000US110010105004000",
        "block": "4000",
        "tract": "010500",
        "population": 0,
        "matched_tile_id": 358
      }
    },
    {
      "type": "Feature",
      "geometry": {
        "type": "Point",
        "coordinates": [
          -77.013119,
          38.88459
        ]
      },
      "properties": {
        "geoid": "7500000US110010105004004",
        "block": "4004",
        "tract": "010500",
        "population": 0,
        "matched_tile_id": 323
      }
    },
    {
      "type": "Feature",
      "geometry": {
        "type": "Point",
        "coordinates": [
          -77.01871,
          38.883684
        ]
      },
      "properties": {
        "geoid": "7500000US110010102024005",
        "block": "4005",
        "tract": "010202",
        "population": 14,
        "matched_tile_id": 285
      }
    },
    {
      "type": "Feature",
      "geometry": {
        "type": "Point",
        "coordinates": [
          -77.01643,
          38.883904
        ]
      },
      "properties": {
        "geoid": "7500000US110010105004011",
        "block": "4011",
        "tract": "010500",
        "population": 13,
        "matched_tile_id": 320
      }
    },
    {
      "type": "Feature",
      "geometry": {
        "type": "Point",
        "coordinates": [
          -77.014256,
          38.884077
        ]
      },
      "properties": {
        "geoid": "7500000US110010105004009",
        "block": "4009",
        "tract": "010500",
        "population": 0,
        "matched_tile_id": 322
      }
    },
    {
      "type": "Feature",
      "geometry": {
        "type": "Point",
        "coordinates": [
          -77.012147,
          38.885129
        ]
      },
      "properties": {
        "geoid": "7500000US110010105004001",
        "block": "4001",
        "tract": "010500",
        "population": 0,
        "matched_tile_id": 356
      }
    },
    {
      "type": "Feature",
      "geometry": {
        "type": "Point",
        "coordinates": [
          -77.009143,
          38.883983
        ]
      },
      "properties": {
        "geoid": "7500000US110019800001197",
        "block": "1197",
        "tract": "980000",
        "population": 0,
        "matched_tile_id": 326
      }
    },
    {
      "type": "Feature",
      "geometry": {
        "type": "Point",
        "coordinates": [
          -77.019086,
          38.884419
        ]
      },
      "properties": {
        "geoid": "7500000US110010102024001",
        "block": "4001",
        "tract": "010202",
        "population": 0,
        "matched_tile_id": 317
      }
    },
    {
      "type": "Feature",
      "geometry": {
        "type": "Point",
        "coordinates": [
          -77.009919,
          38.884667
        ]
      },
      "properties": {
        "geoid": "7500000US110019800001196",
        "block": "1196",
        "tract": "980000",
        "population": 0,
        "matched_tile_id": 325
      }
    },
    {
      "type": "Feature",
      "geometry": {
        "type": "Point",
        "coordinates": [
          -77.016015,
          38.884693
        ]
      },
      "properties": {
        "geoid": "7500000US110010105004010",
        "block": "4010",
        "tract": "010500",
        "population": 0,
        "matched_tile_id": 320
      }
    },
    {
      "type": "Feature",
      "geometry": {
        "type": "Point",
        "coordinates": [
          -77.018237,
          38.884715
        ]
      },
      "properties": {
        "geoid": "7500000US110010102024000",
        "block": "4000",
        "tract": "010202",
        "population": 0,
        "matched_tile_id": 351
      }
    },
    {
      "type": "Feature",
      "geometry": {
        "type": "Point",
        "coordinates": [
          -77.014423,
          38.885517
        ]
      },
      "properties": {
        "geoid": "7500000US110010105001004",
        "block": "1004",
        "tract": "010500",
        "population": 0,
        "matched_tile_id": 354
      }
    },
    {
      "type": "Feature",
      "geometry": {
        "type": "Point",
        "coordinates": [
          -77.010739,
          38.88573
        ]
      },
      "properties": {
        "geoid": "7500000US110019800001195",
        "block": "1195",
        "tract": "980000",
        "population": 0,
        "matched_tile_id": 391
      }
    },
    {
      "type": "Feature",
      "geometry": {
        "type": "Point",
        "coordinates": [
          -77.016228,
          38.885472
        ]
      },
      "properties": {
        "geoid": "7500000US110010105001003",
        "block": "1003",
        "tract": "010500",
        "population": 0,
        "matched_tile_id": 353
      }
    },
    {
      "type": "Feature",
      "geometry": {
        "type": "Point",
        "coordinates": [
          -77.010943,
          38.886797
        ]
      },
      "properties": {
        "geoid": "7500000US110019800001075",
        "block": "1075",
        "tract": "980000",
        "population": 0,
        "matched_tile_id": 423
      }
    },
    {
      "type": "Feature",
      "geometry": {
        "type": "Point",
        "coordinates": [
          -77.013018,
          38.887062
        ]
      },
      "properties": {
        "geoid": "7500000US110019800001076",
        "block": "1076",
        "tract": "980000",
        "population": 0,
        "matched_tile_id": 422
      }
    },
    {
      "type": "Feature",
      "geometry": {
        "type": "Point",
        "coordinates": [
          -77.016324,
          38.886987
        ]
      },
      "properties": {
        "geoid": "7500000US110010105001002",
        "block": "1002",
        "tract": "010500",
        "population": 0,
        "matched_tile_id": 419
      }
    },
    {
      "type": "Feature",
      "geometry": {
        "type": "Point",
        "coordinates": [
          -77.018776,
          38.886838
        ]
      },
      "properties": {
        "geoid": "7500000US110010102021003",
        "block": "1003",
        "tract": "010202",
        "population": 0,
        "matched_tile_id": 417
      }
    },
    {
      "type": "Feature",
      "geometry": {
        "type": "Point",
        "coordinates": [
          -77.014277,
          38.886763
        ]
      },
      "properties": {
        "geoid": "7500000US110010105001001",
        "block": "1001",
        "tract": "010500",
        "population": 0,
        "matched_tile_id": 421
      }
    },
    {
      "type": "Feature",
      "geometry": {
        "type": "Point",
        "coordinates": [
          -77.013491,
          38.886731
        ]
      },
      "properties": {
        "geoid": "7500000US110010105001006",
        "block": "1006",
        "tract": "010500",
        "population": 0,
        "matched_tile_id": 421
      }
    },
    {
      "type": "Feature",
      "geometry": {
        "type": "Point",
        "coordinates": [
          -77.01332,
          38.886851
        ]
      },
      "properties": {
        "geoid": "7500000US110010105001005",
        "block": "1005",
        "tract": "010500",
        "population": 0,
        "matched_tile_id": 421
      }
    },
    {
      "type": "Feature",
      "geometry": {
        "type": "Point",
        "coordinates": [
          -77.013776,
          38.887125
        ]
      },
      "properties": {
        "geoid": "7500000US110010105001000",
        "block": "1000",
        "tract": "010500",
        "population": 0,
        "matched_tile_id": 421
      }
    },
    {
      "type": "Feature",
      "geometry": {
        "type": "Point",
        "coordinates": [
          -77.018881,
          38.887222
        ]
      },
      "properties": {
        "geoid": "7500000US110010102021000",
        "block": "1000",
        "tract": "010202",
        "population": 0,
        "matched_tile_id": 417
      }
    },
    {
      "type": "Feature",
      "geometry": {
        "type": "Point",
        "coordinates": [
          -77.014031,
          38.888042
        ]
      },
      "properties": {
        "geoid": "7500000US110019800001077",
        "block": "1077",
        "tract": "980000",
        "population": 0,
        "matched_tile_id": 454
      }
    },
    {
      "type": "Feature",
      "geometry": {
        "type": "Point",
        "coordinates": [
          -77.014632,
          38.887962
        ]
      },
      "properties": {
        "geoid": "7500000US110019800001078",
        "block": "1078",
        "tract": "980000",
        "population": 0,
        "matched_tile_id": 453
      }
    },
    {
      "type": "Feature",
      "geometry": {
        "type": "Point",
        "coordinates": [
          -77.015823,
          38.887773
        ]
      },
      "properties": {
        "geoid": "7500000US110019800001079",
        "block": "1079",
        "tract": "980000",
        "population": 0,
        "matched_tile_id": 452
      }
    },
    {
      "type": "Feature",
      "geometry": {
        "type": "Point",
        "coordinates": [
          -77.011356,
          38.888002
        ]
      },
      "properties": {
        "geoid": "7500000US110019800001056",
        "block": "1056",
        "tract": "980000",
        "population": 0,
        "matched_tile_id": 456
      }
    },
    {
      "type": "Feature",
      "geometry": {
        "type": "Point",
        "coordinates": [
          -77.009546,
          38.887791
        ]
      },
      "properties": {
        "geoid": "7500000US110019800001057",
        "block": "1057",
        "tract": "980000",
        "population": 4,
        "matched_tile_id": 458
      }
    },
    {
      "type": "Feature",
      "geometry": {
        "type": "Point",
        "coordinates": [
          -76.999839,
          38.879184
        ]
      },
      "properties": {
        "geoid": "7500000US110010072034006",
        "block": "4006",
        "tract": "007203",
        "population": 124,
        "matched_tile_id": 144
      }
    },
    {
      "type": "Feature",
      "geometry": {
        "type": "Point",
        "coordinates": [
          -76.999184,
          38.879023
        ]
      },
      "properties": {
        "geoid": "7500000US110010072032003",
        "block": "2003",
        "tract": "007203",
        "population": 15,
        "matched_tile_id": 145
      }
    },
    {
      "type": "Feature",
      "geometry": {
        "type": "Point",
        "coordinates": [
          -76.996115,
          38.878856
        ]
      },
      "properties": {
        "geoid": "7500000US110010072032001",
        "block": "2001",
        "tract": "007203",
        "population": 0,
        "matched_tile_id": 147
      }
    },
    {
      "type": "Feature",
      "geometry": {
        "type": "Point",
        "coordinates": [
          -76.99816,
          38.879197
        ]
      },
      "properties": {
        "geoid": "7500000US110010072032002",
        "block": "2002",
        "tract": "007203",
        "population": 0,
        "matched_tile_id": 145
      }
    },
    {
      "type": "Feature",
      "geometry": {
        "type": "Point",
        "coordinates": [
          -76.993295,
          38.879022
        ]
      },
      "properties": {
        "geoid": "7500000US110010070002022",
        "block": "2022",
        "tract": "007000",
        "population": 255,
        "matched_tile_id": 150
      }
    },
    {
      "type": "Feature",
      "geometry": {
        "type": "Point",
        "coordinates": [
          -76.995725,
          38.878879
        ]
      },
      "properties": {
        "geoid": "7500000US110010070002025",
        "block": "2025",
        "tract": "007000",
        "population": 0,
        "matched_tile_id": 148
      }
    },
    {
      "type": "Feature",
      "geometry": {
        "type": "Point",
        "coordinates": [
          -76.995719,
          38.879091
        ]
      },
      "properties": {
        "geoid": "7500000US110010070002021",
        "block": "2021",
        "tract": "007000",
        "population": 0,
        "matched_tile_id": 148
      }
    },
    {
      "type": "Feature",
      "geometry": {
        "type": "Point",
        "coordinates": [
          -76.997573,
          38.879301
        ]
      },
      "properties": {
        "geoid": "7500000US110010070001014",
        "block": "1014",
        "tract": "007000",
        "population": 0,
        "matched_tile_id": 146
      }
    },
    {
      "type": "Feature",
      "geometry": {
        "type": "Point",
        "coordinates": [
          -76.997237,
          38.879462
        ]
      },
      "properties": {
        "geoid": "7500000US110010070001015",
        "block": "1015",
        "tract": "007000",
        "population": 4,
        "matched_tile_id": 146
      }
    },
    {
      "type": "Feature",
      "geometry": {
        "type": "Point",
        "coordinates": [
          -76.99223,
          38.880154
        ]
      },
      "properties": {
        "geoid": "7500000US110010070002017",
        "block": "2017",
        "tract": "007000",
        "population": 0,
        "matched_tile_id": 180
      }
    },
    {
      "type": "Feature",
      "geometry": {
        "type": "Point",
        "coordinates": [
          -76.993217,
          38.880238
        ]
      },
      "properties": {
        "geoid": "7500000US110010070002018",
        "block": "2018",
        "tract": "007000",
        "population": 203,
        "matched_tile_id": 180
      }
    },
    {
      "type": "Feature",
      "geometry": {
        "type": "Point",
        "coordinates": [
          -76.999823,
          38.87961
        ]
      },
      "properties": {
        "geoid": "7500000US110010072034000",
        "block": "4000",
        "tract": "007203",
        "population": 0,
        "matched_tile_id": 144
      }
    },
    {
      "type": "Feature",
      "geometry": {
        "type": "Point",
        "coordinates": [
          -76.994351,
          38.880403
        ]
      },
      "properties": {
        "geoid": "7500000US110010070002019",
        "block": "2019",
        "tract": "007000",
        "population": 12,
        "matched_tile_id": 179
      }
    },
    {
      "type": "Feature",
      "geometry": {
        "type": "Point",
        "coordinates": [
          -76.995723,
          38.880283
        ]
      },
      "properties": {
        "geoid": "7500000US110010070002020",
        "block": "2020",
        "tract": "007000",
        "population": 203,
        "matched_tile_id": 178
      }
    },
    {
      "type": "Feature",
      "geometry": {
        "type": "Point",
        "coordinates": [
          -76.997342,
          38.879787
        ]
      },
      "properties": {
        "geoid": "7500000US110010070001016",
        "block": "1016",
        "tract": "007000",
        "population": 81,
        "matched_tile_id": 176
      }
    },
    {
      "type": "Feature",
      "geometry": {
        "type": "Point",
        "coordinates": [
          -76.999847,
          38.879965
        ]
      },
      "properties": {
        "geoid": "7500000US110010070001013",
        "block": "1013",
        "tract": "007000",
        "population": 0,
        "matched_tile_id": 174
      }
    },
    {
      "type": "Feature",
      "geometry": {
        "type": "Point",
        "coordinates": [
          -76.999771,
          38.88011
        ]
      },
      "properties": {
        "geoid": "7500000US110010070001010",
        "block": "1010",
        "tract": "007000",
        "population": 0,
        "matched_tile_id": 174
      }
    },
    {
      "type": "Feature",
      "geometry": {
        "type": "Point",
        "coordinates": [
          -76.997336,
          38.880226
        ]
      },
      "properties": {
        "geoid": "7500000US110010070001017",
        "block": "1017",
        "tract": "007000",
        "population": 173,
        "matched_tile_id": 176
      }
    },
    {
      "type": "Feature",
      "geometry": {
        "type": "Point",
        "coordinates": [
          -76.998871,
          38.880628
        ]
      },
      "properties": {
        "geoid": "7500000US110010070001007",
        "block": "1007",
        "tract": "007000",
        "population": 174,
        "matched_tile_id": 205
      }
    },
    {
      "type": "Feature",
      "geometry": {
        "type": "Point",
        "coordinates": [
          -77.00009,
          38.880685
        ]
      },
      "properties": {
        "geoid": "7500000US110010070001006",
        "block": "1006",
        "tract": "007000",
        "population": 130,
        "matched_tile_id": 204
      }
    },
    {
      "type": "Feature",
      "geometry": {
        "type": "Point",
        "coordinates": [
          -76.997469,
          38.881107
        ]
      },
      "properties": {
        "geoid": "7500000US110010070001008",
        "block": "1008",
        "tract": "007000",
        "population": 142,
        "matched_tile_id": 206
      }
    },
    {
      "type": "Feature",
      "geometry": {
        "type": "Point",
        "coordinates": [
          -76.994532,
          38.882031
        ]
      },
      "properties": {
        "geoid": "7500000US110010070002010",
        "block": "2010",
        "tract": "007000",
        "population": 95,
        "matched_tile_id": 240
      }
    },
    {
      "type": "Feature",
      "geometry": {
        "type": "Point",
        "coordinates": [
          -76.99215,
          38.882123
        ]
      },
      "properties": {
        "geoid": "7500000US110010070002016",
        "block": "2016",
        "tract": "007000",
        "population": 107,
        "matched_tile_id": 241
      }
    },
    {
      "type": "Feature",
      "geometry": {
        "type": "Point",
        "coordinates": [
          -76.993147,
          38.882058
        ]
      },
      "properties": {
        "geoid": "7500000US110010070002011",
        "block": "2011",
        "tract": "007000",
        "population": 137,
        "matched_tile_id": 241
      }
    },
    {
      "type": "Feature",
      "geometry": {
        "type": "Point",
        "coordinates": [
          -76.996721,
          38.88199
        ]
      },
      "properties": {
        "geoid": "7500000US110010070001009",
        "block": "1009",
        "tract": "007000",
        "population": 109,
        "matched_tile_id": 238
      }
    },
    {
      "type": "Feature",
      "geometry": {
        "type": "Point",
        "coordinates": [
          -76.99567,
          38.881968
        ]
      },
      "properties": {
        "geoid": "7500000US110010070002009",
        "block": "2009",
        "tract": "007000",
        "population": 66,
        "matched_tile_id": 239
      }
    },
    {
      "type": "Feature",
      "geometry": {
        "type": "Point",
        "coordinates": [
          -77.000269,
          38.881943
        ]
      },
      "properties": {
        "geoid": "7500000US110010070001003",
        "block": "1003",
        "tract": "007000",
        "population": 131,
        "matched_tile_id": 235
      }
    },
    {
      "type": "Feature",
      "geometry": {
        "type": "Point",
        "coordinates": [
          -76.997975,
          38.882223
        ]
      },
      "properties": {
        "geoid": "7500000US110010070001001",
        "block": "1001",
        "tract": "007000",
        "population": 99,
        "matched_tile_id": 237
      }
    },
    {
      "type": "Feature",
      "geometry": {
        "type": "Point",
        "coordinates": [
          -76.999098,
          38.882089
        ]
      },
      "properties": {
        "geoid": "7500000US110010070001002",
        "block": "1002",
        "tract": "007000",
        "population": 118,
        "matched_tile_id": 236
      }
    },
    {
      "type": "Feature",
      "geometry": {
        "type": "Point",
        "coordinates": [
          -76.992269,
          38.882844
        ]
      },
      "properties": {
        "geoid": "7500000US110010070002015",
        "block": "2015",
        "tract": "007000",
        "population": 0,
        "matched_tile_id": 274
      }
    },
    {
      "type": "Feature",
      "geometry": {
        "type": "Point",
        "coordinates": [
          -77.00327,
          38.878033
        ]
      },
      "properties": {
        "geoid": "7500000US110010072034013",
        "block": "4013",
        "tract": "007203",
        "population": 0,
        "matched_tile_id": 110
      }
    },
    {
      "type": "Feature",
      "geometry": {
        "type": "Point",
        "coordinates": [
          -77.000938,
          38.878972
        ]
      },
      "properties": {
        "geoid": "7500000US110010072034007",
        "block": "4007",
        "tract": "007203",
        "population": 96,
        "matched_tile_id": 143
      }
    },
    {
      "type": "Feature",
      "geometry": {
        "type": "Point",
        "coordinates": [
          -77.001834,
          38.878881
        ]
      },
      "properties": {
        "geoid": "7500000US110010072034008",
        "block": "4008",
        "tract": "007203",
        "population": 100,
        "matched_tile_id": 142
      }
    },
    {
      "type": "Feature",
      "geometry": {
        "type": "Point",
        "coordinates": [
          -77.00419,
          38.878929
        ]
      },
      "properties": {
        "geoid": "7500000US110010072034011",
        "block": "4011",
        "tract": "007203",
        "population": 0,
        "matched_tile_id": 140
      }
    },
    {
      "type": "Feature",
      "geometry": {
        "type": "Point",
        "coordinates": [
          -77.002446,
          38.878915
        ]
      },
      "properties": {
        "geoid": "7500000US110010072034009",
        "block": "4009",
        "tract": "007203",
        "population": 14,
        "matched_tile_id": 142
      }
    },
    {
      "type": "Feature",
      "geometry": {
        "type": "Point",
        "coordinates": [
          -77.005478,
          38.878929
        ]
      },
      "properties": {
        "geoid": "7500000US110010072022000",
        "block": "2000",
        "tract": "007202",
        "population": 372,
        "matched_tile_id": 139
      }
    },
    {
      "type": "Feature",
      "geometry": {
        "type": "Point",
        "coordinates": [
          -77.006737,
          38.878931
        ]
      },
      "properties": {
        "geoid": "7500000US110010072022001",
        "block": "2001",
        "tract": "007202",
        "population": 22,
        "matched_tile_id": 138
      }
    },
    {
      "type": "Feature",
      "geometry": {
        "type": "Point",
        "coordinates": [
          -77.003323,
          38.878918
        ]
      },
      "properties": {
        "geoid": "7500000US110010072034010",
        "block": "4010",
        "tract": "007203",
        "population": 0,
        "matched_tile_id": 141
      }
    },
    {
      "type": "Feature",
      "geometry": {
        "type": "Point",
        "coordinates": [
          -77.008416,
          38.878889
        ]
      },
      "properties": {
        "geoid": "7500000US110010072022002",
        "block": "2002",
        "tract": "007202",
        "population": 501,
        "matched_tile_id": 137
      }
    },
    {
      "type": "Feature",
      "geometry": {
        "type": "Point",
        "coordinates": [
          -77.00029,
          38.879478
        ]
      },
      "properties": {
        "geoid": "7500000US110010072034005",
        "block": "4005",
        "tract": "007203",
        "population": 0,
        "matched_tile_id": 144
      }
    },
    {
      "type": "Feature",
      "geometry": {
        "type": "Point",
        "coordinates": [
          -77.00143,
          38.879699
        ]
      },
      "properties": {
        "geoid": "7500000US110010072034004",
        "block": "4004",
        "tract": "007203",
        "population": 112,
        "matched_tile_id": 173
      }
    },
    {
      "type": "Feature",
      "geometry": {
        "type": "Point",
        "coordinates": [
          -77.007584,
          38.880429
        ]
      },
      "properties": {
        "geoid": "7500000US110010072023000",
        "block": "3000",
        "tract": "007202",
        "population": 1837,
        "matched_tile_id": 197
      }
    },
    {
      "type": "Feature",
      "geometry": {
        "type": "Point",
        "coordinates": [
          -77.002827,
          38.879979
        ]
      },
      "properties": {
        "geoid": "7500000US110010072034003",
        "block": "4003",
        "tract": "007203",
        "population": 0,
        "matched_tile_id": 171
      }
    },
    {
      "type": "Feature",
      "geometry": {
        "type": "Point",
        "coordinates": [
          -77.004363,
          38.880331
        ]
      },
      "properties": {
        "geoid": "7500000US110010072033000",
        "block": "3000",
        "tract": "007203",
        "population": 1121,
        "matched_tile_id": 170
      }
    },
    {
      "type": "Feature",
      "geometry": {
        "type": "Point",
        "coordinates": [
          -77.009061,
          38.880543
        ]
      },
      "properties": {
        "geoid": "7500000US110010072023001",
        "block": "3001",
        "tract": "007202",
        "population": 12,
        "matched_tile_id": 196
      }
    },
    {
      "type": "Feature",
      "geometry": {
        "type": "Point",
        "coordinates": [
          -77.001325,
          38.880136
        ]
      },
      "properties": {
        "geoid": "7500000US110010072034001",
        "block": "4001",
        "tract": "007203",
        "population": 0,
        "matched_tile_id": 173
      }
    },
    {
      "type": "Feature",
      "geometry": {
        "type": "Point",
        "coordinates": [
          -77.001533,
          38.880413
        ]
      },
      "properties": {
        "geoid": "7500000US110010070001012",
        "block": "1012",
        "tract": "007000",
        "population": 0,
        "matched_tile_id": 173
      }
    },
    {
      "type": "Feature",
      "geometry": {
        "type": "Point",
        "coordinates": [
          -77.0028,
          38.880584
        ]
      },
      "properties": {
        "geoid": "7500000US110010072034002",
        "block": "4002",
        "tract": "007203",
        "population": 0,
        "matched_tile_id": 201
      }
    },
    {
      "type": "Feature",
      "geometry": {
        "type": "Point",
        "coordinates": [
          -77.00128,
          38.880552
        ]
      },
      "properties": {
        "geoid": "7500000US110010070001011",
        "block": "1011",
        "tract": "007000",
        "population": 0,
        "matched_tile_id": 203
      }
    },
    {
      "type": "Feature",
      "geometry": {
        "type": "Point",
        "coordinates": [
          -77.001433,
          38.880939
        ]
      },
      "properties": {
        "geoid": "7500000US110010070001005",
        "block": "1005",
        "tract": "007000",
        "population": 0,
        "matched_tile_id": 203
      }
    },
    {
      "type": "Feature",
      "geometry": {
        "type": "Point",
        "coordinates": [
          -77.003103,
          38.880794
        ]
      },
      "properties": {
        "geoid": "7500000US110010065002021",
        "block": "2021",
        "tract": "006500",
        "population": 0,
        "matched_tile_id": 201
      }
    },
    {
      "type": "Feature",
      "geometry": {
        "type": "Point",
        "coordinates": [
          -77.004023,
          38.881605
        ]
      },
      "properties": {
        "geoid": "7500000US110010065002014",
        "block": "2014",
        "tract": "006500",
        "population": 0,
        "matched_tile_id": 231
      }
    },
    {
      "type": "Feature",
      "geometry": {
        "type": "Point",
        "coordinates": [
          -77.004929,
          38.880921
        ]
      },
      "properties": {
        "geoid": "7500000US110010065002022",
        "block": "2022",
        "tract": "006500",
        "population": 0,
        "matched_tile_id": 200
      }
    },
    {
      "type": "Feature",
      "geometry": {
        "type": "Point",
        "coordinates": [
          -77.007599,
          38.881231
        ]
      },
      "properties": {
        "geoid": "7500000US110010065002023",
        "block": "2023",
        "tract": "006500",
        "population": 0,
        "matched_tile_id": 197
      }
    },
    {
      "type": "Feature",
      "geometry": {
        "type": "Point",
        "coordinates": [
          -77.005217,
          38.881121
        ]
      },
      "properties": {
        "geoid": "7500000US110010065002015",
        "block": "2015",
        "tract": "006500",
        "population": 0,
        "matched_tile_id": 199
      }
    },
    {
      "type": "Feature",
      "geometry": {
        "type": "Point",
        "coordinates": [
          -77.007578,
          38.881485
        ]
      },
      "properties": {
        "geoid": "7500000US110010065002024",
        "block": "2024",
        "tract": "006500",
        "population": 0,
        "matched_tile_id": 228
      }
    },
    {
      "type": "Feature",
      "geometry": {
        "type": "Point",
        "coordinates": [
          -77.001315,
          38.881856
        ]
      },
      "properties": {
        "geoid": "7500000US110010070001004",
        "block": "1004",
        "tract": "007000",
        "population": 144,
        "matched_tile_id": 234
      }
    },
    {
      "type": "Feature",
      "geometry": {
        "type": "Point",
        "coordinates": [
          -77.00789,
          38.882685
        ]
      },
      "properties": {
        "geoid": "7500000US110010065002018",
        "block": "2018",
        "tract": "006500",
        "population": 0,
        "matched_tile_id": 261
      }
    },
    {
      "type": "Feature",
      "geometry": {
        "type": "Point",
        "coordinates": [
          -77.00491,
          38.882265
        ]
      },
      "properties": {
        "geoid": "7500000US110010065002013",
        "block": "2013",
        "tract": "006500",
        "population": 221,
        "matched_tile_id": 264
      }
    },
    {
      "type": "Feature",
      "geometry": {
        "type": "Point",
        "coordinates": [
          -77.003104,
          38.882458
        ]
      },
      "properties": {
        "geoid": "7500000US110010065002009",
        "block": "2009",
        "tract": "006500",
        "population": 142,
        "matched_tile_id": 265
      }
    },
    {
      "type": "Feature",
      "geometry": {
        "type": "Point",
        "coordinates": [
          -77.001378,
          38.882869
        ]
      },
      "properties": {
        "geoid": "7500000US110010065002010",
        "block": "2010",
        "tract": "006500",
        "population": 114,
        "matched_tile_id": 267
      }
    },
    {
      "type": "Feature",
      "geometry": {
        "type": "Point",
        "coordinates": [
          -76.99435,
          38.875492
        ]
      },
      "properties": {
        "geoid": "7500000US110010072013001",
        "block": "3001",
        "tract": "007201",
        "population": 33,
        "matched_tile_id": 28
      }
    },
    {
      "type": "Feature",
      "geometry": {
        "type": "Point",
        "coordinates": [
          -76.999175,
          38.875755
        ]
      },
      "properties": {
        "geoid": "7500000US110010072012000",
        "block": "2000",
        "tract": "007201",
        "population": 308,
        "matched_tile_id": 23
      }
    },
    {
      "type": "Feature",
      "geometry": {
        "type": "Point",
        "coordinates": [
          -76.996701,
          38.875942
        ]
      },
      "properties": {
        "geoid": "7500000US110010072013002",
        "block": "3002",
        "tract": "007201",
        "population": 34,
        "matched_tile_id": 26
      }
    },
    {
      "type": "Feature",
      "geometry": {
        "type": "Point",
        "coordinates": [
          -76.993148,
          38.87686
        ]
      },
      "properties": {
        "geoid": "7500000US110010072032012",
        "block": "2012",
        "tract": "007203",
        "population": 23,
        "matched_tile_id": 59
      }
    },
    {
      "type": "Feature",
      "geometry": {
        "type": "Point",
        "coordinates": [
          -76.99491,
          38.876853
        ]
      },
      "properties": {
        "geoid": "7500000US110010072032007",
        "block": "2007",
        "tract": "007203",
        "population": 13,
        "matched_tile_id": 57
      }
    },
    {
      "type": "Feature",
      "geometry": {
        "type": "Point",
        "coordinates": [
          -76.99234,
          38.876845
        ]
      },
      "properties": {
        "geoid": "7500000US110010072032013",
        "block": "2013",
        "tract": "007203",
        "population": 12,
        "matched_tile_id": 59
      }
    },
    {
      "type": "Feature",
      "geometry": {
        "type": "Point",
        "coordinates": [
          -76.998008,
          38.876978
        ]
      },
      "properties": {
        "geoid": "7500000US110010072032006",
        "block": "2006",
        "tract": "007203",
        "population": 484,
        "matched_tile_id": 85
      }
    },
    {
      "type": "Feature",
      "geometry": {
        "type": "Point",
        "coordinates": [
          -76.994585,
          38.876983
        ]
      },
      "properties": {
        "geoid": "7500000US110010072032014",
        "block": "2014",
        "tract": "007203",
        "population": 11,
        "matched_tile_id": 57
      }
    },
    {
      "type": "Feature",
      "geometry": {
        "type": "Point",
        "coordinates": [
          -76.993362,
          38.877608
        ]
      },
      "properties": {
        "geoid": "7500000US110010072032010",
        "block": "2010",
        "tract": "007203",
        "population": 0,
        "matched_tile_id": 89
      }
    },
    {
      "type": "Feature",
      "geometry": {
        "type": "Point",
        "coordinates": [
          -76.99424,
          38.877849
        ]
      },
      "properties": {
        "geoid": "7500000US110010072032011",
        "block": "2011",
        "tract": "007203",
        "population": 39,
        "matched_tile_id": 88
      }
    },
    {
      "type": "Feature",
      "geometry": {
        "type": "Point",
        "coordinates": [
          -76.997794,
          38.878411
        ]
      },
      "properties": {
        "geoid": "7500000US110010072032004",
        "block": "2004",
        "tract": "007203",
        "population": 15,
        "matched_tile_id": 115
      }
    },
    {
      "type": "Feature",
      "geometry": {
        "type": "Point",
        "coordinates": [
          -76.999402,
          38.87792
        ]
      },
      "properties": {
        "geoid": "7500000US110010072032005",
        "block": "2005",
        "tract": "007203",
        "population": 0,
        "matched_tile_id": 113
      }
    },
    {
      "type": "Feature",
      "geometry": {
        "type": "Point",
        "coordinates": [
          -76.995627,
          38.87812
        ]
      },
      "properties": {
        "geoid": "7500000US110010072032008",
        "block": "2008",
        "tract": "007203",
        "population": 24,
        "matched_tile_id": 117
      }
    },
    {
      "type": "Feature",
      "geometry": {
        "type": "Point",
        "coordinates": [
          -76.993361,
          38.878222
        ]
      },
      "properties": {
        "geoid": "7500000US110010072032000",
        "block": "2000",
        "tract": "007203",
        "population": 0,
        "matched_tile_id": 119
      }
    },
    {
      "type": "Feature",
      "geometry": {
        "type": "Point",
        "coordinates": [
          -76.993156,
          38.878283
        ]
      },
      "properties": {
        "geoid": "7500000US110010070002024",
        "block": "2024",
        "tract": "007000",
        "population": 0,
        "matched_tile_id": 119
      }
    },
    {
      "type": "Feature",
      "geometry": {
        "type": "Point",
        "coordinates": [
          -76.992252,
          38.878262
        ]
      },
      "properties": {
        "geoid": "7500000US110010070002026",
        "block": "2026",
        "tract": "007000",
        "population": 0,
        "matched_tile_id": 119
      }
    },
    {
      "type": "Feature",
      "geometry": {
        "type": "Point",
        "coordinates": [
          -76.992753,
          38.878782
        ]
      },
      "properties": {
        "geoid": "7500000US110010070002023",
        "block": "2023",
        "tract": "007000",
        "population": 11,
        "matched_tile_id": 119
      }
    },
    {
      "type": "Feature",
      "geometry": {
        "type": "Point",
        "coordinates": [
          -76.995571,
          38.87847
        ]
      },
      "properties": {
        "geoid": "7500000US110010072032009",
        "block": "2009",
        "tract": "007203",
        "population": 0,
        "matched_tile_id": 117
      }
    },
    {
      "type": "Feature",
      "geometry": {
        "type": "Point",
        "coordinates": [
          -77.018733,
          38.880423
        ]
      },
      "properties": {
        "geoid": "7500000US110010102022003",
        "block": "2003",
        "tract": "010202",
        "population": 150,
        "matched_tile_id": 188
      }
    },
    {
      "type": "Feature",
      "geometry": {
        "type": "Point",
        "coordinates": [
          -77.018396,
          38.878165
        ]
      },
      "properties": {
        "geoid": "7500000US110010102011000",
        "block": "1000",
        "tract": "010201",
        "population": 887,
        "matched_tile_id": 97
      }
    },
    {
      "type": "Feature",
      "geometry": {
        "type": "Point",
        "coordinates": [
          -77.018259,
          38.881809
        ]
      },
      "properties": {
        "geoid": "7500000US110010102022000",
        "block": "2000",
        "tract": "010202",
        "population": 115,
        "matched_tile_id": 219
      }
    },
    {
      "type": "Feature",
      "geometry": {
        "type": "Point",
        "coordinates": [
          -77.016424,
          38.877807
        ]
      },
      "properties": {
        "geoid": "7500000US110010102012001",
        "block": "2001",
        "tract": "010201",
        "population": 912,
        "matched_tile_id": 99
      }
    },
    {
      "type": "Feature",
      "geometry": {
        "type": "Point",
        "coordinates": [
          -77.015916,
          38.87562
        ]
      },
      "properties": {
        "geoid": "7500000US110010110012000",
        "block": "2000",
        "tract": "011001",
        "population": 970,
        "matched_tile_id": 9
      }
    },
    {
      "type": "Feature",
      "geometry": {
        "type": "Point",
        "coordinates": [
          -77.0169,
          38.881824
        ]
      },
      "properties": {
        "geoid": "7500000US110010105002000",
        "block": "2000",
        "tract": "010500",
        "population": 394,
        "matched_tile_id": 220
      }
    },
    {
      "type": "Feature",
      "geometry": {
        "type": "Point",
        "coordinates": [
          -77.015878,
          38.882309
        ]
      },
      "properties": {
        "geoid": "7500000US110010105004012",
        "block": "4012",
        "tract": "010500",
        "population": 0,
        "matched_tile_id": 254
      }
    },
    {
      "type": "Feature",
      "geometry": {
        "type": "Point",
        "coordinates": [
          -77.015602,
          38.882475
        ]
      },
      "properties": {
        "geoid": "7500000US110010105004007",
        "block": "4007",
        "tract": "010500",
        "population": 0,
        "matched_tile_id": 254
      }
    },
    {
      "type": "Feature",
      "geometry": {
        "type": "Point",
        "coordinates": [
          -77.016382,
          38.880387
        ]
      },
      "properties": {
        "geoid": "7500000US110010105002001",
        "block": "2001",
        "tract": "010500",
        "population": 1306,
        "matched_tile_id": 190
      }
    },
    {
      "type": "Feature",
      "geometry": {
        "type": "Point",
        "coordinates": [
          -77.015858,
          38.878903
        ]
      },
      "properties": {
        "geoid": "7500000US110010102012000",
        "block": "2000",
        "tract": "010201",
        "population": 0,
        "matched_tile_id": 130
      }
    },
    {
      "type": "Feature",
      "geometry": {
        "type": "Point",
        "coordinates": [
          -77.014132,
          38.877973
        ]
      },
      "properties": {
        "geoid": "7500000US110010105003003",
        "block": "3003",
        "tract": "010500",
        "population": 157,
        "matched_tile_id": 101
      }
    },
    {
      "type": "Feature",
      "geometry": {
        "type": "Point",
        "coordinates": [
          -77.014304,
          38.877085
        ]
      },
      "properties": {
        "geoid": "7500000US110010105003004",
        "block": "3004",
        "tract": "010500",
        "population": 159,
        "matched_tile_id": 70
      }
    },
    {
      "type": "Feature",
      "geometry": {
        "type": "Point",
        "coordinates": [
          -77.014147,
          38.878788
        ]
      },
      "properties": {
        "geoid": "7500000US110010105003002",
        "block": "3002",
        "tract": "010500",
        "population": 225,
        "matched_tile_id": 132
      }
    },
    {
      "type": "Feature",
      "geometry": {
        "type": "Point",
        "coordinates": [
          -77.014083,
          38.880686
        ]
      },
      "properties": {
        "geoid": "7500000US110010105003001",
        "block": "3001",
        "tract": "010500",
        "population": 753,
        "matched_tile_id": 192
      }
    },
    {
      "type": "Feature",
      "geometry": {
        "type": "Point",
        "coordinates": [
          -77.014491,
          38.881922
        ]
      },
      "properties": {
        "geoid": "7500000US110010105003000",
        "block": "3000",
        "tract": "010500",
        "population": 145,
        "matched_tile_id": 222
      }
    },
    {
      "type": "Feature",
      "geometry": {
        "type": "Point",
        "coordinates": [
          -77.011861,
          38.88222
        ]
      },
      "properties": {
        "geoid": "7500000US110010105004006",
        "block": "4006",
        "tract": "010500",
        "population": 0,
        "matched_tile_id": 258
      }
    },
    {
      "type": "Feature",
      "geometry": {
        "type": "Point",
        "coordinates": [
          -77.012126,
          38.877672
        ]
      },
      "properties": {
        "geoid": "7500000US110010105005001",
        "block": "5001",
        "tract": "010500",
        "population": 0,
        "matched_tile_id": 102
      }
    },
    {
      "type": "Feature",
      "geometry": {
        "type": "Point",
        "coordinates": [
          -77.011873,
          38.881233
        ]
      },
      "properties": {
        "geoid": "7500000US110010105005000",
        "block": "5000",
        "tract": "010500",
        "population": 560,
        "matched_tile_id": 225
      }
    },
    {
      "type": "Feature",
      "geometry": {
        "type": "Point",
        "coordinates": [
          -77.012082,
          38.8825
        ]
      },
      "properties": {
        "geoid": "7500000US110010105004005",
        "block": "4005",
        "tract": "010500",
        "population": 0,
        "matched_tile_id": 257
      }
    },
    {
      "type": "Feature",
      "geometry": {
        "type": "Point",
        "coordinates": [
          -77.011752,
          38.875657
        ]
      },
      "properties": {
        "geoid": "7500000US110010064001003",
        "block": "1003",
        "tract": "006400",
        "population": 108,
        "matched_tile_id": 13
      }
    },
    {
      "type": "Feature",
      "geometry": {
        "type": "Point",
        "coordinates": [
          -77.010525,
          38.881903
        ]
      },
      "properties": {
        "geoid": "7500000US110010105004013",
        "block": "4013",
        "tract": "010500",
        "population": 0,
        "matched_tile_id": 226
      }
    },
    {
      "type": "Feature",
      "geometry": {
        "type": "Point",
        "coordinates": [
          -77.011021,
          38.875645
        ]
      },
      "properties": {
        "geoid": "7500000US110010064001002",
        "block": "1002",
        "tract": "006400",
        "population": 158,
        "matched_tile_id": 13
      }
    },
    {
      "type": "Feature",
      "geometry": {
        "type": "Point",
        "coordinates": [
          -77.010286,
          38.875717
        ]
      },
      "properties": {
        "geoid": "7500000US110010064001001",
        "block": "1001",
        "tract": "006400",
        "population": 148,
        "matched_tile_id": 14
      }
    },
    {
      "type": "Feature",
      "geometry": {
        "type": "Point",
        "coordinates": [
          -77.010049,
          38.878788
        ]
      },
      "properties": {
        "geoid": "7500000US110010105005002",
        "block": "5002",
        "tract": "010500",
        "population": 0,
        "matched_tile_id": 135
      }
    },
    {
      "type": "Feature",
      "geometry": {
        "type": "Point",
        "coordinates": [
          -77.019154,
          38.87577
        ]
      },
      "properties": {
        "geoid": "7500000US110010110022000",
        "block": "2000",
        "tract": "011002",
        "population": 755,
        "matched_tile_id": 36
      }
    },
    {
      "type": "Feature",
      "geometry": {
        "type": "Point",
        "coordinates": [
          -77.027878,
          38.877344
        ]
      },
      "properties": {
        "geoid": "7500000US110019800001165",
        "block": "1165",
        "tract": "980000",
        "population": 0,
        "matched_tile_id": 62
      }
    },
    {
      "type": "Feature",
      "geometry": {
        "type": "Point",
        "coordinates": [
          -77.027858,
          38.880675
        ]
      },
      "properties": {
        "geoid": "7500000US110010102025016",
        "block": "5016",
        "tract": "010202",
        "population": 0,
        "matched_tile_id": 211
      }
    },
    {
      "type": "Feature",
      "geometry": {
        "type": "Point",
        "coordinates": [
          -77.020808,
          38.876749
        ]
      },
      "properties": {
        "geoid": "7500000US110010110022001",
        "block": "2001",
        "tract": "011002",
        "population": 0,
        "matched_tile_id": 65
      }
    },
    {
      "type": "Feature",
      "geometry": {
        "type": "Point",
        "coordinates": [
          -77.01932,
          38.878053
        ]
      },
      "properties": {
        "geoid": "7500000US110010102011002",
        "block": "1002",
        "tract": "010201",
        "population": 730,
        "matched_tile_id": 96
      }
    },
    {
      "type": "Feature",
      "geometry": {
        "type": "Point",
        "coordinates": [
          -77.021066,
          38.878049
        ]
      },
      "properties": {
        "geoid": "7500000US110010102013000",
        "block": "3000",
        "tract": "010201",
        "population": 812,
        "matched_tile_id": 94
      }
    },
    {
      "type": "Feature",
      "geometry": {
        "type": "Point",
        "coordinates": [
          -77.026468,
          38.88055
        ]
      },
      "properties": {
        "geoid": "7500000US110010102025014",
        "block": "5014",
        "tract": "010202",
        "population": 1125,
        "matched_tile_id": 181
      }
    },
    {
      "type": "Feature",
      "geometry": {
        "type": "Point",
        "coordinates": [
          -77.019145,
          38.878729
        ]
      },
      "properties": {
        "geoid": "7500000US110010102011001",
        "block": "1001",
        "tract": "010201",
        "population": 0,
        "matched_tile_id": 127
      }
    },
    {
      "type": "Feature",
      "geometry": {
        "type": "Point",
        "coordinates": [
          -77.023554,
          38.880438
        ]
      },
      "properties": {
        "geoid": "7500000US110010102025015",
        "block": "5015",
        "tract": "010202",
        "population": 39,
        "matched_tile_id": 183
      }
    },
    {
      "type": "Feature",
      "geometry": {
        "type": "Point",
        "coordinates": [
          -77.02096,
          38.880185
        ]
      },
      "properties": {
        "geoid": "7500000US110010102022002",
        "block": "2002",
        "tract": "010202",
        "population": 539,
        "matched_tile_id": 186
      }
    },
    {
      "type": "Feature",
      "geometry": {
        "type": "Point",
        "coordinates": [
          -77.026703,
          38.881424
        ]
      },
      "properties": {
        "geoid": "7500000US110010102025013",
        "block": "5013",
        "tract": "010202",
        "population": 0,
        "matched_tile_id": 212
      }
    },
    {
      "type": "Feature",
      "geometry": {
        "type": "Point",
        "coordinates": [
          -77.025834,
          38.881578
        ]
      },
      "properties": {
        "geoid": "7500000US110010102025017",
        "block": "5017",
        "tract": "010202",
        "population": 0,
        "matched_tile_id": 212
      }
    },
    {
      "type": "Feature",
      "geometry": {
        "type": "Point",
        "coordinates": [
          -77.029363,
          38.881568
        ]
      },
      "properties": {
        "geoid": "7500000US110010102025012",
        "block": "5012",
        "tract": "010202",
        "population": 0,
        "matched_tile_id": 242
      }
    },
    {
      "type": "Feature",
      "geometry": {
        "type": "Point",
        "coordinates": [
          -77.024947,
          38.881753
        ]
      },
      "properties": {
        "geoid": "7500000US110010102025018",
        "block": "5018",
        "tract": "010202",
        "population": 0,
        "matched_tile_id": 213
      }
    },
    {
      "type": "Feature",
      "geometry": {
        "type": "Point",
        "coordinates": [
          -77.02341,
          38.881552
        ]
      },
      "properties": {
        "geoid": "7500000US110010102025021",
        "block": "5021",
        "tract": "010202",
        "population": 154,
        "matched_tile_id": 215
      }
    },
    {
      "type": "Feature",
      "geometry": {
        "type": "Point",
        "coordinates": [
          -77.020352,
          38.881777
        ]
      },
      "properties": {
        "geoid": "7500000US110010102022001",
        "block": "2001",
        "tract": "010202",
        "population": 158,
        "matched_tile_id": 217
      }
    },
    {
      "type": "Feature",
      "geometry": {
        "type": "Point",
        "coordinates": [
          -77.021935,
          38.881819
        ]
      },
      "properties": {
        "geoid": "7500000US110010102025020",
        "block": "5020",
        "tract": "010202",
        "population": 0,
        "matched_tile_id": 216
      }
    },
    {
      "type": "Feature",
      "geometry": {
        "type": "Point",
        "coordinates": [
          -77.028189,
          38.882164
        ]
      },
      "properties": {
        "geoid": "7500000US110010102025010",
        "block": "5010",
        "tract": "010202",
        "population": 0,
        "matched_tile_id": 243
      }
    },
    {
      "type": "Feature",
      "geometry": {
        "type": "Point",
        "coordinates": [
          -77.022928,
          38.88215
        ]
      },
      "properties": {
        "geoid": "7500000US110010102025019",
        "block": "5019",
        "tract": "010202",
        "population": 79,
        "matched_tile_id": 248
      }
    },
    {
      "type": "Feature",
      "geometry": {
        "type": "Point",
        "coordinates": [
          -77.027076,
          38.88233
        ]
      },
      "properties": {
        "geoid": "7500000US110010102026003",
        "block": "6003",
        "tract": "010202",
        "population": 0,
        "matched_tile_id": 244
      }
    },
    {
      "type": "Feature",
      "geometry": {
        "type": "Point",
        "coordinates": [
          -77.025041,
          38.88241
        ]
      },
      "properties": {
        "geoid": "7500000US110010102026004",
        "block": "6004",
        "tract": "010202",
        "population": 0,
        "matched_tile_id": 246
      }
    },
    {
      "type": "Feature",
      "geometry": {
        "type": "Point",
        "coordinates": [
          -77.022921,
          38.88245
        ]
      },
      "properties": {
        "geoid": "7500000US110010102026005",
        "block": "6005",
        "tract": "010202",
        "population": 0,
        "matched_tile_id": 248
      }
    },
    {
      "type": "Feature",
      "geometry": {
        "type": "Point",
        "coordinates": [
          -77.019746,
          38.882428
        ]
      },
      "properties": {
        "geoid": "7500000US110010102024006",
        "block": "4006",
        "tract": "010202",
        "population": 0,
        "matched_tile_id": 251
      }
    },
    {
      "type": "Feature",
      "geometry": {
        "type": "Point",
        "coordinates": [
          -77.004825,
          38.87518
        ]
      },
      "properties": {
        "geoid": "7500000US110010072014001",
        "block": "4001",
        "tract": "007201",
        "population": 0,
        "matched_tile_id": 19
      }
    },
    {
      "type": "Feature",
      "geometry": {
        "type": "Point",
        "coordinates": [
          -77.008603,
          38.875753
        ]
      },
      "properties": {
        "geoid": "7500000US110010072011002",
        "block": "1002",
        "tract": "007201",
        "population": 319,
        "matched_tile_id": 15
      }
    },
    {
      "type": "Feature",
      "geometry": {
        "type": "Point",
        "coordinates": [
          -77.00789,
          38.87595
        ]
      },
      "properties": {
        "geoid": "7500000US110010072011001",
        "block": "1001",
        "tract": "007201",
        "population": 255,
        "matched_tile_id": 46
      }
    },
    {
      "type": "Feature",
      "geometry": {
        "type": "Point",
        "coordinates": [
          -77.006556,
          38.875464
        ]
      },
      "properties": {
        "geoid": "7500000US110010072011000",
        "block": "1000",
        "tract": "007201",
        "population": 402,
        "matched_tile_id": 17
      }
    },
    {
      "type": "Feature",
      "geometry": {
        "type": "Point",
        "coordinates": [
          -77.009576,
          38.875446
        ]
      },
      "properties": {
        "geoid": "7500000US110010064001000",
        "block": "1000",
        "tract": "006400",
        "population": 75,
        "matched_tile_id": 14
      }
    },
    {
      "type": "Feature",
      "geometry": {
        "type": "Point",
        "coordinates": [
          -77.009073,
          38.875337
        ]
      },
      "properties": {
        "geoid": "7500000US110010072011003",
        "block": "1003",
        "tract": "007201",
        "population": 0,
        "matched_tile_id": 15
      }
    },
    {
      "type": "Feature",
      "geometry": {
        "type": "Point",
        "coordinates": [
          -77.001278,
          38.875867
        ]
      },
      "properties": {
        "geoid": "7500000US110010072012001",
        "block": "2001",
        "tract": "007201",
        "population": 0,
        "matched_tile_id": 22
      }
    },
    {
      "type": "Feature",
      "geometry": {
        "type": "Point",
        "coordinates": [
          -77.003094,
          38.876009
        ]
      },
      "properties": {
        "geoid": "7500000US110010072014000",
        "block": "4000",
        "tract": "007201",
        "population": 0,
        "matched_tile_id": 50
      }
    },
    {
      "type": "Feature",
      "geometry": {
        "type": "Point",
        "coordinates": [
          -77.009982,
          38.877406
        ]
      },
      "properties": {
        "geoid": "7500000US110010105005003",
        "block": "5003",
        "tract": "010500",
        "population": 0,
        "matched_tile_id": 74
      }
    },
    {
      "type": "Feature",
      "geometry": {
        "type": "Point",
        "coordinates": [
          -77.008205,
          38.87684
        ]
      },
      "properties": {
        "geoid": "7500000US110010072021003",
        "block": "1003",
        "tract": "007202",
        "population": 0,
        "matched_tile_id": 76
      }
    },
    {
      "type": "Feature",
      "geometry": {
        "type": "Point",
        "coordinates": [
          -76.999906,
          38.877029
        ]
      },
      "properties": {
        "geoid": "7500000US110010072031000",
        "block": "1000",
        "tract": "007203",
        "population": 271,
        "matched_tile_id": 83
      }
    },
    {
      "type": "Feature",
      "geometry": {
        "type": "Point",
        "coordinates": [
          -77.001505,
          38.877068
        ]
      },
      "properties": {
        "geoid": "7500000US110010072031001",
        "block": "1001",
        "tract": "007203",
        "population": 142,
        "matched_tile_id": 81
      }
    },
    {
      "type": "Feature",
      "geometry": {
        "type": "Point",
        "coordinates": [
          -77.00245,
          38.876961
        ]
      },
      "properties": {
        "geoid": "7500000US110010072031002",
        "block": "1002",
        "tract": "007203",
        "population": 285,
        "matched_tile_id": 81
      }
    },
    {
      "type": "Feature",
      "geometry": {
        "type": "Point",
        "coordinates": [
          -77.003336,
          38.877158
        ]
      },
      "properties": {
        "geoid": "7500000US110010072031003",
        "block": "1003",
        "tract": "007203",
        "population": 0,
        "matched_tile_id": 80
      }
    },
    {
      "type": "Feature",
      "geometry": {
        "type": "Point",
        "coordinates": [
          -77.003952,
          38.877109
        ]
      },
      "properties": {
        "geoid": "7500000US110010072031004",
        "block": "1004",
        "tract": "007203",
        "population": 13,
        "matched_tile_id": 79
      }
    },
    {
      "type": "Feature",
      "geometry": {
        "type": "Point",
        "coordinates": [
          -77.005553,
          38.877078
        ]
      },
      "properties": {
        "geoid": "7500000US110010072021000",
        "block": "1000",
        "tract": "007202",
        "population": 796,
        "matched_tile_id": 78
      }
    },
    {
      "type": "Feature",
      "geometry": {
        "type": "Point",
        "coordinates": [
          -77.006248,
          38.876891
        ]
      },
      "properties": {
        "geoid": "7500000US110010072021001",
        "block": "1001",
        "tract": "007202",
        "population": 0,
        "matched_tile_id": 77
      }
    },
    {
      "type": "Feature",
      "geometry": {
        "type": "Point",
        "coordinates": [
          -77.007181,
          38.877028
        ]
      },
      "properties": {
        "geoid": "7500000US110010072021002",
        "block": "1002",
        "tract": "007202",
        "population": 0,
        "matched_tile_id": 77
      }
    },
    {
      "type": "Feature",
      "geometry": {
        "type": "Point",
        "coordinates": [
          -77.005437,
          38.877851
        ]
      },
      "properties": {
        "geoid": "7500000US110010072022005",
        "block": "2005",
        "tract": "007202",
        "population": 36,
        "matched_tile_id": 108
      }
    },
    {
      "type": "Feature",
      "geometry": {
        "type": "Point",
        "coordinates": [
          -77.006761,
          38.877994
        ]
      },
      "properties": {
        "geoid": "7500000US110010072022004",
        "block": "2004",
        "tract": "007202",
        "population": 727,
        "matched_tile_id": 107
      }
    },
    {
      "type": "Feature",
      "geometry": {
        "type": "Point",
        "coordinates": [
          -76.999974,
          38.877816
        ]
      },
      "properties": {
        "geoid": "7500000US110010072034017",
        "block": "4017",
        "tract": "007203",
        "population": 147,
        "matched_tile_id": 113
      }
    },
    {
      "type": "Feature",
      "geometry": {
        "type": "Point",
        "coordinates": [
          -77.008343,
          38.878047
        ]
      },
      "properties": {
        "geoid": "7500000US110010072022003",
        "block": "2003",
        "tract": "007202",
        "population": 0,
        "matched_tile_id": 106
      }
    },
    {
      "type": "Feature",
      "geometry": {
        "type": "Point",
        "coordinates": [
          -77.000895,
          38.877924
        ]
      },
      "properties": {
        "geoid": "7500000US110010072034016",
        "block": "4016",
        "tract": "007203",
        "population": 107,
        "matched_tile_id": 112
      }
    },
    {
      "type": "Feature",
      "geometry": {
        "type": "Point",
        "coordinates": [
          -77.001833,
          38.877944
        ]
      },
      "properties": {
        "geoid": "7500000US110010072034015",
        "block": "4015",
        "tract": "007203",
        "population": 92,
        "matched_tile_id": 111
      }
    },
    {
      "type": "Feature",
      "geometry": {
        "type": "Point",
        "coordinates": [
          -77.00248,
          38.87812
        ]
      },
      "properties": {
        "geoid": "7500000US110010072034014",
        "block": "4014",
        "tract": "007203",
        "population": 11,
        "matched_tile_id": 111
      }
    },
    {
      "type": "Feature",
      "geometry": {
        "type": "Point",
        "coordinates": [
          -77.00424,
          38.877996
        ]
      },
      "properties": {
        "geoid": "7500000US110010072034012",
        "block": "4012",
        "tract": "007203",
        "population": 477,
        "matched_tile_id": 109
      }
    }
  ]
}