{
  "type": "FeatureCollection",
  "features": [
    {
      "type": "Feature",
      "geometry": {
        "type": "Polygon",
        "coordinates": [
          [
            [
              -77.03012818451903,
              38.87459061852776
            ],
            [
              -77.02897970956849,
              38.8746105858074
            ],
            [
              -77.02900528768333,
              38.87550980631001
            ],
            [
              -77.03015377708776,
              38.87548983839312
            ],
            [
              -77.03012818451903,
              38.87459061852776
            ]
          ]
        ]
      },
      "properties": {
        "tile_id": 0
      }
    },
    {
      "type": "Feature",
      "geometry": {
        "type": "Polygon",
        "coordinates": [
          [
            [
              -77.02897970956849,
              38.8746105858074
            ],
            [
              -77.02783123347913,
              38.87463054180129
            ],
            [
              -77.02785679714002,
              38.87552976294078
            ],
            [
              -77.02900528768333,
              38.87550980631001
            ],
            [
              -77.02897970956849,
              38.8746105858074
            ]
          ]
        ]
      },
      "properties": {
        "tile_id": 1
      }
    },
    {
      "type": "Feature",
      "geometry": {
        "type": "Polygon",
        "coordinates": [
          [
            [
              -77.02783123347913,
              38.87463054180129
            ],
            [
              -77.02668275625156,
              38.87465048650938
            ],
            [
              -77.02670830545846,
              38.87554970828541
            ],
            [
              -77.02785679714002,
              38.87552976294078
            ],
            [
              -77.02783123347913,
              38.87463054180129
            ]
          ]
        ]
      },
      "properties": {
        "tile_id": 2
      }
    },
    {
      "type": "Feature",
      "geometry": {
        "type": "Polygon",
        "coordinates": [
          [
            [
              -77.02668275625156,
              38.87465048650938
            ],
            [
              -77.02553427788642,
              38.87467041993165
            ],
            [
              -77.02555981263927,
              38.87556964234385
            ],
            [
              -77.02670830545846,
              38.87554970828541
            ],
            [
              -77.02668275625156,
              38.87465048650938
            ]
          ]
        ]
      },
      "properties": {
        "tile_id": 3
      }
    },
    {
      "type": "Feature",
      "geometry": {
        "type": "Polygon",
        "coordinates": [
          [
            [
              -77.02208883597216,
              38.87473015248317
            ],
            [
              -77.02094035306322,
              38.874750040761796
            ],
            [
              -77.0209658299993,
              38.87564926571507
            ],
            [
              -77.02211432736249,
              38.875629376801704
            ],
            [
              -77.02208883597216,
              38.87473015248317
            ]
          ]
        ]
      },
      "properties": {
        "tile_id": 4
      }
    },
    {
      "type": "Feature",
      "geometry": {
        "type": "Polygon",
        "coordinates": [
          [
            [
              -77.02094035306322,
              38.874750040761796
            ],
            [
              -77.01979186901997,
              38.87476991775442
            ],
            [
              -77.0198173315017,
              38.87566914334207
            ],
            [
              -77.0209658299993,
              38.87564926571507
            ],
            [
              -77.02094035306322,
              38.874750040761796
            ]
          ]
        ]
      },
      "properties": {
        "tile_id": 5
      }
    },
    {
      "type": "Feature",
      "geometry": {
        "type": "Polygon",
        "coordinates": [
          [
            [
              -77.01979186901997,
              38.87476991775442
            ],
            [
              -77.01864338384303,
              38.87478978346104
            ],
            [
              -77.01866883187037,
              38.87568900968269
            ],
            [
              -77.0198173315017,
              38.87566914334207
            ],
            [
              -77.01979186901997,
              38.87476991775442
            ]
          ]
        ]
      },
      "properties": {
        "tile_id": 6
      }
    },
    {
      "type": "Feature",
      "geometry": {
        "type": "Polygon",
        "coordinates": [
          [
            [
              -77.01864338384303,
              38.87478978346104
            ],
            [
              -77.01749489753301,
              38.87480963788158
            ],
            [
              -77.0175203311059,
              38.8757088647369
            ],
            [
              -77.01866883187037,
              38.87568900968269
            ],
            [
              -77.01864338384303,
              38.87478978346104
            ]
          ]
        ]
      },
      "properties": {
        "tile_id": 7
      }
    },
    {
      "type": "Feature",
      "geometry": {
        "type": "Polygon",
        "coordinates": [
          [
            [
              -77.01749489753301,
              38.87480963788158
            ],
            [
              -77.01634641009058,
              38.874829481016036
            ],
            [
              -77.01637182920898,
              38.87572870850463
            ],
            [
              -77.01752033110591,
              38.8757088647369
            ],
            [
              -77.01749489753301,
              38.87480963788158
            ]
          ]
        ]
      },
      "properties": {
        "tile_id": 8
      }
    },
    {
      "type": "Feature",
      "geometry": {
        "type": "Polygon",
        "coordinates": [
          [
            [
              -77.01634641009058,
              38.874829481016036
            ],
            [
              -77.01519792151637,
              38.874849312864356
            ],
            [
              -77.01522332618025,
              38.875748540985896
            ],
            [
              -77.01637182920898,
              38.87572870850463
            ],
            [
              -77.01634641009058,
              38.874829481016036
            ]
          ]
        ]
      },
      "properties": {
        "tile_id": 9
      }
    },
    {
      "type": "Feature",
      "geometry": {
        "type": "Polygon",
        "coordinates": [
          [
            [
              -77.01519792151639,
              38.874849312864356
            ],
            [
              -77.01404943181106,
              38.87486913342653
            ],
            [
              -77.0140748220203,
              38.87576836218062
            ],
            [
              -77.01522332618025,
              38.875748540985896
            ],
            [
              -77.01519792151639,
              38.874849312864356
            ]
          ]
        ]
      },
      "properties": {
        "tile_id": 10
      }
    },
    {
      "type": "Feature",
      "geometry": {
        "type": "Polygon",
        "coordinates": [
          [
            [
              -77.01404943181106,
              38.87486913342653
            ],
            [
              -77.01290094097526,
              38.874888942702505
            ],
            [
              -77.01292631672983,
              38.87578817208881
            ],
            [
              -77.0140748220203,
              38.87576836218062
            ],
            [
              -77.01404943181106,
              38.87486913342653
            ]
          ]
        ]
      },
      "properties": {
        "tile_id": 11
      }
    },
    {
      "type": "Feature",
      "geometry": {
        "type": "Polygon",
        "coordinates": [
          [
            [
              -77.01290094097526,
              38.874888942702505
            ],
            [
              -77.0117524490096,
              38.87490874069225
            ],
            [
              -77.01177781030947,
              38.875807970710405
            ],
            [
              -77.01292631672983,
              38.87578817208881
            ],
            [
              -77.01290094097526,
              38.874888942702505
            ]
          ]
        ]
      },
      "properties": {
        "tile_id": 12
      }
    },
    {
      "type": "Feature",
      "geometry": {
        "type": "Polygon",
        "coordinates": [
          [
            [
              -77.0117524490096,
              38.87490874069225
            ],
            [
              -77.01060395591476,
              38.87492852739573
            ],
            [
              -77.01062930275985,
              38.875827758045375
            ],
            [
              -77.01177781030947,
              38.875807970710405
            ],
            [
              -77.0117524490096,
              38.87490874069225
            ]
          ]
        ]
      },
      "properties": {
        "tile_id": 13
      }
    },
    {
      "type": "Feature",
      "geometry": {
        "type": "Polygon",
        "coordinates": [
          [
            [
              -77.01060395591476,
              38.87492852739573
            ],
            [
              -77.00945546169135,
              38.87494830281291
            ],
            [
              -77.00948079408161,
              38.8758475340937
            ],
            [
              -77.01062930275985,
              38.875827758045375
            ],
            [
              -77.01060395591476,
              38.87492852739573
            ]
          ]
        ]
      },
      "properties": {
        "tile_id": 14
      }
    },
    {
      "type": "Feature",
      "geometry": {
        "type": "Polygon",
        "coordinates": [
          [
            [
              -77.00945546169135,
              38.87494830281291
            ],
            [
              -77.00830696634002,
              38.874968066943765
            ],
            [
              -77.00833228427541,
              38.87586729885533
            ],
            [
              -77.00948079408161,
              38.8758475340937
            ],
            [
              -77.00945546169135,
              38.87494830281291
            ]
          ]
        ]
      },
      "properties": {
        "tile_id": 15
      }
    },
    {
      "type": "Feature",
      "geometry": {
        "type": "Polygon",
        "coordinates": [
          [
            [
              -77.00830696634002,
              38.874968066943765
            ],
            [
              -77.00715846986142,
              38.87498781978827
            ],
            [
              -77.00718377334186,
              38.87588705233024
            ],
            [
              -77.00833228427541,
              38.87586729885533
            ],
            [
              -77.00830696634002,
              38.874968066943765
            ]
          ]
        ]
      },
      "properties": {
        "tile_id": 16
      }
    },
    {
      "type": "Feature",
      "geometry": {
        "type": "Polygon",
        "coordinates": [
          [
            [
              -77.00715846986142,
              38.87498781978827
            ],
            [
              -77.00600997225621,
              38.87500756134638
            ],
            [
              -77.00603526128167,
              38.87590679451839
            ],
            [
              -77.00718377334186,
              38.87588705233024
            ],
            [
              -77.00715846986142,
              38.87498781978827
            ]
          ]
        ]
      },
      "properties": {
        "tile_id": 17
      }
    },
    {
      "type": "Feature",
      "geometry": {
        "type": "Polygon",
        "coordinates": [
          [
            [
              -77.00600997225621,
              38.87500756134638
            ],
            [
              -77.004861473525,
              38.875027291618046
            ],
            [
              -77.0048867480954,
              38.87592652541976
            ],
            [
              -77.00603526128167,
              38.87590679451839
            ],
            [
              -77.00600997225621,
              38.87500756134638
            ]
          ]
        ]
      },
      "properties": {
        "tile_id": 18
      }
    },
    {
      "type": "Feature",
      "geometry": {
        "type": "Polygon",
        "coordinates": [
          [
            [
              -77.004861473525,
              38.875027291618046
            ],
            [
              -77.00371297366844,
              38.87504701060326
            ],
            [
              -77.00373823378375,
              38.8759462450343
            ],
            [
              -77.0048867480954,
              38.87592652541976
            ],
            [
              -77.004861473525,
              38.875027291618046
            ]
          ]
        ]
      },
      "properties": {
        "tile_id": 19
      }
    },
    {
      "type": "Feature",
      "geometry": {
        "type": "Polygon",
        "coordinates": [
          [
            [
              -77.00371297366844,
              38.87504701060326
            ],
            [
              -77.0025644726872,
              38.87506671830198
            ],
            [
              -77.00258971834735,
              38.87596595336199
            ],
            [
              -77.00373823378375,
              38.8759462450343
            ],
            [
              -77.00371297366844,
              38.87504701060326
            ]
          ]
        ]
      },
      "properties": {
        "tile_id": 20
      }
    },
    {
      "type": "Feature",
      "geometry": {
        "type": "Polygon",
        "coordinates": [
          [
            [
              -77.0025644726872,
              38.87506671830198
            ],
            [
              -77.00141597058189,
              38.87508641471417
            ],
            [
              -77.00144120178682,
              38.8759856504028
            ],
            [
              -77.00258971834735,
              38.87596595336199
            ],
            [
              -77.0025644726872,
              38.87506671830198
            ]
          ]
        ]
      },
      "properties": {
        "tile_id": 21
      }
    },
    {
      "type": "Feature",
      "geometry": {
        "type": "Polygon",
        "coordinates": [
          [
            [
              -77.00141597058189,
              38.87508641471417
            ],
            [
              -77.00026746735315,
              38.8751060998398
            ],
            [
              -77.00029268410283,
              38.87600533615668
            ],
            [
              -77.00144120178682,
              38.8759856504028
            ],
            [
              -77.00141597058189,
              38.87508641471417
            ]
          ]
        ]
      },
      "properties": {
        "tile_id": 22
      }
    },
    {
      "type": "Feature",
      "geometry": {
        "type": "Polygon",
        "coordinates": [
          [
            [
              -77.00026746735315,
              38.8751060998398
            ],
            [
              -76.99911896300166,
              38.87512577367883
            ],
            [
              -76.99914416529602,
              38.87602501062361
            ],
            [
              -77.00029268410283,
              38.87600533615668
            ],
            [
              -77.00026746735315,
              38.8751060998398
            ]
          ]
        ]
      },
      "properties": {
        "tile_id": 23
      }
    },
    {
      "type": "Feature",
      "geometry": {
        "type": "Polygon",
        "coordinates": [
          [
            [
              -76.99911896300166,
              38.87512577367883
            ],
            [
              -76.99797045752803,
              38.87514543623124
            ],
            [
              -76.997995645367,
              38.87604467380354
            ],
            [
              -76.99914416529602,
              38.87602501062361
            ],
            [
              -76.99911896300166,
              38.87512577367883
            ]
          ]
        ]
      },
      "properties": {
        "tile_id": 24
      }
    },
    {
      "type": "Feature",
      "geometry": {
        "type": "Polygon",
        "coordinates": [
          [
            [
              -76.99797045752803,
              38.87514543623124
            ],
            [
              -76.99682195093293,
              38.87516508749699
            ],
            [
              -76.99684712431646,
              38.876064325696476
            ],
            [
              -76.997995645367,
              38.87604467380354
            ],
            [
              -76.99797045752803,
              38.87514543623124
            ]
          ]
        ]
      },
      "properties": {
        "tile_id": 25
      }
    },
    {
      "type": "Feature",
      "geometry": {
        "type": "Polygon",
        "coordinates": [
          [
            [
              -76.99682195093293,
              38.87516508749699
            ],
            [
              -76.99567344321696,
              38.87518472747604
            ],
            [
              -76.99569860214503,
              38.876083966302325
            ],
            [
              -76.99684712431646,
              38.876064325696476
            ],
            [
              -76.99682195093293,
              38.87516508749699
            ]
          ]
        ]
      },
      "properties": {
        "tile_id": 26
      }
    },
    {
      "type": "Feature",
      "geometry": {
        "type": "Polygon",
        "coordinates": [
          [
            [
              -76.99567344321696,
              38.87518472747604
            ],
            [
              -76.99452493438079,
              38.87520435616837
            ],
            [
              -76.99455007885331,
              38.8761035956211
            ],
            [
              -76.99569860214503,
              38.876083966302325
            ],
            [
              -76.99567344321696,
              38.87518472747604
            ]
          ]
        ]
      },
      "properties": {
        "tile_id": 27
      }
    },
    {
      "type": "Feature",
      "geometry": {
        "type": "Polygon",
        "coordinates": [
          [
            [
              -76.99452493438079,
              38.87520435616837
            ],
            [
              -76.99337642442507,
              38.875223973573924
            ],
            [
              -76.99340155444202,
              38.87612321365277
            ],
            [
              -76.99455007885331,
              38.8761035956211
            ],
            [
              -76.99452493438079,
              38.87520435616837
            ]
          ]
        ]
      },
      "properties": {
        "tile_id": 28
      }
    },
    {
      "type": "Feature",
      "geometry": {
        "type": "Polygon",
        "coordinates": [
          [
            [
              -76.99337642442507,
              38.875223973573924
            ],
            [
              -76.99222791335043,
              38.8752435796927
            ],
            [
              -76.99225302891172,
              38.87614282039728
            ],
            [
              -76.99340155444202,
              38.87612321365277
            ],
            [
              -76.99337642442507,
              38.875223973573924
            ]
          ]
        ]
      },
      "properties": {
        "tile_id": 29
      }
    },
    {
      "type": "Feature",
      "geometry": {
        "type": "Polygon",
        "coordinates": [
          [
            [
              -77.03015377708776,
              38.87548983839312
            ],
            [
              -77.02900528768333,
              38.87550980631001
            ],
            [
              -77.02903086694077,
              38.876409026659594
            ],
            [
              -77.03017937079973,
              38.87638905810544
            ],
            [
              -77.03015377708776,
              38.87548983839312
            ]
          ]
        ]
      },
      "properties": {
        "tile_id": 30
      }
    },
    {
      "type": "Feature",
      "geometry": {
        "type": "Polygon",
        "coordinates": [
          [
            [
              -77.02900528768333,
              38.87550980631001
            ],
            [
              -77.02785679714002,
              38.87552976294078
            ],
            [
              -77.02788236194286,
              38.87642898392727
            ],
            [
              -77.02903086694077,
              38.876409026659594
            ],
            [
              -77.02900528768333,
              38.87550980631001
            ]
          ]
        ]
      },
      "properties": {
        "tile_id": 31
      }
    },
    {
      "type": "Feature",
      "geometry": {
        "type": "Polygon",
        "coordinates": [
          [
            [
              -77.02785679714002,
              38.87552976294078
            ],
            [
              -77.02670830545846,
              38.87554970828541
            ],
            [
              -77.02673385580664,
              38.876448929908435
            ],
            [
              -77.02788236194286,
              38.87642898392727
            ],
            [
              -77.02785679714002,
              38.87552976294078
            ]
          ]
        ]
      },
      "properties": {
        "tile_id": 32
      }
    },
    {
      "type": "Feature",
      "geometry": {
        "type": "Polygon",
        "coordinates": [
          [
            [
              -77.02670830545846,
              38.87554970828541
            ],
            [
              -77.02555981263927,
              38.87556964234385
            ],
            [
              -77.02558534853277,
              38.87646886460306
            ],
            [
              -77.02673385580664,
              38.876448929908435
            ],
            [
              -77.02670830545846,
              38.87554970828541
            ]
          ]
        ]
      },
      "properties": {
        "tile_id": 33
      }
    },
    {
      "type": "Feature",
      "geometry": {
        "type": "Polygon",
        "coordinates": [
          [
            [
              -77.02211432736249,
              38.875629376801704
            ],
            [
              -77.0209658299993,
              38.87564926571507
            ],
            [
              -77.02099130807345,
              38.876548490515425
            ],
            [
              -77.02213981989155,
              38.876528600967326
            ],
            [
              -77.02211432736249,
              38.875629376801704
            ]
          ]
        ]
      },
      "properties": {
        "tile_id": 34
      }
    },
    {
      "type": "Feature",
      "geometry": {
        "type": "Polygon",
        "coordinates": [
          [
            [
              -77.0209658299993,
              38.87564926571507
            ],
            [
              -77.0198173315017,
              38.87566914334207
            ],
            [
              -77.01984279512088,
              38.87656836877682
            ],
            [
              -77.02099130807345,
              38.876548490515425
            ],
            [
              -77.0209658299993,
              38.87564926571507
            ]
          ]
        ]
      },
      "properties": {
        "tile_id": 35
      }
    },
    {
      "type": "Feature",
      "geometry": {
        "type": "Polygon",
        "coordinates": [
          [
            [
              -77.0198173315017,
              38.87566914334207
            ],
            [
              -77.01866883187037,
              38.87568900968269
            ],
            [
              -77.0186942810345,
              38.87658823575146
            ],
            [
              -77.01984279512088,
              38.87656836877682
            ],
            [
              -77.0198173315017,
              38.87566914334207
            ]
          ]
        ]
      },
      "properties": {
        "tile_id": 36
      }
    },
    {
      "type": "Feature",
      "geometry": {
        "type": "Polygon",
        "coordinates": [
          [
            [
              -77.01866883187037,
              38.87568900968269
            ],
            [
              -77.0175203311059,
              38.8757088647369
            ],
            [
              -77.01754576581496,
              38.87660809143933
            ],
            [
              -77.0186942810345,
              38.87658823575146
            ],
            [
              -77.01866883187037,
              38.87568900968269
            ]
          ]
        ]
      },
      "properties": {
        "tile_id": 37
      }
    },
    {
      "type": "Feature",
      "geometry": {
        "type": "Polygon",
        "coordinates": [
          [
            [
              -77.01752033110591,
              38.8757088647369
            ],
            [
              -77.01637182920898,
              38.87572870850463
            ],
            [
              -77.0163972494629,
              38.87662793584039
            ],
            [
              -77.01754576581496,
              38.87660809143933
            ],
            [
              -77.01752033110591,
              38.8757088647369
            ]
          ]
        ]
      },
      "properties": {
        "tile_id": 38
      }
    },
    {
      "type": "Feature",
      "geometry": {
        "type": "Polygon",
        "coordinates": [
          [
            [
              -77.01637182920898,
              38.87572870850463
            ],
            [
              -77.01522332618025,
              38.875748540985896
            ],
            [
              -77.01524873197894,
              38.87664776895458
            ],
            [
              -77.0163972494629,
              38.87662793584039
            ],
            [
              -77.01637182920898,
              38.87572870850463
            ]
          ]
        ]
      },
      "properties": {
        "tile_id": 39
      }
    },
    {
      "type": "Feature",
      "geometry": {
        "type": "Polygon",
        "coordinates": [
          [
            [
              -77.01522332618025,
              38.875748540985896
            ],
            [
              -77.0140748220203,
              38.87576836218062
            ],
            [
              -77.01410021336376,
              38.876667590781906
            ],
            [
              -77.01524873197894,
              38.87664776895458
            ],
            [
              -77.01522332618025,
              38.875748540985896
            ]
          ]
        ]
      },
      "properties": {
        "tile_id": 40
      }
    },
    {
      "type": "Feature",
      "geometry": {
        "type": "Polygon",
        "coordinates": [
          [
            [
              -77.0140748220203,
              38.87576836218062
            ],
            [
              -77.01292631672983,
              38.87578817208881
            ],
            [
              -77.01295169361798,
              38.876687401322314
            ],
            [
              -77.01410021336376,
              38.876667590781906
            ],
            [
              -77.0140748220203,
              38.87576836218062
            ]
          ]
        ]
      },
      "properties": {
        "tile_id": 41
      }
    },
    {
      "type": "Feature",
      "geometry": {
        "type": "Polygon",
        "coordinates": [
          [
            [
              -77.01292631672983,
              38.87578817208881
            ],
            [
              -77.01177781030947,
              38.875807970710405
            ],
            [
              -77.01180317274226,
              38.87670720057579
            ],
            [
              -77.01295169361798,
              38.876687401322314
            ],
            [
              -77.01292631672983,
              38.87578817208881
            ]
          ]
        ]
      },
      "properties": {
        "tile_id": 42
      }
    },
    {
      "type": "Feature",
      "geometry": {
        "type": "Polygon",
        "coordinates": [
          [
            [
              -77.01177781030947,
              38.875807970710405
            ],
            [
              -77.01062930275985,
              38.875827758045375
            ],
            [
              -77.01065465073721,
              38.87672698854225
            ],
            [
              -77.01180317274226,
              38.87670720057579
            ],
            [
              -77.01177781030947,
              38.875807970710405
            ]
          ]
        ]
      },
      "properties": {
        "tile_id": 43
      }
    },
    {
      "type": "Feature",
      "geometry": {
        "type": "Polygon",
        "coordinates": [
          [
            [
              -77.01062930275985,
              38.875827758045375
            ],
            [
              -77.00948079408161,
              38.8758475340937
            ],
            [
              -77.00950612760352,
              38.87674676522172
            ],
            [
              -77.01065465073721,
              38.87672698854225
            ],
            [
              -77.01062930275985,
              38.875827758045375
            ]
          ]
        ]
      },
      "properties": {
        "tile_id": 44
      }
    },
    {
      "type": "Feature",
      "geometry": {
        "type": "Polygon",
        "coordinates": [
          [
            [
              -77.00948079408161,
              38.8758475340937
            ],
            [
              -77.00833228427541,
              38.87586729885533
            ],
            [
              -77.00835760334178,
              38.876766530614134
            ],
            [
              -77.00950612760352,
              38.87674676522172
            ],
            [
              -77.00948079408161,
              38.8758475340937
            ]
          ]
        ]
      },
      "properties": {
        "tile_id": 45
      }
    },
    {
      "type": "Feature",
      "geometry": {
        "type": "Polygon",
        "coordinates": [
          [
            [
              -77.00833228427541,
              38.87586729885533
            ],
            [
              -77.00718377334186,
              38.87588705233024
            ],
            [
              -77.00720907795267,
              38.87678628471948
            ],
            [
              -77.00835760334178,
              38.876766530614134
            ],
            [
              -77.00833228427541,
              38.87586729885533
            ]
          ]
        ]
      },
      "properties": {
        "tile_id": 46
      }
    },
    {
      "type": "Feature",
      "geometry": {
        "type": "Polygon",
        "coordinates": [
          [
            [
              -77.00718377334186,
              38.87588705233024
            ],
            [
              -77.00603526128167,
              38.87590679451839
            ],
            [
              -77.0060605514368,
              38.8768060275377
            ],
            [
              -77.00720907795267,
              38.87678628471948
            ],
            [
              -77.00718377334186,
              38.87588705233024
            ]
          ]
        ]
      },
      "properties": {
        "tile_id": 47
      }
    },
    {
      "type": "Feature",
      "geometry": {
        "type": "Polygon",
        "coordinates": [
          [
            [
              -77.00603526128167,
              38.87590679451839
            ],
            [
              -77.0048867480954,
              38.87592652541976
            ],
            [
              -77.00491202379486,
              38.87682575906877
            ],
            [
              -77.0060605514368,
              38.8768060275377
            ],
            [
              -77.00603526128167,
              38.87590679451839
            ]
          ]
        ]
      },
      "properties": {
        "tile_id": 48
      }
    },
    {
      "type": "Feature",
      "geometry": {
        "type": "Polygon",
        "coordinates": [
          [
            [
              -77.0048867480954,
              38.87592652541976
            ],
            [
              -77.00373823378375,
              38.8759462450343
            ],
            [
              -77.00376349502746,
              38.876845479312664
            ],
            [
              -77.00491202379486,
              38.87682575906877
            ],
            [
              -77.0048867480954,
              38.87592652541976
            ]
          ]
        ]
      },
      "properties": {
        "tile_id": 49
      }
    },
    {
      "type": "Feature",
      "geometry": {
        "type": "Polygon",
        "coordinates": [
          [
            [
              -77.00373823378375,
              38.8759462450343
            ],
            [
              -77.00258971834735,
              38.87596595336199
            ],
            [
              -77.00261496513527,
              38.87686518826934
            ],
            [
              -77.00376349502746,
              38.876845479312664
            ],
            [
              -77.00373823378375,
              38.8759462450343
            ]
          ]
        ]
      },
      "properties": {
        "tile_id": 50
      }
    },
    {
      "type": "Feature",
      "geometry": {
        "type": "Polygon",
        "coordinates": [
          [
            [
              -77.00258971834735,
              38.87596595336199
            ],
            [
              -77.00144120178682,
              38.8759856504028
            ],
            [
              -77.00146643411887,
              38.876884885938765
            ],
            [
              -77.00261496513527,
              38.87686518826934
            ],
            [
              -77.00258971834735,
              38.87596595336199
            ]
          ]
        ]
      },
      "properties": {
        "tile_id": 51
      }
    },
    {
      "type": "Feature",
      "geometry": {
        "type": "Polygon",
        "coordinates": [
          [
            [
              -77.00144120178682,
              38.8759856504028
            ],
            [
              -77.00029268410283,
              38.87600533615668
            ],
            [
              -77.00031790197897,
              38.87690457232093
            ],
            [
              -77.00146643411887,
              38.876884885938765
            ],
            [
              -77.00144120178682,
              38.8759856504028
            ]
          ]
        ]
      },
      "properties": {
        "tile_id": 52
      }
    },
    {
      "type": "Feature",
      "geometry": {
        "type": "Polygon",
        "coordinates": [
          [
            [
              -77.00029268410283,
              38.87600533615668
            ],
            [
              -76.99914416529602,
              38.87602501062361
            ],
            [
              -76.99916936871618,
              38.87692424741576
            ],
            [
              -77.00031790197897,
              38.87690457232093
            ],
            [
              -77.00029268410283,
              38.87600533615668
            ]
          ]
        ]
      },
      "properties": {
        "tile_id": 53
      }
    },
    {
      "type": "Feature",
      "geometry": {
        "type": "Polygon",
        "coordinates": [
          [
            [
              -76.99914416529602,
              38.87602501062361
            ],
            [
              -76.997995645367,
              38.87604467380354
            ],
            [
              -76.99802083433117,
              38.87694391122324
            ],
            [
              -76.99916936871618,
              38.87692424741576
            ],
            [
              -76.99914416529602,
              38.87602501062361
            ]
          ]
        ]
      },
      "properties": {
        "tile_id": 54
      }
    },
    {
      "type": "Feature",
      "geometry": {
        "type": "Polygon",
        "coordinates": [
          [
            [
              -76.997995645367,
              38.87604467380354
            ],
            [
              -76.99684712431646,
              38.876064325696476
            ],
            [
              -76.99687229882454,
              38.87696356374335
            ],
            [
              -76.99802083433117,
              38.87694391122324
            ],
            [
              -76.997995645367,
              38.87604467380354
            ]
          ]
        ]
      },
      "properties": {
        "tile_id": 55
      }
    },
    {
      "type": "Feature",
      "geometry": {
        "type": "Polygon",
        "coordinates": [
          [
            [
              -76.99684712431646,
              38.876064325696476
            ],
            [
              -76.99569860214503,
              38.876083966302325
            ],
            [
              -76.99572376219697,
              38.87698320497605
            ],
            [
              -76.99687229882454,
              38.87696356374335
            ],
            [
              -76.99684712431646,
              38.876064325696476
            ]
          ]
        ]
      },
      "properties": {
        "tile_id": 56
      }
    },
    {
      "type": "Feature",
      "geometry": {
        "type": "Polygon",
        "coordinates": [
          [
            [
              -76.99569860214503,
              38.876083966302325
            ],
            [
              -76.99455007885331,
              38.8761035956211
            ],
            [
              -76.9945752244491,
              38.877002834921306
            ],
            [
              -76.99572376219697,
              38.87698320497605
            ],
            [
              -76.99569860214503,
              38.876083966302325
            ]
          ]
        ]
      },
      "properties": {
        "tile_id": 57
      }
    },
    {
      "type": "Feature",
      "geometry": {
        "type": "Polygon",
        "coordinates": [
          [
            [
              -76.99455007885331,
              38.8761035956211
            ],
            [
              -76.99340155444202,
              38.87612321365277
            ],
            [
              -76.99342668558154,
              38.87702245357906
            ],
            [
              -76.9945752244491,
              38.877002834921306
            ],
            [
              -76.99455007885331,
              38.8761035956211
            ]
          ]
        ]
      },
      "properties": {
        "tile_id": 58
      }
    },
    {
      "type": "Feature",
      "geometry": {
        "type": "Polygon",
        "coordinates": [
          [
            [
              -76.99340155444202,
              38.87612321365277
            ],
            [
              -76.99225302891172,
              38.87614282039728
            ],
            [
              -76.99227814559497,
              38.877042060949314
            ],
            [
              -76.99342668558154,
              38.87702245357906
            ],
            [
              -76.99340155444202,
              38.87612321365277
            ]
          ]
        ]
      },
      "properties": {
        "tile_id": 59
      }
    },
    {
      "type": "Feature",
      "geometry": {
        "type": "Polygon",
        "coordinates": [
          [
            [
              -77.03017937079973,
              38.87638905810544
            ],
            [
              -77.02903086694077,
              38.876409026659594
            ],
            [
              -77.02905644734085,
              38.87730824685612
            ],
            [
              -77.03020496565499,
              38.87728827766469
            ],
            [
              -77.03017937079973,
              38.87638905810544
            ]
          ]
        ]
      },
      "properties": {
        "tile_id": 60
      }
    },
    {
      "type": "Feature",
      "geometry": {
        "type": "Polygon",
        "coordinates": [
          [
            [
              -77.02903086694077,
              38.876409026659594
            ],
            [
              -77.02788236194286,
              38.87642898392727
            ],
            [
              -77.02790792788771,
              38.87732820476072
            ],
            [
              -77.02905644734085,
              38.87730824685612
            ],
            [
              -77.02903086694077,
              38.876409026659594
            ]
          ]
        ]
      },
      "properties": {
        "tile_id": 61
      }
    },
    {
      "type": "Feature",
      "geometry": {
        "type": "Polygon",
        "coordinates": [
          [
            [
              -77.02788236194286,
              38.87642898392727
            ],
            [
              -77.02673385580664,
              38.876448929908435
            ],
            [
              -77.0267594072962,
              38.87734815137844
            ],
            [
              -77.02790792788771,
              38.87732820476072
            ],
            [
              -77.02788236194286,
              38.87642898392727
            ]
          ]
        ]
      },
      "properties": {
        "tile_id": 62
      }
    },
    {
      "type": "Feature",
      "geometry": {
        "type": "Polygon",
        "coordinates": [
          [
            [
              -77.02328833057459,
              38.87650870013254
            ],
            [
              -77.02213981989155,
              38.876528600967326
            ],
            [
              -77.0221653135594,
              38.877427824979975
            ],
            [
              -77.02331383869793,
              38.87740792351007
            ],
            [
              -77.02328833057459,
              38.87650870013254
            ]
          ]
        ]
      },
      "properties": {
        "tile_id": 63
      }
    },
    {
      "type": "Feature",
      "geometry": {
        "type": "Polygon",
        "coordinates": [
          [
            [
              -77.02213981989155,
              38.876528600967326
            ],
            [
              -77.02099130807345,
              38.876548490515425
            ],
            [
              -77.02101678728572,
              38.87744771516284
            ],
            [
              -77.0221653135594,
              38.877427824979975
            ],
            [
              -77.02213981989155,
              38.876528600967326
            ]
          ]
        ]
      },
      "properties": {
        "tile_id": 64
      }
    },
    {
      "type": "Feature",
      "geometry": {
        "type": "Polygon",
        "coordinates": [
          [
            [
              -77.02099130807345,
              38.876548490515425
            ],
            [
              -77.01984279512088,
              38.87656836877682
            ],
            [
              -77.01986825987753,
              38.87746759405863
            ],
            [
              -77.02101678728572,
              38.87744771516284
            ],
            [
              -77.02099130807345,
              38.876548490515425
            ]
          ]
        ]
      },
      "properties": {
        "tile_id": 65
      }
    },
    {
      "type": "Feature",
      "geometry": {
        "type": "Polygon",
        "coordinates": [
          [
            [
              -77.01984279512088,
              38.87656836877682
            ],
            [
              -77.0186942810345,
              38.87658823575146
            ],
            [
              -77.01871973133548,
              38.87748746166732
            ],
            [
              -77.01986825987753,
              38.87746759405863
            ],
            [
              -77.01984279512088,
              38.87656836877682
            ]
          ]
        ]
      },
      "properties": {
        "tile_id": 66
      }
    },
    {
      "type": "Feature",
      "geometry": {
        "type": "Polygon",
        "coordinates": [
          [
            [
              -77.0186942810345,
              38.87658823575146
            ],
            [
              -77.01754576581496,
              38.87660809143933
            ],
            [
              -77.0175712016602,
              38.877507317988865
            ],
            [
              -77.01871973133548,
              38.87748746166732
            ],
            [
              -77.0186942810345,
              38.87658823575146
            ]
          ]
        ]
      },
      "properties": {
        "tile_id": 67
      }
    },
    {
      "type": "Feature",
      "geometry": {
        "type": "Polygon",
        "coordinates": [
          [
            [
              -77.01754576581496,
              38.87660809143933
            ],
            [
              -77.0163972494629,
              38.87662793584039
            ],
            [
              -77.01642267085235,
              38.87752716302324
            ],
            [
              -77.0175712016602,
              38.877507317988865
            ],
            [
              -77.01754576581496,
              38.87660809143933
            ]
          ]
        ]
      },
      "properties": {
        "tile_id": 68
      }
    },
    {
      "type": "Feature",
      "geometry": {
        "type": "Polygon",
        "coordinates": [
          [
            [
              -77.0163972494629,
              38.87662793584039
            ],
            [
              -77.01524873197894,
              38.87664776895458
            ],
            [
              -77.01527413891256,
              38.87754699677041
            ],
            [
              -77.01642267085235,
              38.87752716302324
            ],
            [
              -77.0163972494629,
              38.87662793584039
            ]
          ]
        ]
      },
      "properties": {
        "tile_id": 69
      }
    },
    {
      "type": "Feature",
      "geometry": {
        "type": "Polygon",
        "coordinates": [
          [
            [
              -77.01524873197894,
              38.87664776895458
            ],
            [
              -77.01410021336376,
              38.876667590781906
            ],
            [
              -77.01412560584149,
              38.87756681923033
            ],
            [
              -77.01527413891256,
              38.87754699677041
            ],
            [
              -77.01524873197894,
              38.87664776895458
            ]
          ]
        ]
      },
      "properties": {
        "tile_id": 70
      }
    },
    {
      "type": "Feature",
      "geometry": {
        "type": "Polygon",
        "coordinates": [
          [
            [
              -77.01410021336376,
              38.876667590781906
            ],
            [
              -77.01295169361798,
              38.876687401322314
            ],
            [
              -77.01297707163975,
              38.87758663040298
            ],
            [
              -77.01412560584149,
              38.87756681923033
            ],
            [
              -77.01410021336376,
              38.876667590781906
            ]
          ]
        ]
      },
      "properties": {
        "tile_id": 71
      }
    },
    {
      "type": "Feature",
      "geometry": {
        "type": "Polygon",
        "coordinates": [
          [
            [
              -77.01295169361798,
              38.876687401322314
            ],
            [
              -77.01180317274226,
              38.87670720057579
            ],
            [
              -77.01182853630802,
              38.877606430288324
            ],
            [
              -77.01297707163975,
              38.87758663040298
            ],
            [
              -77.01295169361798,
              38.876687401322314
            ]
          ]
        ]
      },
      "properties": {
        "tile_id": 72
      }
    },
    {
      "type": "Feature",
      "geometry": {
        "type": "Polygon",
        "coordinates": [
          [
            [
              -77.01180317274226,
              38.87670720057579
            ],
            [
              -77.01065465073721,
              38.87672698854225
            ],
            [
              -77.01067999984691,
              38.87762621888633
            ],
            [
              -77.01182853630802,
              38.877606430288324
            ],
            [
              -77.01180317274226,
              38.87670720057579
            ]
          ]
        ]
      },
      "properties": {
        "tile_id": 73
      }
    },
    {
      "type": "Feature",
      "geometry": {
        "type": "Polygon",
        "coordinates": [
          [
            [
              -77.01065465073721,
              38.87672698854225
            ],
            [
              -77.00950612760352,
              38.87674676522172
            ],
            [
              -77.00953146225709,
              38.877645996196954
            ],
            [
              -77.01067999984691,
              38.87762621888633
            ],
            [
              -77.01065465073721,
              38.87672698854225
            ]
          ]
        ]
      },
      "properties": {
        "tile_id": 74
      }
    },
    {
      "type": "Feature",
      "geometry": {
        "type": "Polygon",
        "coordinates": [
          [
            [
              -77.00950612760352,
              38.87674676522172
            ],
            [
              -77.00835760334178,
              38.876766530614134
            ],
            [
              -77.00838292353919,
              38.87766576222018
            ],
            [
              -77.00953146225709,
              38.877645996196954
            ],
            [
              -77.00950612760352,
              38.87674676522172
            ]
          ]
        ]
      },
      "properties": {
        "tile_id": 75
      }
    },
    {
      "type": "Feature",
      "geometry": {
        "type": "Polygon",
        "coordinates": [
          [
            [
              -77.00835760334178,
              38.876766530614134
            ],
            [
              -77.00720907795267,
              38.87678628471948
            ],
            [
              -77.00723438369384,
              38.87768551695595
            ],
            [
              -77.00838292353919,
              38.87766576222018
            ],
            [
              -77.00835760334178,
              38.876766530614134
            ]
          ]
        ]
      },
      "properties": {
        "tile_id": 76
      }
    },
    {
      "type": "Feature",
      "geometry": {
        "type": "Polygon",
        "coordinates": [
          [
            [
              -77.00720907795267,
              38.87678628471948
            ],
            [
              -77.0060605514368,
              38.8768060275377
            ],
            [
              -77.00608584272172,
              38.877705260404255
            ],
            [
              -77.00723438369384,
              38.87768551695595
            ],
            [
              -77.00720907795267,
              38.87678628471948
            ]
          ]
        ]
      },
      "properties": {
        "tile_id": 77
      }
    },
    {
      "type": "Feature",
      "geometry": {
        "type": "Polygon",
        "coordinates": [
          [
            [
              -77.0060605514368,
              38.8768060275377
            ],
            [
              -77.00491202379486,
              38.87682575906877
            ],
            [
              -77.00493730062344,
              38.87772499256506
            ],
            [
              -77.00608584272172,
              38.877705260404255
            ],
            [
              -77.0060605514368,
              38.8768060275377
            ]
          ]
        ]
      },
      "properties": {
        "tile_id": 78
      }
    },
    {
      "type": "Feature",
      "geometry": {
        "type": "Polygon",
        "coordinates": [
          [
            [
              -77.00491202379486,
              38.87682575906877
            ],
            [
              -77.00376349502746,
              38.876845479312664
            ],
            [
              -77.00378875739965,
              38.87774471343832
            ],
            [
              -77.00493730062344,
              38.87772499256506
            ],
            [
              -77.00491202379486,
              38.87682575906877
            ]
          ]
        ]
      },
      "properties": {
        "tile_id": 79
      }
    },
    {
      "type": "Feature",
      "geometry": {
        "type": "Polygon",
        "coordinates": [
          [
            [
              -77.00376349502746,
              38.876845479312664
            ],
            [
              -77.00261496513527,
              38.87686518826934
            ],
            [
              -77.00264021305098,
              38.877764423024004
            ],
            [
              -77.00378875739965,
              38.87774471343832
            ],
            [
              -77.00376349502746,
              38.876845479312664
            ]
          ]
        ]
      },
      "properties": {
        "tile_id": 80
      }
    },
    {
      "type": "Feature",
      "geometry": {
        "type": "Polygon",
        "coordinates": [
          [
            [
              -77.00261496513527,
              38.87686518826934
            ],
            [
              -77.00146643411887,
              38.876884885938765
            ],
            [
              -77.00149166757811,
              38.87778412132207
            ],
            [
              -77.00264021305098,
              38.877764423024004
            ],
            [
              -77.00261496513527,
              38.87686518826934
            ]
          ]
        ]
      },
      "properties": {
        "tile_id": 81
      }
    },
    {
      "type": "Feature",
      "geometry": {
        "type": "Polygon",
        "coordinates": [
          [
            [
              -77.00146643411887,
              38.876884885938765
            ],
            [
              -77.00031790197897,
              38.87690457232093
            ],
            [
              -77.00034312098165,
              38.87780380833251
            ],
            [
              -77.00149166757811,
              38.87778412132207
            ],
            [
              -77.00146643411887,
              38.876884885938765
            ]
          ]
        ]
      },
      "properties": {
        "tile_id": 82
      }
    },
    {
      "type": "Feature",
      "geometry": {
        "type": "Polygon",
        "coordinates": [
          [
            [
              -77.00031790197897,
              38.87690457232093
            ],
            [
              -76.99916936871618,
              38.87692424741576
            ],
            [
              -76.99919457326224,
              38.87782348405527
            ],
            [
              -77.00034312098165,
              38.87780380833251
            ],
            [
              -77.00031790197897,
              38.87690457232093
            ]
          ]
        ]
      },
      "properties": {
        "tile_id": 83
      }
    },
    {
      "type": "Feature",
      "geometry": {
        "type": "Polygon",
        "coordinates": [
          [
            [
              -76.99916936871618,
              38.87692424741576
            ],
            [
              -76.99802083433117,
              38.87694391122324
            ],
            [
              -76.99804602442056,
              38.87784314849033
            ],
            [
              -76.99919457326224,
              38.87782348405527
            ],
            [
              -76.99916936871618,
              38.87692424741576
            ]
          ]
        ]
      },
      "properties": {
        "tile_id": 84
      }
    },
    {
      "type": "Feature",
      "geometry": {
        "type": "Polygon",
        "coordinates": [
          [
            [
              -76.99802083433117,
              38.87694391122324
            ],
            [
              -76.99687229882454,
              38.87696356374335
            ],
            [
              -76.99689747445723,
              38.87786280163763
            ],
            [
              -76.99804602442057,
              38.87784314849033
            ],
            [
              -76.99802083433117,
              38.87694391122324
            ]
          ]
        ]
      },
      "properties": {
        "tile_id": 85
      }
    },
    {
      "type": "Feature",
      "geometry": {
        "type": "Polygon",
        "coordinates": [
          [
            [
              -76.99687229882454,
              38.87696356374335
            ],
            [
              -76.99572376219697,
              38.87698320497605
            ],
            [
              -76.99574892337287,
              38.87788244349717
            ],
            [
              -76.99689747445723,
              38.87786280163763
            ],
            [
              -76.99687229882454,
              38.87696356374335
            ]
          ]
        ]
      },
      "properties": {
        "tile_id": 86
      }
    },
    {
      "type": "Feature",
      "geometry": {
        "type": "Polygon",
        "coordinates": [
          [
            [
              -76.99572376219697,
              38.87698320497605
            ],
            [
              -76.9945752244491,
              38.877002834921306
            ],
            [
              -76.99460037116816,
              38.877902074068906
            ],
            [
              -76.99574892337287,
              38.87788244349717
            ],
            [
              -76.99572376219697,
              38.87698320497605
            ]
          ]
        ]
      },
      "properties": {
        "tile_id": 87
      }
    },
    {
      "type": "Feature",
      "geometry": {
        "type": "Polygon",
        "coordinates": [
          [
            [
              -76.9945752244491,
              38.877002834921306
            ],
            [
              -76.99342668558154,
              38.87702245357906
            ],
            [
              -76.99345181784372,
              38.877921693352796
            ],
            [
              -76.99460037116816,
              38.877902074068906
            ],
            [
              -76.9945752244491,
              38.877002834921306
            ]
          ]
        ]
      },
      "properties": {
        "tile_id": 88
      }
    },
    {
      "type": "Feature",
      "geometry": {
        "type": "Polygon",
        "coordinates": [
          [
            [
              -76.99342668558154,
              38.87702245357906
            ],
            [
              -76.99227814559497,
              38.877042060949314
            ],
            [
              -76.99230326340022,
              38.87794130134881
            ],
            [
              -76.99345181784372,
              38.877921693352796
            ],
            [
              -76.99342668558154,
              38.87702245357906
            ]
          ]
        ]
      },
      "properties": {
        "tile_id": 89
      }
    },
    {
      "type": "Feature",
      "geometry": {
        "type": "Polygon",
        "coordinates": [
          [
            [
              -77.03020496565499,
              38.87728827766469
            ],
            [
              -77.02905644734085,
              38.87730824685612
            ],
            [
              -77.02908202888362,
              38.87820746689962
            ],
            [
              -77.0302305616536,
              38.87818749707088
            ],
            [
              -77.03020496565499,
              38.87728827766469
            ]
          ]
        ]
      },
      "properties": {
        "tile_id": 90
      }
    },
    {
      "type": "Feature",
      "geometry": {
        "type": "Polygon",
        "coordinates": [
          [
            [
              -77.02905644734085,
              38.87730824685612
            ],
            [
              -77.02790792788771,
              38.87732820476072
            ],
            [
              -77.0279334949746,
              38.878227425441146
            ],
            [
              -77.02908202888362,
              38.87820746689962
            ],
            [
              -77.02905644734085,
              38.87730824685612
            ]
          ]
        ]
      },
      "properties": {
        "tile_id": 91
      }
    },
    {
      "type": "Feature",
      "geometry": {
        "type": "Polygon",
        "coordinates": [
          [
            [
              -77.02446236270066,
              38.87738801075316
            ],
            [
              -77.02331383869793,
              38.87740792351007
            ],
            [
              -77.02333934796076,
              38.87830714673464
            ],
            [
              -77.02448788641959,
              38.878287233342235
            ],
            [
              -77.02446236270066,
              38.87738801075316
            ]
          ]
        ]
      },
      "properties": {
        "tile_id": 92
      }
    },
    {
      "type": "Feature",
      "geometry": {
        "type": "Polygon",
        "coordinates": [
          [
            [
              -77.02331383869793,
              38.87740792351007
            ],
            [
              -77.0221653135594,
              38.877427824979975
            ],
            [
              -77.02219080836608,
              38.87832704883968
            ],
            [
              -77.02333934796076,
              38.87830714673464
            ],
            [
              -77.02331383869793,
              38.87740792351007
            ]
          ]
        ]
      },
      "properties": {
        "tile_id": 93
      }
    },
    {
      "type": "Feature",
      "geometry": {
        "type": "Polygon",
        "coordinates": [
          [
            [
              -77.0221653135594,
              38.877427824979975
            ],
            [
              -77.02101678728572,
              38.87744771516284
            ],
            [
              -77.02104226763619,
              38.87834693965733
            ],
            [
              -77.02219080836608,
              38.87832704883968
            ],
            [
              -77.0221653135594,
              38.877427824979975
            ]
          ]
        ]
      },
      "properties": {
        "tile_id": 94
      }
    },
    {
      "type": "Feature",
      "geometry": {
        "type": "Polygon",
        "coordinates": [
          [
            [
              -77.02101678728572,
              38.87744771516284
            ],
            [
              -77.01986825987753,
              38.87746759405863
            ],
            [
              -77.01989372577172,
              38.87836681918754
            ],
            [
              -77.02104226763619,
              38.87834693965733
            ],
            [
              -77.02101678728572,
              38.87744771516284
            ]
          ]
        ]
      },
      "properties": {
        "tile_id": 95
      }
    },
    {
      "type": "Feature",
      "geometry": {
        "type": "Polygon",
        "coordinates": [
          [
            [
              -77.01986825987753,
              38.87746759405863
            ],
            [
              -77.01871973133548,
              38.87748746166732
            ],
            [
              -77.01874518277336,
              38.878386687430286
            ],
            [
              -77.01989372577172,
              38.87836681918754
            ],
            [
              -77.01986825987753,
              38.87746759405863
            ]
          ]
        ]
      },
      "properties": {
        "tile_id": 96
      }
    },
    {
      "type": "Feature",
      "geometry": {
        "type": "Polygon",
        "coordinates": [
          [
            [
              -77.01871973133548,
              38.87748746166732
            ],
            [
              -77.0175712016602,
              38.877507317988865
            ],
            [
              -77.0175966386417,
              38.87840654438553
            ],
            [
              -77.01874518277336,
              38.878386687430286
            ],
            [
              -77.01871973133548,
              38.87748746166732
            ]
          ]
        ]
      },
      "properties": {
        "tile_id": 97
      }
    },
    {
      "type": "Feature",
      "geometry": {
        "type": "Polygon",
        "coordinates": [
          [
            [
              -77.0175712016602,
              38.877507317988865
            ],
            [
              -77.01642267085235,
              38.87752716302324
            ],
            [
              -77.01644809337742,
              38.878426390053235
            ],
            [
              -77.0175966386417,
              38.87840654438553
            ],
            [
              -77.0175712016602,
              38.877507317988865
            ]
          ]
        ]
      },
      "properties": {
        "tile_id": 98
      }
    },
    {
      "type": "Feature",
      "geometry": {
        "type": "Polygon",
        "coordinates": [
          [
            [
              -77.01642267085235,
              38.87752716302324
            ],
            [
              -77.01527413891256,
              38.87754699677041
            ],
            [
              -77.01529954698115,
              38.878446224433375
            ],
            [
              -77.01644809337742,
              38.878426390053235
            ],
            [
              -77.01642267085235,
              38.87752716302324
            ]
          ]
        ]
      },
      "properties": {
        "tile_id": 99
      }
    },
    {
      "type": "Feature",
      "geometry": {
        "type": "Polygon",
        "coordinates": [
          [
            [
              -77.01527413891256,
              38.87754699677041
            ],
            [
              -77.01412560584149,
              38.87756681923033
            ],
            [
              -77.01415099945352,
              38.878466047525926
            ],
            [
              -77.01529954698115,
              38.878446224433375
            ],
            [
              -77.01527413891256,
              38.87754699677041
            ]
          ]
        ]
      },
      "properties": {
        "tile_id": 100
      }
    },
    {
      "type": "Feature",
      "geometry": {
        "type": "Polygon",
        "coordinates": [
          [
            [
              -77.01412560584149,
              38.87756681923033
            ],
            [
              -77.01297707163975,
              38.87758663040298
            ],
            [
              -77.0130024507952,
              38.87848585933083
            ],
            [
              -77.01415099945352,
              38.878466047525926
            ],
            [
              -77.01412560584149,
              38.87756681923033
            ]
          ]
        ]
      },
      "properties": {
        "tile_id": 101
      }
    },
    {
      "type": "Feature",
      "geometry": {
        "type": "Polygon",
        "coordinates": [
          [
            [
              -77.01297707163975,
              38.87758663040298
            ],
            [
              -77.01182853630802,
              38.877606430288324
            ],
            [
              -77.01185390100682,
              38.878505659848074
            ],
            [
              -77.0130024507952,
              38.87848585933083
            ],
            [
              -77.01297707163975,
              38.87758663040298
            ]
          ]
        ]
      },
      "properties": {
        "tile_id": 102
      }
    },
    {
      "type": "Feature",
      "geometry": {
        "type": "Polygon",
        "coordinates": [
          [
            [
              -77.01182853630802,
              38.877606430288324
            ],
            [
              -77.01067999984691,
              38.87762621888633
            ],
            [
              -77.010705350089,
              38.87852544907762
            ],
            [
              -77.01185390100682,
              38.878505659848074
            ],
            [
              -77.01182853630802,
              38.877606430288324
            ]
          ]
        ]
      },
      "properties": {
        "tile_id": 103
      }
    },
    {
      "type": "Feature",
      "geometry": {
        "type": "Polygon",
        "coordinates": [
          [
            [
              -77.01067999984691,
              38.87762621888633
            ],
            [
              -77.00953146225709,
              38.877645996196954
            ],
            [
              -77.00955679804241,
              38.87854522701943
            ],
            [
              -77.010705350089,
              38.87852544907762
            ],
            [
              -77.01067999984691,
              38.87762621888633
            ]
          ]
        ]
      },
      "properties": {
        "tile_id": 104
      }
    },
    {
      "type": "Feature",
      "geometry": {
        "type": "Polygon",
        "coordinates": [
          [
            [
              -77.00953146225709,
              38.877645996196954
            ],
            [
              -77.00838292353919,
              38.87766576222018
            ],
            [
              -77.0084082448677,
              38.878564993673464
            ],
            [
              -77.00955679804241,
              38.87854522701943
            ],
            [
              -77.00953146225709,
              38.877645996196954
            ]
          ]
        ]
      },
      "properties": {
        "tile_id": 105
      }
    },
    {
      "type": "Feature",
      "geometry": {
        "type": "Polygon",
        "coordinates": [
          [
            [
              -77.00838292353919,
              38.87766576222018
            ],
            [
              -77.00723438369384,
              38.87768551695595
            ],
            [
              -77.00725969056548,
              38.87858474903971
            ],
            [
              -77.0084082448677,
              38.878564993673464
            ],
            [
              -77.00838292353919,
              38.87766576222018
            ]
          ]
        ]
      },
      "properties": {
        "tile_id": 106
      }
    },
    {
      "type": "Feature",
      "geometry": {
        "type": "Polygon",
        "coordinates": [
          [
            [
              -77.00723438369384,
              38.87768551695595
            ],
            [
              -77.00608584272172,
              38.877705260404255
            ],
            [
              -77.00611113513642,
              38.878604493118104
            ],
            [
              -77.00725969056548,
              38.87858474903971
            ],
            [
              -77.00723438369384,
              38.87768551695595
            ]
          ]
        ]
      },
      "properties": {
        "tile_id": 107
      }
    },
    {
      "type": "Feature",
      "geometry": {
        "type": "Polygon",
        "coordinates": [
          [
            [
              -77.00608584272172,
              38.877705260404255
            ],
            [
              -77.00493730062344,
              38.87772499256506
            ],
            [
              -77.00496257858116,
              38.87862422590864
            ],
            [
              -77.00611113513642,
              38.878604493118104
            ],
            [
              -77.00608584272172,
              38.877705260404255
            ]
          ]
        ]
      },
      "properties": {
        "tile_id": 108
      }
    },
    {
      "type": "Feature",
      "geometry": {
        "type": "Polygon",
        "coordinates": [
          [
            [
              -77.00493730062344,
              38.87772499256506
            ],
            [
              -77.00378875739965,
              38.87774471343832
            ],
            [
              -77.00381402090032,
              38.87864394741128
            ],
            [
              -77.00496257858116,
              38.87862422590864
            ],
            [
              -77.00493730062344,
              38.87772499256506
            ]
          ]
        ]
      },
      "properties": {
        "tile_id": 109
      }
    },
    {
      "type": "Feature",
      "geometry": {
        "type": "Polygon",
        "coordinates": [
          [
            [
              -77.00378875739965,
              38.87774471343832
            ],
            [
              -77.00264021305098,
              38.877764423024004
            ],
            [
              -77.00266546209458,
              38.87866365762598
            ],
            [
              -77.00381402090032,
              38.87864394741128
            ],
            [
              -77.00378875739965,
              38.87774471343832
            ]
          ]
        ]
      },
      "properties": {
        "tile_id": 110
      }
    },
    {
      "type": "Feature",
      "geometry": {
        "type": "Polygon",
        "coordinates": [
          [
            [
              -77.00264021305098,
              38.877764423024004
            ],
            [
              -77.00149166757811,
              38.87778412132207
            ],
            [
              -77.00151690216457,
              38.87868335655272
            ],
            [
              -77.00266546209458,
              38.87866365762598
            ],
            [
              -77.00264021305098,
              38.877764423024004
            ]
          ]
        ]
      },
      "properties": {
        "tile_id": 111
      }
    },
    {
      "type": "Feature",
      "geometry": {
        "type": "Polygon",
        "coordinates": [
          [
            [
              -77.00149166757811,
              38.87778412132207
            ],
            [
              -77.00034312098165,
              38.87780380833251
            ],
            [
              -77.0003683411109,
              38.87870304419145
            ],
            [
              -77.00151690216457,
              38.87868335655272
            ],
            [
              -77.00149166757811,
              38.87778412132207
            ]
          ]
        ]
      },
      "properties": {
        "tile_id": 112
      }
    },
    {
      "type": "Feature",
      "geometry": {
        "type": "Polygon",
        "coordinates": [
          [
            [
              -77.00034312098165,
              38.87780380833251
            ],
            [
              -76.99919457326224,
              38.87782348405527
            ],
            [
              -76.99921977893425,
              38.87872272054215
            ],
            [
              -77.0003683411109,
              38.87870304419145
            ],
            [
              -77.00034312098165,
              38.87780380833251
            ]
          ]
        ]
      },
      "properties": {
        "tile_id": 113
      }
    },
    {
      "type": "Feature",
      "geometry": {
        "type": "Polygon",
        "coordinates": [
          [
            [
              -76.99919457326224,
              38.87782348405527
            ],
            [
              -76.99804602442056,
              38.87784314849033
            ],
            [
              -76.99807121563525,
              38.87874238560478
            ],
            [
              -76.99921977893425,
              38.87872272054215
            ],
            [
              -76.99919457326224,
              38.87782348405527
            ]
          ]
        ]
      },
      "properties": {
        "tile_id": 114
      }
    },
    {
      "type": "Feature",
      "geometry": {
        "type": "Polygon",
        "coordinates": [
          [
            [
              -76.99804602442057,
              38.87784314849033
            ],
            [
              -76.99689747445723,
              38.87786280163763
            ],
            [
              -76.99692265121455,
              38.87876203937931
            ],
            [
              -76.99807121563525,
              38.87874238560478
            ],
            [
              -76.99804602442057,
              38.87784314849033
            ]
          ]
        ]
      },
      "properties": {
        "tile_id": 115
      }
    },
    {
      "type": "Feature",
      "geometry": {
        "type": "Polygon",
        "coordinates": [
          [
            [
              -76.99689747445723,
              38.87786280163763
            ],
            [
              -76.99574892337287,
              38.87788244349717
            ],
            [
              -76.99577408567278,
              38.87878168186571
            ],
            [
              -76.99692265121455,
              38.87876203937931
            ],
            [
              -76.99689747445723,
              38.87786280163763
            ]
          ]
        ]
      },
      "properties": {
        "tile_id": 116
      }
    },
    {
      "type": "Feature",
      "geometry": {
        "type": "Polygon",
        "coordinates": [
          [
            [
              -76.99574892337287,
              38.87788244349717
            ],
            [
              -76.99460037116816,
              38.877902074068906
            ],
            [
              -76.9946255190106,
              38.87880131306394
            ],
            [
              -76.99577408567278,
              38.87878168186571
            ],
            [
              -76.99574892337287,
              38.87788244349717
            ]
          ]
        ]
      },
      "properties": {
        "tile_id": 117
      }
    },
    {
      "type": "Feature",
      "geometry": {
        "type": "Polygon",
        "coordinates": [
          [
            [
              -76.99460037116816,
              38.877902074068906
            ],
            [
              -76.99345181784372,
              38.877921693352796
            ],
            [
              -76.99347695122863,
              38.87882093297397
            ],
            [
              -76.9946255190106,
              38.87880131306394
            ],
            [
              -76.99460037116816,
              38.877902074068906
            ]
          ]
        ]
      },
      "properties": {
        "tile_id": 118
      }
    },
    {
      "type": "Feature",
      "geometry": {
        "type": "Polygon",
        "coordinates": [
          [
            [
              -76.99345181784372,
              38.877921693352796
            ],
            [
              -76.99230326340022,
              38.87794130134881
            ],
            [
              -76.99232838232753,
              38.87884054159577
            ],
            [
              -76.99347695122863,
              38.87882093297397
            ],
            [
              -76.99345181784372,
              38.877921693352796
            ]
          ]
        ]
      },
      "properties": {
        "tile_id": 119
      }
    },
    {
      "type": "Feature",
      "geometry": {
        "type": "Polygon",
        "coordinates": [
          [
            [
              -77.0302305616536,
              38.87818749707088
            ],
            [
              -77.02908202888362,
              38.87820746689962
            ],
            [
              -77.02910761156916,
              38.879106686790045
            ],
            [
              -77.0302561587956,
              38.87908671632401
            ],
            [
              -77.0302305616536,
              38.87818749707088
            ]
          ]
        ]
      },
      "properties": {
        "tile_id": 120
      }
    },
    {
      "type": "Feature",
      "geometry": {
        "type": "Polygon",
        "coordinates": [
          [
            [
              -77.02908202888362,
              38.87820746689962
            ],
            [
              -77.0279334949746,
              38.878227425441146
            ],
            [
              -77.02795906320361,
              38.87912664596853
            ],
            [
              -77.02910761156916,
              38.879106686790045
            ],
            [
              -77.02908202888362,
              38.87820746689962
            ]
          ]
        ]
      },
      "properties": {
        "tile_id": 121
      }
    },
    {
      "type": "Feature",
      "geometry": {
        "type": "Polygon",
        "coordinates": [
          [
            [
              -77.02563642374194,
              38.878267308662494
            ],
            [
              -77.02448788641959,
              38.878287233342235
            ],
            [
              -77.0245134112787,
              38.87918645577831
            ],
            [
              -77.02566196305774,
              38.87916653046271
            ],
            [
              -77.02563642374194,
              38.878267308662494
            ]
          ]
        ]
      },
      "properties": {
        "tile_id": 122
      }
    },
    {
      "type": "Feature",
      "geometry": {
        "type": "Polygon",
        "coordinates": [
          [
            [
              -77.02448788641959,
              38.878287233342235
            ],
            [
              -77.02333934796076,
              38.87830714673464
            ],
            [
              -77.02336485836312,
              38.87920636980624
            ],
            [
              -77.0245134112787,
              38.87918645577831
            ],
            [
              -77.02448788641959,
              38.878287233342235
            ]
          ]
        ]
      },
      "properties": {
        "tile_id": 123
      }
    },
    {
      "type": "Feature",
      "geometry": {
        "type": "Polygon",
        "coordinates": [
          [
            [
              -77.02333934796076,
              38.87830714673464
            ],
            [
              -77.02219080836608,
              38.87832704883968
            ],
            [
              -77.02221630431163,
              38.87922627254643
            ],
            [
              -77.02336485836312,
              38.87920636980624
            ],
            [
              -77.02333934796076,
              38.87830714673464
            ]
          ]
        ]
      },
      "properties": {
        "tile_id": 124
      }
    },
    {
      "type": "Feature",
      "geometry": {
        "type": "Polygon",
        "coordinates": [
          [
            [
              -77.02219080836608,
              38.87832704883968
            ],
            [
              -77.02104226763619,
              38.87834693965733
            ],
            [
              -77.02106774912488,
              38.87924616399887
            ],
            [
              -77.02221630431163,
              38.87922627254643
            ],
            [
              -77.02219080836608,
              38.87832704883968
            ]
          ]
        ]
      },
      "properties": {
        "tile_id": 125
      }
    },
    {
      "type": "Feature",
      "geometry": {
        "type": "Polygon",
        "coordinates": [
          [
            [
              -77.02104226763619,
              38.87834693965733
            ],
            [
              -77.01989372577172,
              38.87836681918754
            ],
            [
              -77.01991919280353,
              38.879266044163515
            ],
            [
              -77.02106774912488,
              38.87924616399887
            ],
            [
              -77.02104226763619,
              38.87834693965733
            ]
          ]
        ]
      },
      "properties": {
        "tile_id": 126
      }
    },
    {
      "type": "Feature",
      "geometry": {
        "type": "Polygon",
        "coordinates": [
          [
            [
              -77.01989372577172,
              38.87836681918754
            ],
            [
              -77.01874518277336,
              38.878386687430286
            ],
            [
              -77.01877063534819,
              38.879285913040334
            ],
            [
              -77.01991919280353,
              38.879266044163515
            ],
            [
              -77.01989372577172,
              38.87836681918754
            ]
          ]
        ]
      },
      "properties": {
        "tile_id": 127
      }
    },
    {
      "type": "Feature",
      "geometry": {
        "type": "Polygon",
        "coordinates": [
          [
            [
              -77.01874518277336,
              38.878386687430286
            ],
            [
              -77.0175966386417,
              38.87840654438553
            ],
            [
              -77.01762207675951,
              38.87930577062929
            ],
            [
              -77.01877063534819,
              38.879285913040334
            ],
            [
              -77.01874518277336,
              38.878386687430286
            ]
          ]
        ]
      },
      "properties": {
        "tile_id": 128
      }
    },
    {
      "type": "Feature",
      "geometry": {
        "type": "Polygon",
        "coordinates": [
          [
            [
              -77.0175966386417,
              38.87840654438553
            ],
            [
              -77.01644809337742,
              38.878426390053235
            ],
            [
              -77.01647351703815,
              38.87932561693036
            ],
            [
              -77.01762207675951,
              38.87930577062929
            ],
            [
              -77.0175966386417,
              38.87840654438553
            ]
          ]
        ]
      },
      "properties": {
        "tile_id": 129
      }
    },
    {
      "type": "Feature",
      "geometry": {
        "type": "Polygon",
        "coordinates": [
          [
            [
              -77.01644809337742,
              38.878426390053235
            ],
            [
              -77.01529954698115,
              38.878446224433375
            ],
            [
              -77.01532495618474,
              38.87934545194349
            ],
            [
              -77.01647351703815,
              38.87932561693036
            ],
            [
              -77.01644809337742,
              38.878426390053235
            ]
          ]
        ]
      },
      "properties": {
        "tile_id": 130
      }
    },
    {
      "type": "Feature",
      "geometry": {
        "type": "Polygon",
        "coordinates": [
          [
            [
              -77.01529954698115,
              38.878446224433375
            ],
            [
              -77.01415099945352,
              38.878466047525926
            ],
            [
              -77.01417639419994,
              38.879365275668675
            ],
            [
              -77.01532495618474,
              38.87934545194349
            ],
            [
              -77.01529954698115,
              38.878446224433375
            ]
          ]
        ]
      },
      "properties": {
        "tile_id": 131
      }
    },
    {
      "type": "Feature",
      "geometry": {
        "type": "Polygon",
        "coordinates": [
          [
            [
              -77.01415099945352,
              38.878466047525926
            ],
            [
              -77.0130024507952,
              38.87848585933083
            ],
            [
              -77.01302783108437,
              38.879385088105856
            ],
            [
              -77.01417639419994,
              38.879365275668675
            ],
            [
              -77.01415099945352,
              38.878466047525926
            ]
          ]
        ]
      },
      "properties": {
        "tile_id": 132
      }
    },
    {
      "type": "Feature",
      "geometry": {
        "type": "Polygon",
        "coordinates": [
          [
            [
              -77.0130024507952,
              38.87848585933083
            ],
            [
              -77.01185390100682,
              38.878505659848074
            ],
            [
              -77.01187926683869,
              38.87940488925501
            ],
            [
              -77.01302783108437,
              38.879385088105856
            ],
            [
              -77.0130024507952,
              38.87848585933083
            ]
          ]
        ]
      },
      "properties": {
        "tile_id": 133
      }
    },
    {
      "type": "Feature",
      "geometry": {
        "type": "Polygon",
        "coordinates": [
          [
            [
              -77.01185390100682,
              38.878505659848074
            ],
            [
              -77.010705350089,
              38.87852544907762
            ],
            [
              -77.01073070146352,
              38.8794246791161
            ],
            [
              -77.01187926683869,
              38.87940488925501
            ],
            [
              -77.01185390100682,
              38.878505659848074
            ]
          ]
        ]
      },
      "properties": {
        "tile_id": 134
      }
    },
    {
      "type": "Feature",
      "geometry": {
        "type": "Polygon",
        "coordinates": [
          [
            [
              -77.010705350089,
              38.87852544907762
            ],
            [
              -77.00955679804241,
              38.87854522701943
            ],
            [
              -77.00958213495953,
              38.87944445768911
            ],
            [
              -77.01073070146352,
              38.8794246791161
            ],
            [
              -77.010705350089,
              38.87852544907762
            ]
          ]
        ]
      },
      "properties": {
        "tile_id": 135
      }
    },
    {
      "type": "Feature",
      "geometry": {
        "type": "Polygon",
        "coordinates": [
          [
            [
              -77.00955679804241,
              38.87854522701943
            ],
            [
              -77.0084082448677,
              38.878564993673464
            ],
            [
              -77.00843356732734,
              38.87946422497398
            ],
            [
              -77.00958213495953,
              38.87944445768911
            ],
            [
              -77.00955679804241,
              38.87854522701943
            ]
          ]
        ]
      },
      "properties": {
        "tile_id": 136
      }
    },
    {
      "type": "Feature",
      "geometry": {
        "type": "Polygon",
        "coordinates": [
          [
            [
              -77.0084082448677,
              38.878564993673464
            ],
            [
              -77.00725969056548,
              38.87858474903971
            ],
            [
              -77.00728499856761,
              38.87948398097069
            ],
            [
              -77.00843356732734,
              38.87946422497398
            ],
            [
              -77.0084082448677,
              38.878564993673464
            ]
          ]
        ]
      },
      "properties": {
        "tile_id": 137
      }
    },
    {
      "type": "Feature",
      "geometry": {
        "type": "Polygon",
        "coordinates": [
          [
            [
              -77.00725969056548,
              38.87858474903971
            ],
            [
              -77.00611113513642,
              38.878604493118104
            ],
            [
              -77.00613642868097,
              38.87950372567921
            ],
            [
              -77.00728499856761,
              38.87948398097069
            ],
            [
              -77.00725969056548,
              38.87858474903971
            ]
          ]
        ]
      },
      "properties": {
        "tile_id": 138
      }
    },
    {
      "type": "Feature",
      "geometry": {
        "type": "Polygon",
        "coordinates": [
          [
            [
              -77.00611113513642,
              38.878604493118104
            ],
            [
              -77.00496257858116,
              38.87862422590864
            ],
            [
              -77.0049878576681,
              38.8795234590995
            ],
            [
              -77.00613642868097,
              38.87950372567921
            ],
            [
              -77.00611113513642,
              38.878604493118104
            ]
          ]
        ]
      },
      "properties": {
        "tile_id": 139
      }
    },
    {
      "type": "Feature",
      "geometry": {
        "type": "Polygon",
        "coordinates": [
          [
            [
              -77.00496257858116,
              38.87862422590864
            ],
            [
              -77.00381402090032,
              38.87864394741128
            ],
            [
              -77.00383928552958,
              38.87954318123153
            ],
            [
              -77.0049878576681,
              38.8795234590995
            ],
            [
              -77.00496257858116,
              38.87862422590864
            ]
          ]
        ]
      },
      "properties": {
        "tile_id": 140
      }
    },
    {
      "type": "Feature",
      "geometry": {
        "type": "Polygon",
        "coordinates": [
          [
            [
              -77.00381402090032,
              38.87864394741128
            ],
            [
              -77.00266546209458,
              38.87866365762598
            ],
            [
              -77.0026907122661,
              38.87956289207527
            ],
            [
              -77.00383928552958,
              38.87954318123153
            ],
            [
              -77.00381402090032,
              38.87864394741128
            ]
          ]
        ]
      },
      "properties": {
        "tile_id": 141
      }
    },
    {
      "type": "Feature",
      "geometry": {
        "type": "Polygon",
        "coordinates": [
          [
            [
              -77.00266546209458,
              38.87866365762598
            ],
            [
              -77.00151690216457,
              38.87868335655272
            ],
            [
              -77.00154213787829,
              38.87958259163067
            ],
            [
              -77.0026907122661,
              38.87956289207527
            ],
            [
              -77.00266546209458,
              38.87866365762598
            ]
          ]
        ]
      },
      "properties": {
        "tile_id": 142
      }
    },
    {
      "type": "Feature",
      "geometry": {
        "type": "Polygon",
        "coordinates": [
          [
            [
              -77.00151690216457,
              38.87868335655272
            ],
            [
              -77.0003683411109,
              38.87870304419145
            ],
            [
              -77.00039356236678,
              38.879602279897725
            ],
            [
              -77.00154213787829,
              38.87958259163067
            ],
            [
              -77.00151690216457,
              38.87868335655272
            ]
          ]
        ]
      },
      "properties": {
        "tile_id": 143
      }
    },
    {
      "type": "Feature",
      "geometry": {
        "type": "Polygon",
        "coordinates": [
          [
            [
              -77.0003683411109,
              38.87870304419145
            ],
            [
              -76.99921977893425,
              38.87872272054215
            ],
            [
              -76.99924498573223,
              38.87962195687638
            ],
            [
              -77.00039356236678,
              38.879602279897725
            ],
            [
              -77.0003683411109,
              38.87870304419145
            ]
          ]
        ]
      },
      "properties": {
        "tile_id": 144
      }
    },
    {
      "type": "Feature",
      "geometry": {
        "type": "Polygon",
        "coordinates": [
          [
            [
              -76.99921977893425,
              38.87872272054215
            ],
            [
              -76.99807121563525,
              38.87874238560478
            ],
            [
              -76.99809640797528,
              38.87964162256661
            ],
            [
              -76.99924498573223,
              38.87962195687638
            ],
            [
              -76.99921977893425,
              38.87872272054215
            ]
          ]
        ]
      },
      "properties": {
        "tile_id": 145
      }
    },
    {
      "type": "Feature",
      "geometry": {
        "type": "Polygon",
        "coordinates": [
          [
            [
              -76.99807121563525,
              38.87874238560478
            ],
            [
              -76.99692265121455,
              38.87876203937931
            ],
            [
              -76.99694782909657,
              38.87966127696838
            ],
            [
              -76.99809640797528,
              38.87964162256661
            ],
            [
              -76.99807121563525,
              38.87874238560478
            ]
          ]
        ]
      },
      "properties": {
        "tile_id": 146
      }
    },
    {
      "type": "Feature",
      "geometry": {
        "type": "Polygon",
        "coordinates": [
          [
            [
              -76.99692265121455,
              38.87876203937931
            ],
            [
              -76.99577408567278,
              38.87878168186571
            ],
            [
              -76.99579924909673,
              38.879680920081654
            ],
            [
              -76.99694782909657,
              38.87966127696838
            ],
            [
              -76.99692265121455,
              38.87876203937931
            ]
          ]
        ]
      },
      "properties": {
        "tile_id": 147
      }
    },
    {
      "type": "Feature",
      "geometry": {
        "type": "Polygon",
        "coordinates": [
          [
            [
              -76.99577408567278,
              38.87878168186571
            ],
            [
              -76.9946255190106,
              38.87880131306394
            ],
            [
              -76.99465066797644,
              38.8797005519064
            ],
            [
              -76.99579924909673,
              38.879680920081654
            ],
            [
              -76.99577408567278,
              38.87878168186571
            ]
          ]
        ]
      },
      "properties": {
        "tile_id": 148
      }
    },
    {
      "type": "Feature",
      "geometry": {
        "type": "Polygon",
        "coordinates": [
          [
            [
              -76.9946255190106,
              38.87880131306394
            ],
            [
              -76.99347695122863,
              38.87882093297397
            ],
            [
              -76.99350208573631,
              38.87972017244259
            ],
            [
              -76.99465066797644,
              38.8797005519064
            ],
            [
              -76.9946255190106,
              38.87880131306394
            ]
          ]
        ]
      },
      "properties": {
        "tile_id": 149
      }
    },
    {
      "type": "Feature",
      "geometry": {
        "type": "Polygon",
        "coordinates": [
          [
            [
              -76.99347695122863,
              38.87882093297397
            ],
            [
              -76.99232838232753,
              38.87884054159577
            ],
            [
              -76.99235350237697,
              38.87973978169018
            ],
            [
              -76.99350208573631,
              38.87972017244259
            ],
            [
              -76.99347695122863,
              38.87882093297397
            ]
          ]
        ]
      },
      "properties": {
        "tile_id": 150
      }
    },
    {
      "type": "Feature",
      "geometry": {
        "type": "Polygon",
        "coordinates": [
          [
            [
              -77.0302561587956,
              38.879086716324004
            ],
            [
              -77.02910761156916,
              38.879106686790045
            ],
            [
              -77.02913319539752,
              38.880005906527444
            ],
            [
              -77.03028175708106,
              38.87998593542407
            ],
            [
              -77.0302561587956,
              38.879086716324004
            ]
          ]
        ]
      },
      "properties": {
        "tile_id": 151
      }
    },
    {
      "type": "Feature",
      "geometry": {
        "type": "Polygon",
        "coordinates": [
          [
            [
              -77.02566196305774,
              38.879166530462705
            ],
            [
              -77.0245134112787,
              38.87918645577831
            ],
            [
              -77.02453893727805,
              38.88008567806143
            ],
            [
              -77.02568750351442,
              38.88006575210993
            ],
            [
              -77.02566196305774,
              38.879166530462705
            ]
          ]
        ]
      },
      "properties": {
        "tile_id": 152
      }
    },
    {
      "type": "Feature",
      "geometry": {
        "type": "Polygon",
        "coordinates": [
          [
            [
              -77.0245134112787,
              38.87918645577831
            ],
            [
              -77.02336485836312,
              38.879206369806234
            ],
            [
              -77.02339036990507,
              38.880105592724874
            ],
            [
              -77.02453893727805,
              38.88008567806143
            ],
            [
              -77.0245134112787,
              38.87918645577831
            ]
          ]
        ]
      },
      "properties": {
        "tile_id": 153
      }
    },
    {
      "type": "Feature",
      "geometry": {
        "type": "Polygon",
        "coordinates": [
          [
            [
              -77.02336485836312,
              38.879206369806234
            ],
            [
              -77.02221630431163,
              38.87922627254643
            ],
            [
              -77.02224180139615,
              38.88012549610024
            ],
            [
              -77.02339036990507,
              38.880105592724874
            ],
            [
              -77.02336485836312,
              38.879206369806234
            ]
          ]
        ]
      },
      "properties": {
        "tile_id": 154
      }
    },
    {
      "type": "Feature",
      "geometry": {
        "type": "Polygon",
        "coordinates": [
          [
            [
              -77.02221630431163,
              38.87922627254643
            ],
            [
              -77.02106774912488,
              38.879246163998864
            ],
            [
              -77.02109323175189,
              38.880145388187486
            ],
            [
              -77.02224180139615,
              38.88012549610024
            ],
            [
              -77.02221630431163,
              38.87922627254643
            ]
          ]
        ]
      },
      "properties": {
        "tile_id": 155
      }
    },
    {
      "type": "Feature",
      "geometry": {
        "type": "Polygon",
        "coordinates": [
          [
            [
              -77.02106774912488,
              38.879246163998864
            ],
            [
              -77.01991919280353,
              38.879266044163515
            ],
            [
              -77.01994466097298,
              38.88016526898658
            ],
            [
              -77.02109323175189,
              38.880145388187486
            ],
            [
              -77.02106774912488,
              38.879246163998864
            ]
          ]
        ]
      },
      "properties": {
        "tile_id": 156
      }
    },
    {
      "type": "Feature",
      "geometry": {
        "type": "Polygon",
        "coordinates": [
          [
            [
              -77.01991919280353,
              38.879266044163515
            ],
            [
              -77.01877063534819,
              38.87928591304032
            ],
            [
              -77.01879608906002,
              38.88018513849749
            ],
            [
              -77.01994466097298,
              38.88016526898658
            ],
            [
              -77.01991919280353,
              38.879266044163515
            ]
          ]
        ]
      },
      "properties": {
        "tile_id": 157
      }
    },
    {
      "type": "Feature",
      "geometry": {
        "type": "Polygon",
        "coordinates": [
          [
            [
              -77.01877063534819,
              38.87928591304032
            ],
            [
              -77.01762207675951,
              38.87930577062928
            ],
            [
              -77.0176475160137,
              38.88020499672017
            ],
            [
              -77.01879608906002,
              38.88018513849749
            ],
            [
              -77.01877063534819,
              38.87928591304032
            ]
          ]
        ]
      },
      "properties": {
        "tile_id": 158
      }
    },
    {
      "type": "Feature",
      "geometry": {
        "type": "Polygon",
        "coordinates": [
          [
            [
              -77.01762207675951,
              38.87930577062928
            ],
            [
              -77.01647351703815,
              38.87932561693035
            ],
            [
              -77.01649894183461,
              38.8802248436546
            ],
            [
              -77.0176475160137,
              38.88020499672017
            ],
            [
              -77.01762207675951,
              38.87930577062928
            ]
          ]
        ]
      },
      "properties": {
        "tile_id": 159
      }
    },
    {
      "type": "Feature",
      "geometry": {
        "type": "Polygon",
        "coordinates": [
          [
            [
              -77.01647351703815,
              38.87932561693035
            ],
            [
              -77.01532495618474,
              38.87934545194349
            ],
            [
              -77.01535036652342,
              38.88024467930075
            ],
            [
              -77.01649894183461,
              38.8802248436546
            ],
            [
              -77.01647351703815,
              38.87932561693035
            ]
          ]
        ]
      },
      "properties": {
        "tile_id": 160
      }
    },
    {
      "type": "Feature",
      "geometry": {
        "type": "Polygon",
        "coordinates": [
          [
            [
              -77.01532495618474,
              38.87934545194349
            ],
            [
              -77.01417639419994,
              38.87936527566867
            ],
            [
              -77.01420179008079,
              38.880264503658566
            ],
            [
              -77.01535036652342,
              38.88024467930075
            ],
            [
              -77.01532495618474,
              38.87934545194349
            ]
          ]
        ]
      },
      "properties": {
        "tile_id": 161
      }
    },
    {
      "type": "Feature",
      "geometry": {
        "type": "Polygon",
        "coordinates": [
          [
            [
              -77.01417639419994,
              38.87936527566867
            ],
            [
              -77.01302783108437,
              38.879385088105856
            ],
            [
              -77.01305321250733,
              38.88028431672805
            ],
            [
              -77.01420179008079,
              38.880264503658566
            ],
            [
              -77.01417639419994,
              38.87936527566867
            ]
          ]
        ]
      },
      "properties": {
        "tile_id": 162
      }
    },
    {
      "type": "Feature",
      "geometry": {
        "type": "Polygon",
        "coordinates": [
          [
            [
              -77.01302783108437,
              38.879385088105856
            ],
            [
              -77.01187926683869,
              38.879404889255
            ],
            [
              -77.0119046338037,
              38.88030411850913
            ],
            [
              -77.01305321250733,
              38.88028431672805
            ],
            [
              -77.01302783108437,
              38.879385088105856
            ]
          ]
        ]
      },
      "properties": {
        "tile_id": 163
      }
    },
    {
      "type": "Feature",
      "geometry": {
        "type": "Polygon",
        "coordinates": [
          [
            [
              -77.01187926683869,
              38.879404889255
            ],
            [
              -77.01073070146352,
              38.8794246791161
            ],
            [
              -77.01075605397054,
              38.88032390900181
            ],
            [
              -77.0119046338037,
              38.88030411850913
            ],
            [
              -77.01187926683869,
              38.879404889255
            ]
          ]
        ]
      },
      "properties": {
        "tile_id": 164
      }
    },
    {
      "type": "Feature",
      "geometry": {
        "type": "Polygon",
        "coordinates": [
          [
            [
              -77.01073070146352,
              38.8794246791161
            ],
            [
              -77.00958213495953,
              38.8794444576891
            ],
            [
              -77.0096074730085,
              38.880343688206004
            ],
            [
              -77.01075605397054,
              38.88032390900181
            ],
            [
              -77.01073070146352,
              38.8794246791161
            ]
          ]
        ]
      },
      "properties": {
        "tile_id": 165
      }
    },
    {
      "type": "Feature",
      "geometry": {
        "type": "Polygon",
        "coordinates": [
          [
            [
              -77.00958213495953,
              38.8794444576891
            ],
            [
              -77.00843356732734,
              38.87946422497398
            ],
            [
              -77.0084588909182,
              38.880363456121735
            ],
            [
              -77.0096074730085,
              38.880343688206004
            ],
            [
              -77.00958213495953,
              38.8794444576891
            ]
          ]
        ]
      },
      "properties": {
        "tile_id": 166
      }
    },
    {
      "type": "Feature",
      "geometry": {
        "type": "Polygon",
        "coordinates": [
          [
            [
              -77.00843356732734,
              38.87946422497398
            ],
            [
              -77.00728499856761,
              38.87948398097068
            ],
            [
              -77.00731030770031,
              38.88038321274894
            ],
            [
              -77.0084588909182,
              38.880363456121735
            ],
            [
              -77.00843356732734,
              38.87946422497398
            ]
          ]
        ]
      },
      "properties": {
        "tile_id": 167
      }
    },
    {
      "type": "Feature",
      "geometry": {
        "type": "Polygon",
        "coordinates": [
          [
            [
              -77.00728499856761,
              38.87948398097068
            ],
            [
              -77.00613642868097,
              38.87950372567921
            ],
            [
              -77.00616172335546,
              38.88040295808758
            ],
            [
              -77.00731030770031,
              38.88038321274894
            ],
            [
              -77.00728499856761,
              38.87948398097068
            ]
          ]
        ]
      },
      "properties": {
        "tile_id": 168
      }
    },
    {
      "type": "Feature",
      "geometry": {
        "type": "Polygon",
        "coordinates": [
          [
            [
              -77.00613642868097,
              38.87950372567921
            ],
            [
              -77.0049878576681,
              38.879523459099495
            ],
            [
              -77.0050131378843,
              38.88042269213766
            ],
            [
              -77.00616172335546,
              38.88040295808758
            ],
            [
              -77.00613642868097,
              38.87950372567921
            ]
          ]
        ]
      },
      "properties": {
        "tile_id": 169
      }
    },
    {
      "type": "Feature",
      "geometry": {
        "type": "Polygon",
        "coordinates": [
          [
            [
              -77.0049878576681,
              38.879523459099495
            ],
            [
              -77.00383928552958,
              38.87954318123152
            ],
            [
              -77.00386455128746,
              38.880442414899086
            ],
            [
              -77.0050131378843,
              38.88042269213766
            ],
            [
              -77.0049878576681,
              38.879523459099495
            ]
          ]
        ]
      },
      "properties": {
        "tile_id": 170
      }
    },
    {
      "type": "Feature",
      "geometry": {
        "type": "Polygon",
        "coordinates": [
          [
            [
              -77.00383928552958,
              38.87954318123152
            ],
            [
              -77.0026907122661,
              38.879562892075256
            ],
            [
              -77.0027159635656,
              38.880462126371874
            ],
            [
              -77.00386455128746,
              38.880442414899086
            ],
            [
              -77.00383928552958,
              38.87954318123152
            ]
          ]
        ]
      },
      "properties": {
        "tile_id": 171
      }
    },
    {
      "type": "Feature",
      "geometry": {
        "type": "Polygon",
        "coordinates": [
          [
            [
              -77.0026907122661,
              38.879562892075256
            ],
            [
              -77.00154213787829,
              38.87958259163067
            ],
            [
              -77.00156737471936,
              38.88048182655598
            ],
            [
              -77.0027159635656,
              38.880462126371874
            ],
            [
              -77.0026907122661,
              38.879562892075256
            ]
          ]
        ]
      },
      "properties": {
        "tile_id": 172
      }
    },
    {
      "type": "Feature",
      "geometry": {
        "type": "Polygon",
        "coordinates": [
          [
            [
              -77.00154213787829,
              38.87958259163067
            ],
            [
              -77.00039356236678,
              38.87960227989772
            ],
            [
              -77.00041878474937,
              38.88050151545136
            ],
            [
              -77.00156737471936,
              38.88048182655598
            ],
            [
              -77.00154213787829,
              38.87958259163067
            ]
          ]
        ]
      },
      "properties": {
        "tile_id": 173
      }
    },
    {
      "type": "Feature",
      "geometry": {
        "type": "Polygon",
        "coordinates": [
          [
            [
              -77.00039356236678,
              38.87960227989772
            ],
            [
              -76.99924498573223,
              38.87962195687637
            ],
            [
              -76.99927019365627,
              38.88052119305798
            ],
            [
              -77.00041878474937,
              38.88050151545136
            ],
            [
              -77.00039356236678,
              38.87960227989772
            ]
          ]
        ]
      },
      "properties": {
        "tile_id": 174
      }
    },
    {
      "type": "Feature",
      "geometry": {
        "type": "Polygon",
        "coordinates": [
          [
            [
              -76.99924498573223,
              38.87962195687637
            ],
            [
              -76.99809640797528,
              38.8796416225666
            ],
            [
              -76.99812160144072,
              38.88054085937581
            ],
            [
              -76.99927019365627,
              38.88052119305798
            ],
            [
              -76.99924498573223,
              38.87962195687637
            ]
          ]
        ]
      },
      "properties": {
        "tile_id": 175
      }
    },
    {
      "type": "Feature",
      "geometry": {
        "type": "Polygon",
        "coordinates": [
          [
            [
              -76.99809640797528,
              38.8796416225666
            ],
            [
              -76.99694782909657,
              38.87966127696837
            ],
            [
              -76.99697300810335,
              38.880560514404834
            ],
            [
              -76.99812160144072,
              38.88054085937581
            ],
            [
              -76.99809640797528,
              38.8796416225666
            ]
          ]
        ]
      },
      "properties": {
        "tile_id": 176
      }
    },
    {
      "type": "Feature",
      "geometry": {
        "type": "Polygon",
        "coordinates": [
          [
            [
              -76.99694782909657,
              38.87966127696837
            ],
            [
              -76.99579924909673,
              38.87968092008165
            ],
            [
              -76.99582441364481,
              38.880580158145
            ],
            [
              -76.99697300810335,
              38.880560514404834
            ],
            [
              -76.99694782909657,
              38.87966127696837
            ]
          ]
        ]
      },
      "properties": {
        "tile_id": 177
      }
    },
    {
      "type": "Feature",
      "geometry": {
        "type": "Polygon",
        "coordinates": [
          [
            [
              -76.99579924909673,
              38.87968092008165
            ],
            [
              -76.99465066797644,
              38.879700551906396
            ],
            [
              -76.99467581806574,
              38.88059979059627
            ],
            [
              -76.99582441364481,
              38.880580158145
            ],
            [
              -76.99579924909673,
              38.87968092008165
            ]
          ]
        ]
      },
      "properties": {
        "tile_id": 178
      }
    },
    {
      "type": "Feature",
      "geometry": {
        "type": "Polygon",
        "coordinates": [
          [
            [
              -76.99465066797644,
              38.879700551906396
            ],
            [
              -76.99350208573631,
              38.87972017244259
            ],
            [
              -76.99352722136679,
              38.880619411758644
            ],
            [
              -76.99467581806574,
              38.88059979059627
            ],
            [
              -76.99465066797644,
              38.879700551906396
            ]
          ]
        ]
      },
      "properties": {
        "tile_id": 179
      }
    },
    {
      "type": "Feature",
      "geometry": {
        "type": "Polygon",
        "coordinates": [
          [
            [
              -76.99350208573631,
              38.87972017244259
            ],
            [
              -76.99235350237697,
              38.879739781690176
            ],
            [
              -76.99237862354859,
              38.88063902163205
            ],
            [
              -76.99352722136679,
              38.880619411758644
            ],
            [
              -76.99350208573631,
              38.87972017244259
            ]
          ]
        ]
      },
      "properties": {
        "tile_id": 180
      }
    },
    {
      "type": "Feature",
      "geometry": {
        "type": "Polygon",
        "coordinates": [
          [
            [
              -77.02683606861356,
              38.88004581487041
            ],
            [
              -77.02568750351442,
              38.88006575210993
            ],
            [
              -77.02571304511204,
              38.880964973604144
            ],
            [
              -77.0268616246691,
              38.88094503572835
            ],
            [
              -77.02683606861356,
              38.88004581487041
            ]
          ]
        ]
      },
      "properties": {
        "tile_id": 181
      }
    },
    {
      "type": "Feature",
      "geometry": {
        "type": "Polygon",
        "coordinates": [
          [
            [
              -77.02568750351442,
              38.88006575210993
            ],
            [
              -77.02453893727805,
              38.88008567806143
            ],
            [
              -77.02456446441768,
              38.88098490019155
            ],
            [
              -77.02571304511204,
              38.880964973604144
            ],
            [
              -77.02568750351442,
              38.88006575210993
            ]
          ]
        ]
      },
      "properties": {
        "tile_id": 182
      }
    },
    {
      "type": "Feature",
      "geometry": {
        "type": "Polygon",
        "coordinates": [
          [
            [
              -77.02453893727805,
              38.88008567806143
            ],
            [
              -77.02339036990507,
              38.880105592724874
            ],
            [
              -77.02341588258669,
              38.881004815490535
            ],
            [
              -77.02456446441768,
              38.88098490019155
            ],
            [
              -77.02453893727805,
              38.88008567806143
            ]
          ]
        ]
      },
      "properties": {
        "tile_id": 183
      }
    },
    {
      "type": "Feature",
      "geometry": {
        "type": "Polygon",
        "coordinates": [
          [
            [
              -77.02339036990507,
              38.880105592724874
            ],
            [
              -77.02224180139615,
              38.88012549610024
            ],
            [
              -77.02226729961966,
              38.8810247195011
            ],
            [
              -77.02341588258669,
              38.881004815490535
            ],
            [
              -77.02339036990507,
              38.880105592724874
            ]
          ]
        ]
      },
      "properties": {
        "tile_id": 184
      }
    },
    {
      "type": "Feature",
      "geometry": {
        "type": "Polygon",
        "coordinates": [
          [
            [
              -77.02224180139615,
              38.88012549610024
            ],
            [
              -77.02109323175189,
              38.880145388187486
            ],
            [
              -77.02111871551726,
              38.88104461222317
            ],
            [
              -77.02226729961966,
              38.8810247195011
            ],
            [
              -77.02224180139615,
              38.88012549610024
            ]
          ]
        ]
      },
      "properties": {
        "tile_id": 185
      }
    },
    {
      "type": "Feature",
      "geometry": {
        "type": "Polygon",
        "coordinates": [
          [
            [
              -77.02109323175189,
              38.880145388187486
            ],
            [
              -77.01994466097298,
              38.88016526898658
            ],
            [
              -77.01997013028014,
              38.88106449365672
            ],
            [
              -77.02111871551726,
              38.88104461222317
            ],
            [
              -77.02109323175189,
              38.880145388187486
            ]
          ]
        ]
      },
      "properties": {
        "tile_id": 186
      }
    },
    {
      "type": "Feature",
      "geometry": {
        "type": "Polygon",
        "coordinates": [
          [
            [
              -77.01994466097298,
              38.88016526898658
            ],
            [
              -77.01879608906002,
              38.88018513849749
            ],
            [
              -77.01882154390893,
              38.881084363801726
            ],
            [
              -77.01997013028014,
              38.88106449365672
            ],
            [
              -77.01994466097298,
              38.88016526898658
            ]
          ]
        ]
      },
      "properties": {
        "tile_id": 187
      }
    },
    {
      "type": "Feature",
      "geometry": {
        "type": "Polygon",
        "coordinates": [
          [
            [
              -77.01879608906002,
              38.88018513849749
            ],
            [
              -77.0176475160137,
              38.88020499672017
            ],
            [
              -77.01767295640428,
              38.881104222658166
            ],
            [
              -77.01882154390893,
              38.881084363801726
            ],
            [
              -77.01879608906002,
              38.88018513849749
            ]
          ]
        ]
      },
      "properties": {
        "tile_id": 188
      }
    },
    {
      "type": "Feature",
      "geometry": {
        "type": "Polygon",
        "coordinates": [
          [
            [
              -77.0176475160137,
              38.88020499672017
            ],
            [
              -77.01649894183461,
              38.8802248436546
            ],
            [
              -77.01652436776683,
              38.88112407022598
            ],
            [
              -77.01767295640428,
              38.881104222658166
            ],
            [
              -77.0176475160137,
              38.88020499672017
            ]
          ]
        ]
      },
      "properties": {
        "tile_id": 189
      }
    },
    {
      "type": "Feature",
      "geometry": {
        "type": "Polygon",
        "coordinates": [
          [
            [
              -77.01649894183461,
              38.8802248436546
            ],
            [
              -77.01535036652342,
              38.88024467930075
            ],
            [
              -77.01537577799724,
              38.88114390650515
            ],
            [
              -77.01652436776683,
              38.88112407022598
            ],
            [
              -77.01649894183461,
              38.8802248436546
            ]
          ]
        ]
      },
      "properties": {
        "tile_id": 190
      }
    },
    {
      "type": "Feature",
      "geometry": {
        "type": "Polygon",
        "coordinates": [
          [
            [
              -77.01535036652342,
              38.88024467930075
            ],
            [
              -77.01420179008079,
              38.880264503658566
            ],
            [
              -77.01422718709613,
              38.88116373149564
            ],
            [
              -77.01537577799724,
              38.88114390650515
            ],
            [
              -77.01535036652342,
              38.88024467930075
            ]
          ]
        ]
      },
      "properties": {
        "tile_id": 191
      }
    },
    {
      "type": "Feature",
      "geometry": {
        "type": "Polygon",
        "coordinates": [
          [
            [
              -77.01420179008079,
              38.880264503658566
            ],
            [
              -77.01305321250733,
              38.88028431672805
            ],
            [
              -77.01307859506413,
              38.88118354519742
            ],
            [
              -77.01422718709613,
              38.88116373149564
            ],
            [
              -77.01420179008079,
              38.880264503658566
            ]
          ]
        ]
      },
      "properties": {
        "tile_id": 192
      }
    },
    {
      "type": "Feature",
      "geometry": {
        "type": "Polygon",
        "coordinates": [
          [
            [
              -77.01305321250733,
              38.88028431672805
            ],
            [
              -77.0119046338037,
              38.88030411850913
            ],
            [
              -77.01193000190192,
              38.88120334761045
            ],
            [
              -77.01307859506413,
              38.88118354519742
            ],
            [
              -77.01305321250733,
              38.88028431672805
            ]
          ]
        ]
      },
      "properties": {
        "tile_id": 193
      }
    },
    {
      "type": "Feature",
      "geometry": {
        "type": "Polygon",
        "coordinates": [
          [
            [
              -77.0119046338037,
              38.88030411850913
            ],
            [
              -77.01075605397054,
              38.88032390900181
            ],
            [
              -77.01078140761011,
              38.881223138734704
            ],
            [
              -77.01193000190192,
              38.88120334761045
            ],
            [
              -77.0119046338037,
              38.88030411850913
            ]
          ]
        ]
      },
      "properties": {
        "tile_id": 194
      }
    },
    {
      "type": "Feature",
      "geometry": {
        "type": "Polygon",
        "coordinates": [
          [
            [
              -77.01075605397054,
              38.88032390900181
            ],
            [
              -77.0096074730085,
              38.880343688206004
            ],
            [
              -77.00963281218937,
              38.881242918570145
            ],
            [
              -77.01078140761011,
              38.881223138734704
            ],
            [
              -77.01075605397054,
              38.88032390900181
            ]
          ]
        ]
      },
      "properties": {
        "tile_id": 195
      }
    },
    {
      "type": "Feature",
      "geometry": {
        "type": "Polygon",
        "coordinates": [
          [
            [
              -77.0096074730085,
              38.880343688206004
            ],
            [
              -77.0084588909182,
              38.880363456121735
            ],
            [
              -77.00848421564032,
              38.881262687116724
            ],
            [
              -77.00963281218937,
              38.881242918570145
            ],
            [
              -77.0096074730085,
              38.880343688206004
            ]
          ]
        ]
      },
      "properties": {
        "tile_id": 196
      }
    },
    {
      "type": "Feature",
      "geometry": {
        "type": "Polygon",
        "coordinates": [
          [
            [
              -77.0084588909182,
              38.880363456121735
            ],
            [
              -77.00731030770031,
              38.88038321274894
            ],
            [
              -77.00733561796363,
              38.88128244437444
            ],
            [
              -77.00848421564032,
              38.881262687116724
            ],
            [
              -77.0084588909182,
              38.880363456121735
            ]
          ]
        ]
      },
      "properties": {
        "tile_id": 197
      }
    },
    {
      "type": "Feature",
      "geometry": {
        "type": "Polygon",
        "coordinates": [
          [
            [
              -77.00731030770031,
              38.88038321274894
            ],
            [
              -77.00616172335546,
              38.88040295808758
            ],
            [
              -77.00618701915992,
              38.88130219034323
            ],
            [
              -77.00733561796363,
              38.88128244437444
            ],
            [
              -77.00731030770031,
              38.88038321274894
            ]
          ]
        ]
      },
      "properties": {
        "tile_id": 198
      }
    },
    {
      "type": "Feature",
      "geometry": {
        "type": "Polygon",
        "coordinates": [
          [
            [
              -77.00616172335546,
              38.88040295808758
            ],
            [
              -77.0050131378843,
              38.88042269213766
            ],
            [
              -77.00503841922985,
              38.88132192502308
            ],
            [
              -77.00618701915992,
              38.88130219034323
            ],
            [
              -77.00616172335546,
              38.88040295808758
            ]
          ]
        ]
      },
      "properties": {
        "tile_id": 199
      }
    },
    {
      "type": "Feature",
      "geometry": {
        "type": "Polygon",
        "coordinates": [
          [
            [
              -77.0050131378843,
              38.88042269213766
            ],
            [
              -77.00386455128746,
              38.880442414899086
            ],
            [
              -77.00388981817404,
              38.88134164841395
            ],
            [
              -77.00503841922985,
              38.88132192502308
            ],
            [
              -77.0050131378843,
              38.88042269213766
            ]
          ]
        ]
      },
      "properties": {
        "tile_id": 200
      }
    },
    {
      "type": "Feature",
      "geometry": {
        "type": "Polygon",
        "coordinates": [
          [
            [
              -77.00386455128746,
              38.880442414899086
            ],
            [
              -77.0027159635656,
              38.880462126371874
            ],
            [
              -77.00274121599315,
              38.8813613605158
            ],
            [
              -77.00388981817404,
              38.88134164841395
            ],
            [
              -77.00386455128746,
              38.880442414899086
            ]
          ]
        ]
      },
      "properties": {
        "tile_id": 201
      }
    },
    {
      "type": "Feature",
      "geometry": {
        "type": "Polygon",
        "coordinates": [
          [
            [
              -77.0027159635656,
              38.880462126371874
            ],
            [
              -77.00156737471936,
              38.88048182655598
            ],
            [
              -77.00159261268782,
              38.881381061328604
            ],
            [
              -77.00274121599315,
              38.8813613605158
            ],
            [
              -77.0027159635656,
              38.880462126371874
            ]
          ]
        ]
      },
      "properties": {
        "tile_id": 202
      }
    },
    {
      "type": "Feature",
      "geometry": {
        "type": "Polygon",
        "coordinates": [
          [
            [
              -77.00156737471936,
              38.88048182655598
            ],
            [
              -77.00041878474937,
              38.88050151545136
            ],
            [
              -77.00044400825868,
              38.88140075085233
            ],
            [
              -77.00159261268782,
              38.881381061328604
            ],
            [
              -77.00156737471936,
              38.88048182655598
            ]
          ]
        ]
      },
      "properties": {
        "tile_id": 203
      }
    },
    {
      "type": "Feature",
      "geometry": {
        "type": "Polygon",
        "coordinates": [
          [
            [
              -77.00041878474937,
              38.88050151545136
            ],
            [
              -76.99927019365627,
              38.88052119305798
            ],
            [
              -76.99929540270641,
              38.881420429086944
            ],
            [
              -77.00044400825868,
              38.88140075085233
            ],
            [
              -77.00041878474937,
              38.88050151545136
            ]
          ]
        ]
      },
      "properties": {
        "tile_id": 204
      }
    },
    {
      "type": "Feature",
      "geometry": {
        "type": "Polygon",
        "coordinates": [
          [
            [
              -76.99927019365627,
              38.88052119305798
            ],
            [
              -76.99812160144072,
              38.88054085937581
            ],
            [
              -76.9981467960316,
              38.88144009603241
            ],
            [
              -76.99929540270641,
              38.881420429086944
            ],
            [
              -76.99927019365627,
              38.88052119305798
            ]
          ]
        ]
      },
      "properties": {
        "tile_id": 205
      }
    },
    {
      "type": "Feature",
      "geometry": {
        "type": "Polygon",
        "coordinates": [
          [
            [
              -76.99812160144072,
              38.88054085937581
            ],
            [
              -76.99697300810335,
              38.880560514404834
            ],
            [
              -76.99699818823494,
              38.881459751688695
            ],
            [
              -76.9981467960316,
              38.88144009603241
            ],
            [
              -76.99812160144072,
              38.88054085937581
            ]
          ]
        ]
      },
      "properties": {
        "tile_id": 206
      }
    },
    {
      "type": "Feature",
      "geometry": {
        "type": "Polygon",
        "coordinates": [
          [
            [
              -76.99697300810335,
              38.880560514404834
            ],
            [
              -76.99582441364481,
              38.880580158145
            ],
            [
              -76.99584957931705,
              38.88147939605577
            ],
            [
              -76.99699818823494,
              38.881459751688695
            ],
            [
              -76.99697300810335,
              38.880560514404834
            ]
          ]
        ]
      },
      "properties": {
        "tile_id": 207
      }
    },
    {
      "type": "Feature",
      "geometry": {
        "type": "Polygon",
        "coordinates": [
          [
            [
              -76.99582441364481,
              38.880580158145
            ],
            [
              -76.99467581806574,
              38.88059979059627
            ],
            [
              -76.99470096927857,
              38.88149902913359
            ],
            [
              -76.99584957931705,
              38.88147939605577
            ],
            [
              -76.99582441364481,
              38.880580158145
            ]
          ]
        ]
      },
      "properties": {
        "tile_id": 208
      }
    },
    {
      "type": "Feature",
      "geometry": {
        "type": "Polygon",
        "coordinates": [
          [
            [
              -76.99467581806574,
              38.88059979059627
            ],
            [
              -76.99352722136679,
              38.880619411758644
            ],
            [
              -76.99355235812014,
              38.88151865092214
            ],
            [
              -76.99470096927857,
              38.88149902913359
            ],
            [
              -76.99467581806574,
              38.88059979059627
            ]
          ]
        ]
      },
      "properties": {
        "tile_id": 209
      }
    },
    {
      "type": "Feature",
      "geometry": {
        "type": "Polygon",
        "coordinates": [
          [
            [
              -76.99352722136679,
              38.880619411758644
            ],
            [
              -76.99237862354859,
              38.88063902163205
            ],
            [
              -76.99240374584244,
              38.88153826142137
            ],
            [
              -76.99355235812014,
              38.88151865092214
            ],
            [
              -76.99352722136679,
              38.880619411758644
            ]
          ]
        ]
      },
      "properties": {
        "tile_id": 210
      }
    },
    {
      "type": "Feature",
      "geometry": {
        "type": "Polygon",
        "coordinates": [
          [
            [
              -77.02801020308821,
              38.880925086564226
            ],
            [
              -77.0268616246691,
              38.88094503572835
            ],
            [
              -77.02688718186627,
              38.8818442564333
            ],
            [
              -77.0280357747439,
              38.881824306632524
            ],
            [
              -77.02801020308821,
              38.880925086564226
            ]
          ]
        ]
      },
      "properties": {
        "tile_id": 211
      }
    },
    {
      "type": "Feature",
      "geometry": {
        "type": "Polygon",
        "coordinates": [
          [
            [
              -77.0268616246691,
              38.88094503572835
            ],
            [
              -77.02571304511204,
              38.880964973604144
            ],
            [
              -77.02573858785065,
              38.88186419494535
            ],
            [
              -77.02688718186627,
              38.8818442564333
            ],
            [
              -77.0268616246691,
              38.88094503572835
            ]
          ]
        ]
      },
      "properties": {
        "tile_id": 212
      }
    },
    {
      "type": "Feature",
      "geometry": {
        "type": "Polygon",
        "coordinates": [
          [
            [
              -77.02571304511204,
              38.880964973604144
            ],
            [
              -77.02456446441768,
              38.88098490019155
            ],
            [
              -77.02458999269766,
              38.88188412216868
            ],
            [
              -77.02573858785065,
              38.88186419494535
            ],
            [
              -77.02571304511204,
              38.880964973604144
            ]
          ]
        ]
      },
      "properties": {
        "tile_id": 213
      }
    },
    {
      "type": "Feature",
      "geometry": {
        "type": "Polygon",
        "coordinates": [
          [
            [
              -77.02456446441768,
              38.88098490019155
            ],
            [
              -77.02341588258669,
              38.881004815490535
            ],
            [
              -77.02344139640797,
              38.88190403810324
            ],
            [
              -77.02458999269767,
              38.88188412216868
            ],
            [
              -77.02456446441768,
              38.88098490019155
            ]
          ]
        ]
      },
      "properties": {
        "tile_id": 214
      }
    },
    {
      "type": "Feature",
      "geometry": {
        "type": "Polygon",
        "coordinates": [
          [
            [
              -77.02341588258669,
              38.881004815490535
            ],
            [
              -77.02226729961966,
              38.8810247195011
            ],
            [
              -77.02229279898222,
              38.88192394274898
            ],
            [
              -77.02344139640797,
              38.88190403810324
            ],
            [
              -77.02341588258669,
              38.881004815490535
            ]
          ]
        ]
      },
      "properties": {
        "tile_id": 215
      }
    },
    {
      "type": "Feature",
      "geometry": {
        "type": "Polygon",
        "coordinates": [
          [
            [
              -77.02226729961966,
              38.8810247195011
            ],
            [
              -77.02111871551726,
              38.88104461222317
            ],
            [
              -77.02114420042103,
              38.8819438361059
            ],
            [
              -77.02229279898222,
              38.88192394274898
            ],
            [
              -77.02226729961966,
              38.8810247195011
            ]
          ]
        ]
      },
      "properties": {
        "tile_id": 216
      }
    },
    {
      "type": "Feature",
      "geometry": {
        "type": "Polygon",
        "coordinates": [
          [
            [
              -77.02111871551726,
              38.88104461222317
            ],
            [
              -77.01997013028014,
              38.88106449365672
            ],
            [
              -77.01999560072507,
              38.88196371817394
            ],
            [
              -77.02114420042103,
              38.8819438361059
            ],
            [
              -77.02111871551726,
              38.88104461222317
            ]
          ]
        ]
      },
      "properties": {
        "tile_id": 217
      }
    },
    {
      "type": "Feature",
      "geometry": {
        "type": "Polygon",
        "coordinates": [
          [
            [
              -77.01997013028014,
              38.88106449365672
            ],
            [
              -77.01882154390893,
              38.881084363801726
            ],
            [
              -77.01884699989495,
              38.88198358895307
            ],
            [
              -77.01999560072507,
              38.88196371817394
            ],
            [
              -77.01997013028014,
              38.88106449365672
            ]
          ]
        ]
      },
      "properties": {
        "tile_id": 218
      }
    },
    {
      "type": "Feature",
      "geometry": {
        "type": "Polygon",
        "coordinates": [
          [
            [
              -77.01882154390893,
              38.881084363801726
            ],
            [
              -77.01767295640428,
              38.881104222658166
            ],
            [
              -77.01769839793135,
              38.882003448443264
            ],
            [
              -77.01884699989495,
              38.88198358895307
            ],
            [
              -77.01882154390893,
              38.881084363801726
            ]
          ]
        ]
      },
      "properties": {
        "tile_id": 219
      }
    },
    {
      "type": "Feature",
      "geometry": {
        "type": "Polygon",
        "coordinates": [
          [
            [
              -77.01767295640428,
              38.881104222658166
            ],
            [
              -77.01652436776683,
              38.88112407022598
            ],
            [
              -77.0165497948349,
              38.882023296644476
            ],
            [
              -77.01769839793135,
              38.882003448443264
            ],
            [
              -77.01767295640428,
              38.881104222658166
            ]
          ]
        ]
      },
      "properties": {
        "tile_id": 220
      }
    },
    {
      "type": "Feature",
      "geometry": {
        "type": "Polygon",
        "coordinates": [
          [
            [
              -77.01652436776683,
              38.88112407022598
            ],
            [
              -77.01537577799724,
              38.88114390650515
            ],
            [
              -77.01540119060623,
              38.88204313355669
            ],
            [
              -77.0165497948349,
              38.882023296644476
            ],
            [
              -77.01652436776683,
              38.88112407022598
            ]
          ]
        ]
      },
      "properties": {
        "tile_id": 221
      }
    },
    {
      "type": "Feature",
      "geometry": {
        "type": "Polygon",
        "coordinates": [
          [
            [
              -77.01537577799724,
              38.88114390650515
            ],
            [
              -77.01422718709613,
              38.88116373149564
            ],
            [
              -77.01425258524598,
              38.88206295917986
            ],
            [
              -77.01540119060623,
              38.88204313355669
            ],
            [
              -77.01537577799724,
              38.88114390650515
            ]
          ]
        ]
      },
      "properties": {
        "tile_id": 222
      }
    },
    {
      "type": "Feature",
      "geometry": {
        "type": "Polygon",
        "coordinates": [
          [
            [
              -77.01422718709613,
              38.88116373149564
            ],
            [
              -77.01307859506413,
              38.88118354519742
            ],
            [
              -77.01310397875481,
              38.88208277351396
            ],
            [
              -77.01425258524598,
              38.88206295917986
            ],
            [
              -77.01422718709613,
              38.88116373149564
            ]
          ]
        ]
      },
      "properties": {
        "tile_id": 223
      }
    },
    {
      "type": "Feature",
      "geometry": {
        "type": "Polygon",
        "coordinates": [
          [
            [
              -77.01307859506413,
              38.88118354519742
            ],
            [
              -77.01193000190192,
              38.88120334761045
            ],
            [
              -77.01195537113337,
              38.88210257655896
            ],
            [
              -77.01310397875481,
              38.88208277351396
            ],
            [
              -77.01307859506413,
              38.88118354519742
            ]
          ]
        ]
      },
      "properties": {
        "tile_id": 224
      }
    },
    {
      "type": "Feature",
      "geometry": {
        "type": "Polygon",
        "coordinates": [
          [
            [
              -77.01193000190192,
              38.88120334761045
            ],
            [
              -77.01078140761011,
              38.881223138734704
            ],
            [
              -77.01080676238229,
              38.88212236831481
            ],
            [
              -77.01195537113337,
              38.88210257655896
            ],
            [
              -77.01193000190192,
              38.88120334761045
            ]
          ]
        ]
      },
      "properties": {
        "tile_id": 225
      }
    },
    {
      "type": "Feature",
      "geometry": {
        "type": "Polygon",
        "coordinates": [
          [
            [
              -77.01078140761011,
              38.881223138734704
            ],
            [
              -77.00963281218937,
              38.881242918570145
            ],
            [
              -77.00965815250221,
              38.88214214878149
            ],
            [
              -77.01080676238229,
              38.88212236831481
            ],
            [
              -77.01078140761011,
              38.881223138734704
            ]
          ]
        ]
      },
      "properties": {
        "tile_id": 226
      }
    },
    {
      "type": "Feature",
      "geometry": {
        "type": "Polygon",
        "coordinates": [
          [
            [
              -77.00963281218937,
              38.881242918570145
            ],
            [
              -77.00848421564032,
              38.881262687116724
            ],
            [
              -77.00850954149377,
              38.88216191795896
            ],
            [
              -77.00965815250221,
              38.88214214878149
            ],
            [
              -77.00963281218937,
              38.881242918570145
            ]
          ]
        ]
      },
      "properties": {
        "tile_id": 227
      }
    },
    {
      "type": "Feature",
      "geometry": {
        "type": "Polygon",
        "coordinates": [
          [
            [
              -77.00848421564032,
              38.881262687116724
            ],
            [
              -77.00733561796363,
              38.88128244437444
            ],
            [
              -77.00736092935762,
              38.882181675847185
            ],
            [
              -77.00850954149377,
              38.88216191795896
            ],
            [
              -77.00848421564032,
              38.881262687116724
            ]
          ]
        ]
      },
      "properties": {
        "tile_id": 228
      }
    },
    {
      "type": "Feature",
      "geometry": {
        "type": "Polygon",
        "coordinates": [
          [
            [
              -77.00733561796363,
              38.88128244437444
            ],
            [
              -77.00618701915992,
              38.88130219034323
            ],
            [
              -77.0062123160944,
              38.88220142244616
            ],
            [
              -77.00736092935762,
              38.882181675847185
            ],
            [
              -77.00733561796363,
              38.88128244437444
            ]
          ]
        ]
      },
      "properties": {
        "tile_id": 229
      }
    },
    {
      "type": "Feature",
      "geometry": {
        "type": "Polygon",
        "coordinates": [
          [
            [
              -77.00618701915992,
              38.88130219034323
            ],
            [
              -77.00503841922985,
              38.88132192502308
            ],
            [
              -77.00506370170476,
              38.88222115775579
            ],
            [
              -77.0062123160944,
              38.88220142244616
            ],
            [
              -77.00618701915992,
              38.88130219034323
            ]
          ]
        ]
      },
      "properties": {
        "tile_id": 230
      }
    },
    {
      "type": "Feature",
      "geometry": {
        "type": "Polygon",
        "coordinates": [
          [
            [
              -77.00503841922985,
              38.88132192502308
            ],
            [
              -77.00388981817404,
              38.88134164841395
            ],
            [
              -77.00391508618934,
              38.882240881776106
            ],
            [
              -77.00506370170476,
              38.88222115775579
            ],
            [
              -77.00503841922985,
              38.88132192502308
            ]
          ]
        ]
      },
      "properties": {
        "tile_id": 231
      }
    },
    {
      "type": "Feature",
      "geometry": {
        "type": "Polygon",
        "coordinates": [
          [
            [
              -77.00388981817404,
              38.88134164841395
            ],
            [
              -77.00274121599315,
              38.8813613605158
            ],
            [
              -77.00276646954877,
              38.88226059450703
            ],
            [
              -77.00391508618934,
              38.882240881776106
            ],
            [
              -77.00388981817404,
              38.88134164841395
            ]
          ]
        ]
      },
      "properties": {
        "tile_id": 232
      }
    },
    {
      "type": "Feature",
      "geometry": {
        "type": "Polygon",
        "coordinates": [
          [
            [
              -77.00274121599315,
              38.8813613605158
            ],
            [
              -77.00159261268782,
              38.881381061328604
            ],
            [
              -77.00161785178372,
              38.88228029594857
            ],
            [
              -77.00276646954877,
              38.88226059450703
            ],
            [
              -77.00274121599315,
              38.8813613605158
            ]
          ]
        ]
      },
      "properties": {
        "tile_id": 233
      }
    },
    {
      "type": "Feature",
      "geometry": {
        "type": "Polygon",
        "coordinates": [
          [
            [
              -77.00159261268782,
              38.881381061328604
            ],
            [
              -77.00044400825868,
              38.88140075085233
            ],
            [
              -77.00046923289482,
              38.88229998610065
            ],
            [
              -77.00161785178372,
              38.88228029594857
            ],
            [
              -77.00159261268782,
              38.881381061328604
            ]
          ]
        ]
      },
      "properties": {
        "tile_id": 234
      }
    },
    {
      "type": "Feature",
      "geometry": {
        "type": "Polygon",
        "coordinates": [
          [
            [
              -77.00044400825868,
              38.88140075085233
            ],
            [
              -76.99929540270641,
              38.881420429086944
            ],
            [
              -76.99932061288268,
              38.88231966496327
            ],
            [
              -77.00046923289482,
              38.88229998610065
            ],
            [
              -77.00044400825868,
              38.88140075085233
            ]
          ]
        ]
      },
      "properties": {
        "tile_id": 235
      }
    },
    {
      "type": "Feature",
      "geometry": {
        "type": "Polygon",
        "coordinates": [
          [
            [
              -76.99929540270641,
              38.881420429086944
            ],
            [
              -76.9981467960316,
              38.88144009603241
            ],
            [
              -76.99817199174801,
              38.88233933253637
            ],
            [
              -76.99932061288268,
              38.88231966496327
            ],
            [
              -76.99929540270641,
              38.881420429086944
            ]
          ]
        ]
      },
      "properties": {
        "tile_id": 236
      }
    },
    {
      "type": "Feature",
      "geometry": {
        "type": "Polygon",
        "coordinates": [
          [
            [
              -76.9981467960316,
              38.88144009603241
            ],
            [
              -76.99699818823494,
              38.881459751688695
            ],
            [
              -76.99702336949139,
              38.882358988819945
            ],
            [
              -76.99817199174801,
              38.88233933253637
            ],
            [
              -76.9981467960316,
              38.88144009603241
            ]
          ]
        ]
      },
      "properties": {
        "tile_id": 237
      }
    },
    {
      "type": "Feature",
      "geometry": {
        "type": "Polygon",
        "coordinates": [
          [
            [
              -76.99699818823494,
              38.881459751688695
            ],
            [
              -76.99584957931705,
              38.88147939605577
            ],
            [
              -76.9958747461135,
              38.882378633813936
            ],
            [
              -76.99702336949139,
              38.882358988819945
            ],
            [
              -76.99699818823494,
              38.881459751688695
            ]
          ]
        ]
      },
      "properties": {
        "tile_id": 238
      }
    },
    {
      "type": "Feature",
      "geometry": {
        "type": "Polygon",
        "coordinates": [
          [
            [
              -76.99584957931705,
              38.88147939605577
            ],
            [
              -76.99470096927857,
              38.88149902913359
            ],
            [
              -76.99472612161497,
              38.882398267518326
            ],
            [
              -76.9958747461135,
              38.882378633813936
            ],
            [
              -76.99584957931705,
              38.88147939605577
            ]
          ]
        ]
      },
      "properties": {
        "tile_id": 239
      }
    },
    {
      "type": "Feature",
      "geometry": {
        "type": "Polygon",
        "coordinates": [
          [
            [
              -76.99470096927857,
              38.88149902913359
            ],
            [
              -76.99355235812014,
              38.88151865092214
            ],
            [
              -76.99357749599645,
              38.882417889933066
            ],
            [
              -76.99472612161497,
              38.882398267518326
            ],
            [
              -76.99470096927857,
              38.88149902913359
            ]
          ]
        ]
      },
      "properties": {
        "tile_id": 240
      }
    },
    {
      "type": "Feature",
      "geometry": {
        "type": "Polygon",
        "coordinates": [
          [
            [
              -76.99355235812014,
              38.88151865092214
            ],
            [
              -76.99240374584244,
              38.88153826142137
            ],
            [
              -76.99242886925857,
              38.88243750105814
            ],
            [
              -76.99357749599645,
              38.882417889933066
            ],
            [
              -76.99355235812014,
              38.88151865092214
            ]
          ]
        ]
      },
      "properties": {
        "tile_id": 241
      }
    },
    {
      "type": "Feature",
      "geometry": {
        "type": "Polygon",
        "coordinates": [
          [
            [
              -77.03033295708259,
              38.881784373165004
            ],
            [
              -77.02918436648288,
              38.88180434554309
            ],
            [
              -77.02920995374001,
              38.88270356482132
            ],
            [
              -77.03035855879875,
              38.882683591805865
            ],
            [
              -77.03033295708259,
              38.881784373165004
            ]
          ]
        ]
      },
      "properties": {
        "tile_id": 242
      }
    },
    {
      "type": "Feature",
      "geometry": {
        "type": "Polygon",
        "coordinates": [
          [
            [
              -77.02918436648288,
              38.88180434554309
            ],
            [
              -77.0280357747439,
              38.881824306632524
            ],
            [
              -77.02806134754192,
              38.88272352654777
            ],
            [
              -77.02920995374001,
              38.88270356482132
            ],
            [
              -77.02918436648288,
              38.88180434554309
            ]
          ]
        ]
      },
      "properties": {
        "tile_id": 243
      }
    },
    {
      "type": "Feature",
      "geometry": {
        "type": "Polygon",
        "coordinates": [
          [
            [
              -77.0280357747439,
              38.881824306632524
            ],
            [
              -77.02688718186627,
              38.8818442564333
            ],
            [
              -77.02691274020513,
              38.882743476985205
            ],
            [
              -77.02806134754192,
              38.88272352654777
            ],
            [
              -77.0280357747439,
              38.881824306632524
            ]
          ]
        ]
      },
      "properties": {
        "tile_id": 244
      }
    },
    {
      "type": "Feature",
      "geometry": {
        "type": "Polygon",
        "coordinates": [
          [
            [
              -77.02688718186627,
              38.8818442564333
            ],
            [
              -77.02573858785065,
              38.88186419494535
            ],
            [
              -77.0257641317303,
              38.882763416133564
            ],
            [
              -77.02691274020513,
              38.882743476985205
            ],
            [
              -77.02688718186627,
              38.8818442564333
            ]
          ]
        ]
      },
      "properties": {
        "tile_id": 245
      }
    },
    {
      "type": "Feature",
      "geometry": {
        "type": "Polygon",
        "coordinates": [
          [
            [
              -77.02573858785065,
              38.88186419494535
            ],
            [
              -77.02458999269766,
              38.88188412216868
            ],
            [
              -77.02461552211804,
              38.88278334399283
            ],
            [
              -77.0257641317303,
              38.882763416133564
            ],
            [
              -77.02573858785065,
              38.88186419494535
            ]
          ]
        ]
      },
      "properties": {
        "tile_id": 246
      }
    },
    {
      "type": "Feature",
      "geometry": {
        "type": "Polygon",
        "coordinates": [
          [
            [
              -77.02458999269767,
              38.88188412216868
            ],
            [
              -77.02344139640797,
              38.88190403810324
            ],
            [
              -77.02346691136903,
              38.88280326056295
            ],
            [
              -77.02461552211804,
              38.88278334399283
            ],
            [
              -77.02458999269767,
              38.88188412216868
            ]
          ]
        ]
      },
      "properties": {
        "tile_id": 247
      }
    },
    {
      "type": "Feature",
      "geometry": {
        "type": "Polygon",
        "coordinates": [
          [
            [
              -77.02344139640797,
              38.88190403810324
            ],
            [
              -77.02229279898222,
              38.88192394274898
            ],
            [
              -77.02231829948389,
              38.882823165843924
            ],
            [
              -77.02346691136903,
              38.88280326056295
            ],
            [
              -77.02344139640797,
              38.88190403810324
            ]
          ]
        ]
      },
      "properties": {
        "tile_id": 248
      }
    },
    {
      "type": "Feature",
      "geometry": {
        "type": "Polygon",
        "coordinates": [
          [
            [
              -77.02229279898222,
              38.88192394274898
            ],
            [
              -77.02114420042103,
              38.8819438361059
            ],
            [
              -77.02116968646327,
              38.88284305983569
            ],
            [
              -77.02231829948389,
              38.882823165843924
            ],
            [
              -77.02229279898222,
              38.88192394274898
            ]
          ]
        ]
      },
      "properties": {
        "tile_id": 249
      }
    },
    {
      "type": "Feature",
      "geometry": {
        "type": "Polygon",
        "coordinates": [
          [
            [
              -77.02114420042103,
              38.8819438361059
            ],
            [
              -77.01999560072507,
              38.88196371817394
            ],
            [
              -77.02002107230781,
              38.882862942538225
            ],
            [
              -77.02116968646327,
              38.88284305983569
            ],
            [
              -77.02114420042103,
              38.8819438361059
            ]
          ]
        ]
      },
      "properties": {
        "tile_id": 250
      }
    },
    {
      "type": "Feature",
      "geometry": {
        "type": "Polygon",
        "coordinates": [
          [
            [
              -77.01999560072507,
              38.88196371817394
            ],
            [
              -77.01884699989495,
              38.88198358895307
            ],
            [
              -77.01887245701816,
              38.8828828139515
            ],
            [
              -77.02002107230781,
              38.882862942538225
            ],
            [
              -77.01999560072507,
              38.88196371817394
            ]
          ]
        ]
      },
      "properties": {
        "tile_id": 251
      }
    },
    {
      "type": "Feature",
      "geometry": {
        "type": "Polygon",
        "coordinates": [
          [
            [
              -77.01884699989495,
              38.88198358895307
            ],
            [
              -77.01769839793135,
              38.882003448443264
            ],
            [
              -77.01772384059495,
              38.88290267407546
            ],
            [
              -77.01887245701816,
              38.8828828139515
            ],
            [
              -77.01884699989495,
              38.88198358895307
            ]
          ]
        ]
      },
      "properties": {
        "tile_id": 252
      }
    },
    {
      "type": "Feature",
      "geometry": {
        "type": "Polygon",
        "coordinates": [
          [
            [
              -77.01769839793135,
              38.882003448443264
            ],
            [
              -77.0165497948349,
              38.882023296644476
            ],
            [
              -77.01657522303884,
              38.8829225229101
            ],
            [
              -77.01772384059495,
              38.88290267407546
            ],
            [
              -77.01769839793135,
              38.882003448443264
            ]
          ]
        ]
      },
      "properties": {
        "tile_id": 253
      }
    },
    {
      "type": "Feature",
      "geometry": {
        "type": "Polygon",
        "coordinates": [
          [
            [
              -77.0165497948349,
              38.882023296644476
            ],
            [
              -77.01540119060623,
              38.88204313355669
            ],
            [
              -77.01542660435045,
              38.88294236045537
            ],
            [
              -77.01657522303884,
              38.8829225229101
            ],
            [
              -77.0165497948349,
              38.882023296644476
            ]
          ]
        ]
      },
      "properties": {
        "tile_id": 254
      }
    },
    {
      "type": "Feature",
      "geometry": {
        "type": "Polygon",
        "coordinates": [
          [
            [
              -77.01540119060623,
              38.88204313355669
            ],
            [
              -77.01425258524598,
              38.88206295917986
            ],
            [
              -77.01427798453044,
              38.88296218671124
            ],
            [
              -77.01542660435045,
              38.88294236045537
            ],
            [
              -77.01540119060623,
              38.88204313355669
            ]
          ]
        ]
      },
      "properties": {
        "tile_id": 255
      }
    },
    {
      "type": "Feature",
      "geometry": {
        "type": "Polygon",
        "coordinates": [
          [
            [
              -77.01425258524598,
              38.88206295917986
            ],
            [
              -77.01310397875481,
              38.88208277351396
            ],
            [
              -77.01312936357947,
              38.88298200167767
            ],
            [
              -77.01427798453044,
              38.88296218671124
            ],
            [
              -77.01425258524598,
              38.88206295917986
            ]
          ]
        ]
      },
      "properties": {
        "tile_id": 256
      }
    },
    {
      "type": "Feature",
      "geometry": {
        "type": "Polygon",
        "coordinates": [
          [
            [
              -77.01310397875481,
              38.88208277351396
            ],
            [
              -77.01195537113337,
              38.88210257655896
            ],
            [
              -77.01198074149815,
              38.88300180535463
            ],
            [
              -77.01312936357947,
              38.88298200167767
            ],
            [
              -77.01310397875481,
              38.88208277351396
            ]
          ]
        ]
      },
      "properties": {
        "tile_id": 257
      }
    },
    {
      "type": "Feature",
      "geometry": {
        "type": "Polygon",
        "coordinates": [
          [
            [
              -77.01195537113337,
              38.88210257655896
            ],
            [
              -77.01080676238229,
              38.88212236831481
            ],
            [
              -77.01083211828713,
              38.88302159774211
            ],
            [
              -77.01198074149815,
              38.88300180535463
            ],
            [
              -77.01195537113337,
              38.88210257655896
            ]
          ]
        ]
      },
      "properties": {
        "tile_id": 258
      }
    },
    {
      "type": "Feature",
      "geometry": {
        "type": "Polygon",
        "coordinates": [
          [
            [
              -77.01080676238229,
              38.88212236831481
            ],
            [
              -77.00965815250221,
              38.88214214878149
            ],
            [
              -77.00968349394705,
              38.88304137884005
            ],
            [
              -77.01083211828713,
              38.88302159774211
            ],
            [
              -77.01080676238229,
              38.88212236831481
            ]
          ]
        ]
      },
      "properties": {
        "tile_id": 259
      }
    },
    {
      "type": "Feature",
      "geometry": {
        "type": "Polygon",
        "coordinates": [
          [
            [
              -77.00965815250221,
              38.88214214878149
            ],
            [
              -77.00850954149377,
              38.88216191795896
            ],
            [
              -77.00853486847858,
              38.88306114864841
            ],
            [
              -77.00968349394705,
              38.88304137884005
            ],
            [
              -77.00965815250221,
              38.88214214878149
            ]
          ]
        ]
      },
      "properties": {
        "tile_id": 260
      }
    },
    {
      "type": "Feature",
      "geometry": {
        "type": "Polygon",
        "coordinates": [
          [
            [
              -77.00850954149377,
              38.88216191795896
            ],
            [
              -77.00736092935762,
              38.882181675847185
            ],
            [
              -77.00738624188233,
              38.883080907167184
            ],
            [
              -77.00853486847858,
              38.88306114864841
            ],
            [
              -77.00850954149377,
              38.88216191795896
            ]
          ]
        ]
      },
      "properties": {
        "tile_id": 261
      }
    },
    {
      "type": "Feature",
      "geometry": {
        "type": "Polygon",
        "coordinates": [
          [
            [
              -77.00736092935762,
              38.882181675847185
            ],
            [
              -77.0062123160944,
              38.88220142244616
            ],
            [
              -77.00623761415896,
              38.883100654396316
            ],
            [
              -77.00738624188233,
              38.883080907167184
            ],
            [
              -77.00736092935762,
              38.882181675847185
            ]
          ]
        ]
      },
      "properties": {
        "tile_id": 262
      }
    },
    {
      "type": "Feature",
      "geometry": {
        "type": "Polygon",
        "coordinates": [
          [
            [
              -77.0062123160944,
              38.88220142244616
            ],
            [
              -77.00506370170476,
              38.88222115775579
            ],
            [
              -77.00508898530911,
              38.88312039033578
            ],
            [
              -77.00623761415896,
              38.883100654396316
            ],
            [
              -77.0062123160944,
              38.88220142244616
            ]
          ]
        ]
      },
      "properties": {
        "tile_id": 263
      }
    },
    {
      "type": "Feature",
      "geometry": {
        "type": "Polygon",
        "coordinates": [
          [
            [
              -77.00506370170476,
              38.88222115775579
            ],
            [
              -77.00391508618934,
              38.882240881776106
            ],
            [
              -77.00394035533343,
              38.88314011498555
            ],
            [
              -77.00508898530911,
              38.88312039033578
            ],
            [
              -77.00506370170476,
              38.88222115775579
            ]
          ]
        ]
      },
      "properties": {
        "tile_id": 264
      }
    },
    {
      "type": "Feature",
      "geometry": {
        "type": "Polygon",
        "coordinates": [
          [
            [
              -77.00391508618934,
              38.882240881776106
            ],
            [
              -77.00276646954877,
              38.88226059450703
            ],
            [
              -77.00279172423255,
              38.88315982834557
            ],
            [
              -77.00394035533343,
              38.88314011498555
            ],
            [
              -77.00391508618934,
              38.882240881776106
            ]
          ]
        ]
      },
      "properties": {
        "tile_id": 265
      }
    },
    {
      "type": "Feature",
      "geometry": {
        "type": "Polygon",
        "coordinates": [
          [
            [
              -77.00276646954877,
              38.88226059450703
            ],
            [
              -77.00161785178372,
              38.88228029594857
            ],
            [
              -77.00164309200713,
              38.883179530415845
            ],
            [
              -77.00279172423255,
              38.88315982834557
            ],
            [
              -77.00276646954877,
              38.88226059450703
            ]
          ]
        ]
      },
      "properties": {
        "tile_id": 266
      }
    },
    {
      "type": "Feature",
      "geometry": {
        "type": "Polygon",
        "coordinates": [
          [
            [
              -77.00161785178372,
              38.88228029594857
            ],
            [
              -77.00046923289482,
              38.88229998610065
            ],
            [
              -77.0004944586578,
              38.88319922119631
            ],
            [
              -77.00164309200713,
              38.883179530415845
            ],
            [
              -77.00161785178372,
              38.88228029594857
            ]
          ]
        ]
      },
      "properties": {
        "tile_id": 267
      }
    },
    {
      "type": "Feature",
      "geometry": {
        "type": "Polygon",
        "coordinates": [
          [
            [
              -77.00046923289482,
              38.88229998610065
            ],
            [
              -76.99932061288268,
              38.88231966496327
            ],
            [
              -76.99934582418518,
              38.88321890068694
            ],
            [
              -77.0004944586578,
              38.88319922119631
            ],
            [
              -77.00046923289482,
              38.88229998610065
            ]
          ]
        ]
      },
      "properties": {
        "tile_id": 268
      }
    },
    {
      "type": "Feature",
      "geometry": {
        "type": "Polygon",
        "coordinates": [
          [
            [
              -76.99932061288268,
              38.88231966496327
            ],
            [
              -76.99817199174801,
              38.88233933253637
            ],
            [
              -76.99819718858996,
              38.883238568887705
            ],
            [
              -76.99934582418518,
              38.88321890068694
            ],
            [
              -76.99932061288268,
              38.88231966496327
            ]
          ]
        ]
      },
      "properties": {
        "tile_id": 269
      }
    },
    {
      "type": "Feature",
      "geometry": {
        "type": "Polygon",
        "coordinates": [
          [
            [
              -76.99817199174801,
              38.88233933253637
            ],
            [
              -76.99702336949139,
              38.882358988819945
            ],
            [
              -76.99704855187277,
              38.88325822579857
            ],
            [
              -76.99819718858997,
              38.883238568887705
            ],
            [
              -76.99817199174801,
              38.88233933253637
            ]
          ]
        ]
      },
      "properties": {
        "tile_id": 270
      }
    },
    {
      "type": "Feature",
      "geometry": {
        "type": "Polygon",
        "coordinates": [
          [
            [
              -76.99702336949139,
              38.882358988819945
            ],
            [
              -76.9958747461135,
              38.882378633813936
            ],
            [
              -76.99589991403423,
              38.8832778714195
            ],
            [
              -76.99704855187277,
              38.88325822579857
            ],
            [
              -76.99702336949139,
              38.882358988819945
            ]
          ]
        ]
      },
      "properties": {
        "tile_id": 271
      }
    },
    {
      "type": "Feature",
      "geometry": {
        "type": "Polygon",
        "coordinates": [
          [
            [
              -76.9958747461135,
              38.882378633813936
            ],
            [
              -76.99472612161497,
              38.882398267518326
            ],
            [
              -76.994751275075,
              38.88329750575046
            ],
            [
              -76.99589991403423,
              38.8832778714195
            ],
            [
              -76.9958747461135,
              38.882378633813936
            ]
          ]
        ]
      },
      "properties": {
        "tile_id": 272
      }
    },
    {
      "type": "Feature",
      "geometry": {
        "type": "Polygon",
        "coordinates": [
          [
            [
              -76.99472612161497,
              38.882398267518326
            ],
            [
              -76.99357749599645,
              38.882417889933066
            ],
            [
              -76.99360263499572,
              38.883317128791425
            ],
            [
              -76.994751275075,
              38.88329750575046
            ],
            [
              -76.99472612161497,
              38.882398267518326
            ]
          ]
        ]
      },
      "properties": {
        "tile_id": 273
      }
    },
    {
      "type": "Feature",
      "geometry": {
        "type": "Polygon",
        "coordinates": [
          [
            [
              -76.99357749599645,
              38.882417889933066
            ],
            [
              -76.99242886925857,
              38.88243750105814
            ],
            [
              -76.99245399379704,
              38.88333674054237
            ],
            [
              -76.99360263499572,
              38.883317128791425
            ],
            [
              -76.99357749599645,
              38.882417889933066
            ]
          ]
        ]
      },
      "properties": {
        "tile_id": 274
      }
    },
    {
      "type": "Feature",
      "geometry": {
        "type": "Polygon",
        "coordinates": [
          [
            [
              -77.03035855879875,
              38.882683591805865
            ],
            [
              -77.02920995374001,
              38.88270356482132
            ],
            [
              -77.02923554214017,
              38.88360278394651
            ],
            [
              -77.03038416165862,
              38.88358281029367
            ],
            [
              -77.03035855879875,
              38.882683591805865
            ]
          ]
        ]
      },
      "properties": {
        "tile_id": 275
      }
    },
    {
      "type": "Feature",
      "geometry": {
        "type": "Polygon",
        "coordinates": [
          [
            [
              -77.02920995374001,
              38.88270356482132
            ],
            [
              -77.02806134754192,
              38.88272352654777
            ],
            [
              -77.02808692148233,
              38.88362274631
            ],
            [
              -77.02923554214017,
              38.88360278394651
            ],
            [
              -77.02920995374001,
              38.88270356482132
            ]
          ]
        ]
      },
      "properties": {
        "tile_id": 276
      }
    },
    {
      "type": "Feature",
      "geometry": {
        "type": "Polygon",
        "coordinates": [
          [
            [
              -77.02806134754192,
              38.88272352654777
            ],
            [
              -77.02691274020513,
              38.882743476985205
            ],
            [
              -77.02693829968575,
              38.8836426973841
            ],
            [
              -77.02808692148233,
              38.88362274631
            ],
            [
              -77.02806134754192,
              38.88272352654777
            ]
          ]
        ]
      },
      "properties": {
        "tile_id": 277
      }
    },
    {
      "type": "Feature",
      "geometry": {
        "type": "Polygon",
        "coordinates": [
          [
            [
              -77.02691274020513,
              38.882743476985205
            ],
            [
              -77.0257641317303,
              38.882763416133564
            ],
            [
              -77.02578967675106,
              38.88366263716876
            ],
            [
              -77.02693829968575,
              38.8836426973841
            ],
            [
              -77.02691274020513,
              38.882743476985205
            ]
          ]
        ]
      },
      "properties": {
        "tile_id": 278
      }
    },
    {
      "type": "Feature",
      "geometry": {
        "type": "Polygon",
        "coordinates": [
          [
            [
              -77.0257641317303,
              38.882763416133564
            ],
            [
              -77.02461552211804,
              38.88278334399283
            ],
            [
              -77.02464105267889,
              38.88368256566398
            ],
            [
              -77.02578967675106,
              38.88366263716876
            ],
            [
              -77.0257641317303,
              38.882763416133564
            ]
          ]
        ]
      },
      "properties": {
        "tile_id": 279
      }
    },
    {
      "type": "Feature",
      "geometry": {
        "type": "Polygon",
        "coordinates": [
          [
            [
              -77.02461552211804,
              38.88278334399283
            ],
            [
              -77.02346691136903,
              38.88280326056295
            ],
            [
              -77.0234924274699,
              38.88370248286971
            ],
            [
              -77.02464105267889,
              38.88368256566398
            ],
            [
              -77.02461552211804,
              38.88278334399283
            ]
          ]
        ]
      },
      "properties": {
        "tile_id": 280
      }
    },
    {
      "type": "Feature",
      "geometry": {
        "type": "Polygon",
        "coordinates": [
          [
            [
              -77.02346691136903,
              38.88280326056295
            ],
            [
              -77.02231829948389,
              38.882823165843924
            ],
            [
              -77.02234380112473,
              38.8837223887859
            ],
            [
              -77.0234924274699,
              38.88370248286971
            ],
            [
              -77.02346691136903,
              38.88280326056295
            ]
          ]
        ]
      },
      "properties": {
        "tile_id": 281
      }
    },
    {
      "type": "Feature",
      "geometry": {
        "type": "Polygon",
        "coordinates": [
          [
            [
              -77.02231829948389,
              38.882823165843924
            ],
            [
              -77.02116968646327,
              38.88284305983569
            ],
            [
              -77.02119517364403,
              38.88374228341254
            ],
            [
              -77.02234380112473,
              38.8837223887859
            ],
            [
              -77.02231829948389,
              38.882823165843924
            ]
          ]
        ]
      },
      "properties": {
        "tile_id": 282
      }
    },
    {
      "type": "Feature",
      "geometry": {
        "type": "Polygon",
        "coordinates": [
          [
            [
              -77.02116968646327,
              38.88284305983569
            ],
            [
              -77.02002107230781,
              38.882862942538225
            ],
            [
              -77.02004654502844,
              38.88376216674959
            ],
            [
              -77.02119517364403,
              38.88374228341254
            ],
            [
              -77.02116968646327,
              38.88284305983569
            ]
          ]
        ]
      },
      "properties": {
        "tile_id": 283
      }
    },
    {
      "type": "Feature",
      "geometry": {
        "type": "Polygon",
        "coordinates": [
          [
            [
              -77.02002107230781,
              38.882862942538225
            ],
            [
              -77.01887245701816,
              38.8828828139515
            ],
            [
              -77.0188979152786,
              38.883782038797015
            ],
            [
              -77.02004654502844,
              38.88376216674959
            ],
            [
              -77.02002107230781,
              38.882862942538225
            ]
          ]
        ]
      },
      "properties": {
        "tile_id": 284
      }
    },
    {
      "type": "Feature",
      "geometry": {
        "type": "Polygon",
        "coordinates": [
          [
            [
              -77.01887245701816,
              38.8828828139515
            ],
            [
              -77.01772384059495,
              38.88290267407546
            ],
            [
              -77.01774928439515,
              38.88380189955477
            ],
            [
              -77.0188979152786,
              38.883782038797015
            ],
            [
              -77.01887245701816,
              38.8828828139515
            ]
          ]
        ]
      },
      "properties": {
        "tile_id": 285
      }
    },
    {
      "type": "Feature",
      "geometry": {
        "type": "Polygon",
        "coordinates": [
          [
            [
              -77.01772384059495,
              38.88290267407546
            ],
            [
              -77.01657522303884,
              38.8829225229101
            ],
            [
              -77.01660065237871,
              38.883821749022836
            ],
            [
              -77.01774928439515,
              38.88380189955477
            ],
            [
              -77.01772384059495,
              38.88290267407546
            ]
          ]
        ]
      },
      "properties": {
        "tile_id": 286
      }
    },
    {
      "type": "Feature",
      "geometry": {
        "type": "Polygon",
        "coordinates": [
          [
            [
              -77.01657522303884,
              38.8829225229101
            ],
            [
              -77.01542660435045,
              38.88294236045537
            ],
            [
              -77.01545201922998,
              38.883841587201175
            ],
            [
              -77.01660065237871,
              38.883821749022836
            ],
            [
              -77.01657522303884,
              38.8829225229101
            ]
          ]
        ]
      },
      "properties": {
        "tile_id": 287
      }
    },
    {
      "type": "Feature",
      "geometry": {
        "type": "Polygon",
        "coordinates": [
          [
            [
              -77.01542660435045,
              38.88294236045537
            ],
            [
              -77.01427798453044,
              38.88296218671124
            ],
            [
              -77.01430338494957,
              38.88386141408976
            ],
            [
              -77.01545201922998,
              38.883841587201175
            ],
            [
              -77.01542660435045,
              38.88294236045537
            ]
          ]
        ]
      },
      "properties": {
        "tile_id": 288
      }
    },
    {
      "type": "Feature",
      "geometry": {
        "type": "Polygon",
        "coordinates": [
          [
            [
              -77.01427798453044,
              38.88296218671124
            ],
            [
              -77.01312936357947,
              38.88298200167767
            ],
            [
              -77.01315474953812,
              38.88388122968855
            ],
            [
              -77.01430338494957,
              38.88386141408976
            ],
            [
              -77.01427798453044,
              38.88296218671124
            ]
          ]
        ]
      },
      "properties": {
        "tile_id": 289
      }
    },
    {
      "type": "Feature",
      "geometry": {
        "type": "Polygon",
        "coordinates": [
          [
            [
              -77.01312936357947,
              38.88298200167767
            ],
            [
              -77.01198074149815,
              38.88300180535463
            ],
            [
              -77.01200611299626,
              38.88390103399752
            ],
            [
              -77.01315474953812,
              38.88388122968855
            ],
            [
              -77.01312936357947,
              38.88298200167767
            ]
          ]
        ]
      },
      "properties": {
        "tile_id": 290
      }
    },
    {
      "type": "Feature",
      "geometry": {
        "type": "Polygon",
        "coordinates": [
          [
            [
              -77.01198074149815,
              38.88300180535463
            ],
            [
              -77.01083211828713,
              38.88302159774211
            ],
            [
              -77.01085747532467,
              38.8839208270166
            ],
            [
              -77.01200611299626,
              38.88390103399752
            ],
            [
              -77.01198074149815,
              38.88300180535463
            ]
          ]
        ]
      },
      "properties": {
        "tile_id": 291
      }
    },
    {
      "type": "Feature",
      "geometry": {
        "type": "Polygon",
        "coordinates": [
          [
            [
              -77.01083211828713,
              38.88302159774211
            ],
            [
              -77.00968349394705,
              38.88304137884005
            ],
            [
              -77.00970883652397,
              38.88394060874582
            ],
            [
              -77.01085747532467,
              38.8839208270166
            ],
            [
              -77.01083211828713,
              38.88302159774211
            ]
          ]
        ]
      },
      "properties": {
        "tile_id": 292
      }
    },
    {
      "type": "Feature",
      "geometry": {
        "type": "Polygon",
        "coordinates": [
          [
            [
              -77.00968349394705,
              38.88304137884005
            ],
            [
              -77.00853486847858,
              38.88306114864841
            ],
            [
              -77.0085601965948,
              38.883960379185105
            ],
            [
              -77.00970883652397,
              38.88394060874582
            ],
            [
              -77.00968349394705,
              38.88304137884005
            ]
          ]
        ]
      },
      "properties": {
        "tile_id": 293
      }
    },
    {
      "type": "Feature",
      "geometry": {
        "type": "Polygon",
        "coordinates": [
          [
            [
              -77.00853486847858,
              38.88306114864841
            ],
            [
              -77.00738624188233,
              38.883080907167184
            ],
            [
              -77.00741155553781,
              38.88398013833443
            ],
            [
              -77.0085601965948,
              38.883960379185105
            ],
            [
              -77.00853486847858,
              38.88306114864841
            ]
          ]
        ]
      },
      "properties": {
        "tile_id": 294
      }
    },
    {
      "type": "Feature",
      "geometry": {
        "type": "Polygon",
        "coordinates": [
          [
            [
              -77.00738624188233,
              38.883080907167184
            ],
            [
              -77.00623761415896,
              38.883100654396316
            ],
            [
              -77.00626291335365,
              38.88399988619374
            ],
            [
              -77.00741155553781,
              38.88398013833443
            ],
            [
              -77.00738624188233,
              38.883080907167184
            ]
          ]
        ]
      },
      "properties": {
        "tile_id": 295
      }
    },
    {
      "type": "Feature",
      "geometry": {
        "type": "Polygon",
        "coordinates": [
          [
            [
              -77.00623761415896,
              38.883100654396316
            ],
            [
              -77.00508898530911,
              38.88312039033578
            ],
            [
              -77.00511427004295,
              38.88401962276305
            ],
            [
              -77.00626291335365,
              38.88399988619374
            ],
            [
              -77.00623761415896,
              38.883100654396316
            ]
          ]
        ]
      },
      "properties": {
        "tile_id": 296
      }
    },
    {
      "type": "Feature",
      "geometry": {
        "type": "Polygon",
        "coordinates": [
          [
            [
              -77.00508898530911,
              38.88312039033578
            ],
            [
              -77.00394035533343,
              38.88314011498555
            ],
            [
              -77.00396562560637,
              38.88403934804228
            ],
            [
              -77.00511427004295,
              38.88401962276305
            ],
            [
              -77.00508898530911,
              38.88312039033578
            ]
          ]
        ]
      },
      "properties": {
        "tile_id": 297
      }
    },
    {
      "type": "Feature",
      "geometry": {
        "type": "Polygon",
        "coordinates": [
          [
            [
              -77.00394035533343,
              38.88314011498555
            ],
            [
              -77.00279172423255,
              38.88315982834557
            ],
            [
              -77.00281698004453,
              38.884059062031426
            ],
            [
              -77.00396562560637,
              38.88403934804228
            ],
            [
              -77.00394035533343,
              38.88314011498555
            ]
          ]
        ]
      },
      "properties": {
        "tile_id": 298
      }
    },
    {
      "type": "Feature",
      "geometry": {
        "type": "Polygon",
        "coordinates": [
          [
            [
              -77.00279172423255,
              38.88315982834557
            ],
            [
              -77.00164309200713,
              38.883179530415845
            ],
            [
              -77.00166833335808,
              38.88407876473045
            ],
            [
              -77.00281698004453,
              38.884059062031426
            ],
            [
              -77.00279172423255,
              38.88315982834557
            ]
          ]
        ]
      },
      "properties": {
        "tile_id": 299
      }
    },
    {
      "type": "Feature",
      "geometry": {
        "type": "Polygon",
        "coordinates": [
          [
            [
              -77.00164309200713,
              38.883179530415845
            ],
            [
              -77.0004944586578,
              38.88319922119631
            ],
            [
              -77.00051968554769,
              38.88409845613929
            ],
            [
              -77.00166833335808,
              38.88407876473045
            ],
            [
              -77.00164309200713,
              38.883179530415845
            ]
          ]
        ]
      },
      "properties": {
        "tile_id": 300
      }
    },
    {
      "type": "Feature",
      "geometry": {
        "type": "Polygon",
        "coordinates": [
          [
            [
              -77.0004944586578,
              38.88319922119631
            ],
            [
              -76.99934582418518,
              38.88321890068694
            ],
            [
              -76.99937103661395,
              38.88411813625797
            ],
            [
              -77.00051968554769,
              38.88409845613929
            ],
            [
              -77.0004944586578,
              38.88319922119631
            ]
          ]
        ]
      },
      "properties": {
        "tile_id": 301
      }
    },
    {
      "type": "Feature",
      "geometry": {
        "type": "Polygon",
        "coordinates": [
          [
            [
              -76.99934582418518,
              38.88321890068694
            ],
            [
              -76.99819718858996,
              38.883238568887705
            ],
            [
              -76.99822238655756,
              38.88413780508641
            ],
            [
              -76.99937103661395,
              38.88411813625797
            ],
            [
              -76.99934582418518,
              38.88321890068694
            ]
          ]
        ]
      },
      "properties": {
        "tile_id": 302
      }
    },
    {
      "type": "Feature",
      "geometry": {
        "type": "Polygon",
        "coordinates": [
          [
            [
              -76.99819718858997,
              38.883238568887705
            ],
            [
              -76.99704855187277,
              38.88325822579857
            ],
            [
              -76.99707373537912,
              38.88415746262458
            ],
            [
              -76.99822238655756,
              38.88413780508641
            ],
            [
              -76.99819718858997,
              38.883238568887705
            ]
          ]
        ]
      },
      "properties": {
        "tile_id": 303
      }
    },
    {
      "type": "Feature",
      "geometry": {
        "type": "Polygon",
        "coordinates": [
          [
            [
              -76.99704855187277,
              38.88325822579857
            ],
            [
              -76.99589991403423,
              38.8832778714195
            ],
            [
              -76.9959250830793,
              38.88417710887247
            ],
            [
              -76.99707373537912,
              38.88415746262458
            ],
            [
              -76.99704855187277,
              38.88325822579857
            ]
          ]
        ]
      },
      "properties": {
        "tile_id": 304
      }
    },
    {
      "type": "Feature",
      "geometry": {
        "type": "Polygon",
        "coordinates": [
          [
            [
              -76.99589991403423,
              38.8832778714195
            ],
            [
              -76.994751275075,
              38.88329750575046
            ],
            [
              -76.99477642965873,
              38.88419674383002
            ],
            [
              -76.9959250830793,
              38.88417710887247
            ],
            [
              -76.99589991403423,
              38.8832778714195
            ]
          ]
        ]
      },
      "properties": {
        "tile_id": 305
      }
    },
    {
      "type": "Feature",
      "geometry": {
        "type": "Polygon",
        "coordinates": [
          [
            [
              -76.994751275075,
              38.88329750575046
            ],
            [
              -76.99360263499572,
              38.883317128791425
            ],
            [
              -76.99362777511804,
              38.884216367497224
            ],
            [
              -76.99477642965873,
              38.88419674383002
            ],
            [
              -76.994751275075,
              38.88329750575046
            ]
          ]
        ]
      },
      "properties": {
        "tile_id": 306
      }
    },
    {
      "type": "Feature",
      "geometry": {
        "type": "Polygon",
        "coordinates": [
          [
            [
              -76.99360263499572,
              38.883317128791425
            ],
            [
              -76.99245399379704,
              38.88333674054237
            ],
            [
              -76.99247911945791,
              38.884235979874035
            ],
            [
              -76.99362777511804,
              38.884216367497224
            ],
            [
              -76.99360263499572,
              38.883317128791425
            ]
          ]
        ]
      },
      "properties": {
        "tile_id": 307
      }
    },
    {
      "type": "Feature",
      "geometry": {
        "type": "Polygon",
        "coordinates": [
          [
            [
              -77.03038416165862,
              38.88358281029367
            ],
            [
              -77.02923554214017,
              38.88360278394651
            ],
            [
              -77.02926113168343,
              38.884502002918644
            ],
            [
              -77.03040976566221,
              38.88448202862839
            ],
            [
              -77.03038416165862,
              38.88358281029367
            ]
          ]
        ]
      },
      "properties": {
        "tile_id": 308
      }
    },
    {
      "type": "Feature",
      "geometry": {
        "type": "Polygon",
        "coordinates": [
          [
            [
              -77.02923554214017,
              38.88360278394651
            ],
            [
              -77.02808692148233,
              38.88362274631
            ],
            [
              -77.0281124965652,
              38.88452196591918
            ],
            [
              -77.02926113168343,
              38.884502002918644
            ],
            [
              -77.02923554214017,
              38.88360278394651
            ]
          ]
        ]
      },
      "properties": {
        "tile_id": 309
      }
    },
    {
      "type": "Feature",
      "geometry": {
        "type": "Polygon",
        "coordinates": [
          [
            [
              -77.02808692148233,
              38.88362274631
            ],
            [
              -77.02693829968575,
              38.8836426973841
            ],
            [
              -77.02696386030817,
              38.88454191762996
            ],
            [
              -77.0281124965652,
              38.88452196591918
            ],
            [
              -77.02808692148233,
              38.88362274631
            ]
          ]
        ]
      },
      "properties": {
        "tile_id": 310
      }
    },
    {
      "type": "Feature",
      "geometry": {
        "type": "Polygon",
        "coordinates": [
          [
            [
              -77.02693829968575,
              38.8836426973841
            ],
            [
              -77.02578967675106,
              38.88366263716876
            ],
            [
              -77.02581522291297,
              38.88456185805096
            ],
            [
              -77.02696386030817,
              38.88454191762996
            ],
            [
              -77.02693829968575,
              38.8836426973841
            ]
          ]
        ]
      },
      "properties": {
        "tile_id": 311
      }
    },
    {
      "type": "Feature",
      "geometry": {
        "type": "Polygon",
        "coordinates": [
          [
            [
              -77.02578967675106,
              38.88366263716876
            ],
            [
              -77.02464105267889,
              38.88368256566398
            ],
            [
              -77.02466658438024,
              38.88458178718214
            ],
            [
              -77.02581522291297,
              38.88456185805096
            ],
            [
              -77.02578967675106,
              38.88366263716876
            ]
          ]
        ]
      },
      "properties": {
        "tile_id": 312
      }
    },
    {
      "type": "Feature",
      "geometry": {
        "type": "Polygon",
        "coordinates": [
          [
            [
              -77.02464105267889,
              38.88368256566398
            ],
            [
              -77.0234924274699,
              38.88370248286971
            ],
            [
              -77.02351794471063,
              38.88460170502347
            ],
            [
              -77.02466658438024,
              38.88458178718214
            ],
            [
              -77.02464105267889,
              38.88368256566398
            ]
          ]
        ]
      },
      "properties": {
        "tile_id": 313
      }
    },
    {
      "type": "Feature",
      "geometry": {
        "type": "Polygon",
        "coordinates": [
          [
            [
              -77.0234924274699,
              38.88370248286971
            ],
            [
              -77.02234380112473,
              38.8837223887859
            ],
            [
              -77.0223693039048,
              38.884621611574914
            ],
            [
              -77.02351794471063,
              38.88460170502347
            ],
            [
              -77.0234924274699,
              38.88370248286971
            ]
          ]
        ]
      },
      "properties": {
        "tile_id": 314
      }
    },
    {
      "type": "Feature",
      "geometry": {
        "type": "Polygon",
        "coordinates": [
          [
            [
              -77.02234380112473,
              38.8837223887859
            ],
            [
              -77.02119517364403,
              38.88374228341254
            ],
            [
              -77.02122066196337,
              38.884641506836445
            ],
            [
              -77.0223693039048,
              38.884621611574914
            ],
            [
              -77.02234380112473,
              38.8837223887859
            ]
          ]
        ]
      },
      "properties": {
        "tile_id": 315
      }
    },
    {
      "type": "Feature",
      "geometry": {
        "type": "Polygon",
        "coordinates": [
          [
            [
              -77.02119517364403,
              38.88374228341254
            ],
            [
              -77.02004654502844,
              38.88376216674959
            ],
            [
              -77.02007201888699,
              38.88466139080802
            ],
            [
              -77.02122066196337,
              38.884641506836445
            ],
            [
              -77.02119517364403,
              38.88374228341254
            ]
          ]
        ]
      },
      "properties": {
        "tile_id": 316
      }
    },
    {
      "type": "Feature",
      "geometry": {
        "type": "Polygon",
        "coordinates": [
          [
            [
              -77.02004654502844,
              38.88376216674959
            ],
            [
              -77.0188979152786,
              38.883782038797015
            ],
            [
              -77.0189233746763,
              38.8846812634896
            ],
            [
              -77.02007201888699,
              38.88466139080802
            ],
            [
              -77.02004654502844,
              38.88376216674959
            ]
          ]
        ]
      },
      "properties": {
        "tile_id": 317
      }
    },
    {
      "type": "Feature",
      "geometry": {
        "type": "Polygon",
        "coordinates": [
          [
            [
              -77.0188979152786,
              38.883782038797015
            ],
            [
              -77.01774928439515,
              38.88380189955477
            ],
            [
              -77.01777472933198,
              38.884701124881175
            ],
            [
              -77.0189233746763,
              38.8846812634896
            ],
            [
              -77.0188979152786,
              38.883782038797015
            ]
          ]
        ]
      },
      "properties": {
        "tile_id": 318
      }
    },
    {
      "type": "Feature",
      "geometry": {
        "type": "Polygon",
        "coordinates": [
          [
            [
              -77.01774928439515,
              38.88380189955477
            ],
            [
              -77.01660065237871,
              38.883821749022836
            ],
            [
              -77.0166260828546,
              38.88472097498269
            ],
            [
              -77.01777472933198,
              38.884701124881175
            ],
            [
              -77.01774928439515,
              38.88380189955477
            ]
          ]
        ]
      },
      "properties": {
        "tile_id": 319
      }
    },
    {
      "type": "Feature",
      "geometry": {
        "type": "Polygon",
        "coordinates": [
          [
            [
              -77.01660065237871,
              38.883821749022836
            ],
            [
              -77.01545201922998,
              38.883841587201175
            ],
            [
              -77.01547743524486,
              38.88474081379412
            ],
            [
              -77.0166260828546,
              38.88472097498269
            ],
            [
              -77.01660065237871,
              38.883821749022836
            ]
          ]
        ]
      },
      "properties": {
        "tile_id": 320
      }
    },
    {
      "type": "Feature",
      "geometry": {
        "type": "Polygon",
        "coordinates": [
          [
            [
              -77.01545201922998,
              38.883841587201175
            ],
            [
              -77.01430338494957,
              38.88386141408976
            ],
            [
              -77.0143287865034,
              38.88476064131543
            ],
            [
              -77.01547743524488,
              38.88474081379412
            ],
            [
              -77.01545201922998,
              38.883841587201175
            ]
          ]
        ]
      },
      "properties": {
        "tile_id": 321
      }
    },
    {
      "type": "Feature",
      "geometry": {
        "type": "Polygon",
        "coordinates": [
          [
            [
              -77.01430338494957,
              38.88386141408976
            ],
            [
              -77.01315474953812,
              38.88388122968855
            ],
            [
              -77.01318013663082,
              38.88478045754659
            ],
            [
              -77.0143287865034,
              38.88476064131543
            ],
            [
              -77.01430338494957,
              38.88386141408976
            ]
          ]
        ]
      },
      "properties": {
        "tile_id": 322
      }
    },
    {
      "type": "Feature",
      "geometry": {
        "type": "Polygon",
        "coordinates": [
          [
            [
              -77.01315474953812,
              38.88388122968855
            ],
            [
              -77.01200611299626,
              38.88390103399752
            ],
            [
              -77.01203148562782,
              38.88480026248755
            ],
            [
              -77.01318013663082,
              38.88478045754659
            ],
            [
              -77.01315474953812,
              38.88388122968855
            ]
          ]
        ]
      },
      "properties": {
        "tile_id": 323
      }
    },
    {
      "type": "Feature",
      "geometry": {
        "type": "Polygon",
        "coordinates": [
          [
            [
              -77.01200611299626,
              38.88390103399752
            ],
            [
              -77.01085747532467,
              38.8839208270166
            ],
            [
              -77.010882833495,
              38.8848200561383
            ],
            [
              -77.01203148562782,
              38.88480026248755
            ],
            [
              -77.01200611299626,
              38.88390103399752
            ]
          ]
        ]
      },
      "properties": {
        "tile_id": 324
      }
    },
    {
      "type": "Feature",
      "geometry": {
        "type": "Polygon",
        "coordinates": [
          [
            [
              -77.01085747532467,
              38.8839208270166
            ],
            [
              -77.00970883652397,
              38.88394060874582
            ],
            [
              -77.00973418023301,
              38.884839838498806
            ],
            [
              -77.010882833495,
              38.8848200561383
            ],
            [
              -77.01085747532467,
              38.8839208270166
            ]
          ]
        ]
      },
      "properties": {
        "tile_id": 325
      }
    },
    {
      "type": "Feature",
      "geometry": {
        "type": "Polygon",
        "coordinates": [
          [
            [
              -77.00970883652397,
              38.88394060874582
            ],
            [
              -77.0085601965948,
              38.883960379185105
            ],
            [
              -77.00858552584252,
              38.88485960956901
            ],
            [
              -77.00973418023301,
              38.884839838498806
            ],
            [
              -77.00970883652397,
              38.88394060874582
            ]
          ]
        ]
      },
      "properties": {
        "tile_id": 326
      }
    },
    {
      "type": "Feature",
      "geometry": {
        "type": "Polygon",
        "coordinates": [
          [
            [
              -77.0085601965948,
              38.883960379185105
            ],
            [
              -77.00741155553781,
              38.88398013833443
            ],
            [
              -77.00743687032414,
              38.8848793693489
            ],
            [
              -77.00858552584252,
              38.88485960956901
            ],
            [
              -77.0085601965948,
              38.883960379185105
            ]
          ]
        ]
      },
      "properties": {
        "tile_id": 327
      }
    },
    {
      "type": "Feature",
      "geometry": {
        "type": "Polygon",
        "coordinates": [
          [
            [
              -77.00741155553781,
              38.88398013833443
            ],
            [
              -77.00626291335365,
              38.88399988619374
            ],
            [
              -77.00628821367854,
              38.88489911783843
            ],
            [
              -77.00743687032414,
              38.8848793693489
            ],
            [
              -77.00741155553781,
              38.88398013833443
            ]
          ]
        ]
      },
      "properties": {
        "tile_id": 328
      }
    },
    {
      "type": "Feature",
      "geometry": {
        "type": "Polygon",
        "coordinates": [
          [
            [
              -77.00626291335365,
              38.88399988619374
            ],
            [
              -77.00511427004295,
              38.88401962276305
            ],
            [
              -77.00513955590635,
              38.88491885503758
            ],
            [
              -77.00628821367854,
              38.88489911783843
            ],
            [
              -77.00626291335365,
              38.88399988619374
            ]
          ]
        ]
      },
      "properties": {
        "tile_id": 329
      }
    },
    {
      "type": "Feature",
      "geometry": {
        "type": "Polygon",
        "coordinates": [
          [
            [
              -77.00511427004295,
              38.88401962276305
            ],
            [
              -77.00396562560637,
              38.88403934804228
            ],
            [
              -77.00399089700821,
              38.88493858094631
            ],
            [
              -77.00513955590635,
              38.88491885503758
            ],
            [
              -77.00511427004295,
              38.88401962276305
            ]
          ]
        ]
      },
      "properties": {
        "tile_id": 330
      }
    },
    {
      "type": "Feature",
      "geometry": {
        "type": "Polygon",
        "coordinates": [
          [
            [
              -77.00396562560637,
              38.88403934804228
            ],
            [
              -77.00281698004453,
              38.884059062031426
            ],
            [
              -77.00284223698476,
              38.88495829556459
            ],
            [
              -77.00399089700821,
              38.88493858094631
            ],
            [
              -77.00396562560637,
              38.88403934804228
            ]
          ]
        ]
      },
      "properties": {
        "tile_id": 331
      }
    },
    {
      "type": "Feature",
      "geometry": {
        "type": "Polygon",
        "coordinates": [
          [
            [
              -77.00281698004453,
              38.884059062031426
            ],
            [
              -77.00166833335808,
              38.88407876473045
            ],
            [
              -77.00169357583665,
              38.88497799889237
            ],
            [
              -77.00284223698476,
              38.88495829556459
            ],
            [
              -77.00281698004453,
              38.884059062031426
            ]
          ]
        ]
      },
      "properties": {
        "tile_id": 332
      }
    },
    {
      "type": "Feature",
      "geometry": {
        "type": "Polygon",
        "coordinates": [
          [
            [
              -77.00166833335808,
              38.88407876473045
            ],
            [
              -77.00051968554769,
              38.88409845613929
            ],
            [
              -77.00054491356454,
              38.88499769092963
            ],
            [
              -77.00169357583665,
              38.88497799889237
            ],
            [
              -77.00166833335808,
              38.88407876473045
            ]
          ]
        ]
      },
      "properties": {
        "tile_id": 333
      }
    },
    {
      "type": "Feature",
      "geometry": {
        "type": "Polygon",
        "coordinates": [
          [
            [
              -77.00051968554769,
              38.88409845613929
            ],
            [
              -76.99937103661395,
              38.88411813625797
            ],
            [
              -76.99939625016903,
              38.885017371676355
            ],
            [
              -77.00054491356454,
              38.88499769092963
            ],
            [
              -77.00051968554769,
              38.88409845613929
            ]
          ]
        ]
      },
      "properties": {
        "tile_id": 334
      }
    },
    {
      "type": "Feature",
      "geometry": {
        "type": "Polygon",
        "coordinates": [
          [
            [
              -76.99937103661395,
              38.88411813625797
            ],
            [
              -76.99822238655756,
              38.88413780508641
            ],
            [
              -76.99824758565082,
              38.88503704113247
            ],
            [
              -76.99939625016903,
              38.885017371676355
            ],
            [
              -76.99937103661395,
              38.88411813625797
            ]
          ]
        ]
      },
      "properties": {
        "tile_id": 335
      }
    },
    {
      "type": "Feature",
      "geometry": {
        "type": "Polygon",
        "coordinates": [
          [
            [
              -76.99822238655756,
              38.88413780508641
            ],
            [
              -76.99707373537912,
              38.88415746262458
            ],
            [
              -76.9970989200105,
              38.88505669929799
            ],
            [
              -76.99824758565082,
              38.88503704113247
            ],
            [
              -76.99822238655756,
              38.88413780508641
            ]
          ]
        ]
      },
      "properties": {
        "tile_id": 336
      }
    },
    {
      "type": "Feature",
      "geometry": {
        "type": "Polygon",
        "coordinates": [
          [
            [
              -76.99707373537912,
              38.88415746262458
            ],
            [
              -76.9959250830793,
              38.88417710887247
            ],
            [
              -76.99595025324874,
              38.88507634617283
            ],
            [
              -76.9970989200105,
              38.88505669929799
            ],
            [
              -76.99707373537912,
              38.88415746262458
            ]
          ]
        ]
      },
      "properties": {
        "tile_id": 337
      }
    },
    {
      "type": "Feature",
      "geometry": {
        "type": "Polygon",
        "coordinates": [
          [
            [
              -76.9959250830793,
              38.88417710887247
            ],
            [
              -76.99477642965873,
              38.88419674383002
            ],
            [
              -76.99480158536618,
              38.88509598175701
            ],
            [
              -76.99595025324874,
              38.88507634617283
            ],
            [
              -76.9959250830793,
              38.88417710887247
            ]
          ]
        ]
      },
      "properties": {
        "tile_id": 338
      }
    },
    {
      "type": "Feature",
      "geometry": {
        "type": "Polygon",
        "coordinates": [
          [
            [
              -76.99477642965873,
              38.88419674383002
            ],
            [
              -76.99362777511804,
              38.884216367497224
            ],
            [
              -76.99365291636346,
              38.88511560605046
            ],
            [
              -76.99480158536618,
              38.88509598175701
            ],
            [
              -76.99477642965873,
              38.88419674383002
            ]
          ]
        ]
      },
      "properties": {
        "tile_id": 339
      }
    },
    {
      "type": "Feature",
      "geometry": {
        "type": "Polygon",
        "coordinates": [
          [
            [
              -76.99362777511804,
              38.884216367497224
            ],
            [
              -76.99247911945791,
              38.884235979874035
            ],
            [
              -76.99250424624123,
              38.885135219053154
            ],
            [
              -76.99365291636346,
              38.88511560605046
            ],
            [
              -76.99362777511804,
              38.884216367497224
            ]
          ]
        ]
      },
      "properties": {
        "tile_id": 340
      }
    },
    {
      "type": "Feature",
      "geometry": {
        "type": "Polygon",
        "coordinates": [
          [
            [
              -77.03040976566221,
              38.88448202862839
            ],
            [
              -77.02926113168343,
              38.88450200291864
            ],
            [
              -77.02928672236983,
              38.88540122173771
            ],
            [
              -77.0304353708096,
              38.885381246810034
            ],
            [
              -77.03040976566221,
              38.88448202862839
            ]
          ]
        ]
      },
      "properties": {
        "tile_id": 341
      }
    },
    {
      "type": "Feature",
      "geometry": {
        "type": "Polygon",
        "coordinates": [
          [
            [
              -77.02926113168343,
              38.88450200291864
            ],
            [
              -77.0281124965652,
              38.88452196591918
            ],
            [
              -77.02813807279057,
              38.88542118537531
            ],
            [
              -77.02928672236983,
              38.88540122173771
            ],
            [
              -77.02926113168343,
              38.88450200291864
            ]
          ]
        ]
      },
      "properties": {
        "tile_id": 342
      }
    },
    {
      "type": "Feature",
      "geometry": {
        "type": "Polygon",
        "coordinates": [
          [
            [
              -77.0281124965652,
              38.88452196591918
            ],
            [
              -77.02696386030817,
              38.88454191762995
            ],
            [
              -77.02698942207242,
              38.88544113772279
            ],
            [
              -77.02813807279057,
              38.88542118537531
            ],
            [
              -77.0281124965652,
              38.88452196591918
            ]
          ]
        ]
      },
      "properties": {
        "tile_id": 343
      }
    },
    {
      "type": "Feature",
      "geometry": {
        "type": "Polygon",
        "coordinates": [
          [
            [
              -77.02696386030817,
              38.88454191762995
            ],
            [
              -77.02581522291297,
              38.88456185805096
            ],
            [
              -77.02584077021608,
              38.88546107878013
            ],
            [
              -77.02698942207242,
              38.88544113772279
            ],
            [
              -77.02696386030817,
              38.88454191762995
            ]
          ]
        ]
      },
      "properties": {
        "tile_id": 344
      }
    },
    {
      "type": "Feature",
      "geometry": {
        "type": "Polygon",
        "coordinates": [
          [
            [
              -77.02581522291297,
              38.88456185805096
            ],
            [
              -77.02466658438024,
              38.884581787182135
            ],
            [
              -77.02469211722214,
              38.885481008547295
            ],
            [
              -77.02584077021608,
              38.88546107878013
            ],
            [
              -77.02581522291297,
              38.88456185805096
            ]
          ]
        ]
      },
      "properties": {
        "tile_id": 345
      }
    },
    {
      "type": "Feature",
      "geometry": {
        "type": "Polygon",
        "coordinates": [
          [
            [
              -77.02466658438024,
              38.884581787182135
            ],
            [
              -77.02351794471063,
              38.88460170502347
            ],
            [
              -77.02354346309129,
              38.88550092702426
            ],
            [
              -77.02469211722214,
              38.885481008547295
            ],
            [
              -77.02466658438024,
              38.884581787182135
            ]
          ]
        ]
      },
      "properties": {
        "tile_id": 346
      }
    },
    {
      "type": "Feature",
      "geometry": {
        "type": "Polygon",
        "coordinates": [
          [
            [
              -77.02351794471063,
              38.88460170502347
            ],
            [
              -77.0223693039048,
              38.88462161157491
            ],
            [
              -77.02239480782414,
              38.885520834210965
            ],
            [
              -77.02354346309129,
              38.88550092702426
            ],
            [
              -77.02351794471063,
              38.88460170502347
            ]
          ]
        ]
      },
      "properties": {
        "tile_id": 347
      }
    },
    {
      "type": "Feature",
      "geometry": {
        "type": "Polygon",
        "coordinates": [
          [
            [
              -77.0223693039048,
              38.88462161157491
            ],
            [
              -77.02122066196337,
              38.88464150683644
            ],
            [
              -77.02124615142135,
              38.88554073010739
            ],
            [
              -77.02239480782414,
              38.885520834210965
            ],
            [
              -77.0223693039048,
              38.88462161157491
            ]
          ]
        ]
      },
      "properties": {
        "tile_id": 348
      }
    },
    {
      "type": "Feature",
      "geometry": {
        "type": "Polygon",
        "coordinates": [
          [
            [
              -77.02122066196337,
              38.88464150683644
            ],
            [
              -77.02007201888699,
              38.88466139080801
            ],
            [
              -77.02009749388354,
              38.885560614713505
            ],
            [
              -77.02124615142135,
              38.88554073010739
            ],
            [
              -77.02122066196337,
              38.88464150683644
            ]
          ]
        ]
      },
      "properties": {
        "tile_id": 349
      }
    },
    {
      "type": "Feature",
      "geometry": {
        "type": "Polygon",
        "coordinates": [
          [
            [
              -77.02007201888699,
              38.88466139080801
            ],
            [
              -77.0189233746763,
              38.8846812634896
            ],
            [
              -77.01894883521138,
              38.885580488029284
            ],
            [
              -77.02009749388354,
              38.885560614713505
            ],
            [
              -77.02007201888699,
              38.88466139080801
            ]
          ]
        ]
      },
      "properties": {
        "tile_id": 350
      }
    },
    {
      "type": "Feature",
      "geometry": {
        "type": "Polygon",
        "coordinates": [
          [
            [
              -77.0189233746763,
              38.8846812634896
            ],
            [
              -77.01777472933198,
              38.88470112488117
            ],
            [
              -77.0178001754055,
              38.88560035005467
            ],
            [
              -77.01894883521138,
              38.885580488029284
            ],
            [
              -77.0189233746763,
              38.8846812634896
            ]
          ]
        ]
      },
      "properties": {
        "tile_id": 351
      }
    },
    {
      "type": "Feature",
      "geometry": {
        "type": "Polygon",
        "coordinates": [
          [
            [
              -77.01777472933198,
              38.88470112488117
            ],
            [
              -77.0166260828546,
              38.884720974982685
            ],
            [
              -77.01665151446655,
              38.88562020078965
            ],
            [
              -77.0178001754055,
              38.88560035005467
            ],
            [
              -77.01777472933198,
              38.88470112488117
            ]
          ]
        ]
      },
      "properties": {
        "tile_id": 352
      }
    },
    {
      "type": "Feature",
      "geometry": {
        "type": "Polygon",
        "coordinates": [
          [
            [
              -77.0166260828546,
              38.884720974982685
            ],
            [
              -77.01547743524486,
              38.88474081379411
            ],
            [
              -77.01550285239514,
              38.88564004023419
            ],
            [
              -77.01665151446655,
              38.88562020078965
            ],
            [
              -77.0166260828546,
              38.884720974982685
            ]
          ]
        ]
      },
      "properties": {
        "tile_id": 353
      }
    },
    {
      "type": "Feature",
      "geometry": {
        "type": "Polygon",
        "coordinates": [
          [
            [
              -77.01547743524486,
              38.88474081379411
            ],
            [
              -77.0143287865034,
              38.884760641315424
            ],
            [
              -77.01435418919198,
              38.88565986838824
            ],
            [
              -77.01550285239514,
              38.88564004023419
            ],
            [
              -77.01547743524486,
              38.88474081379411
            ]
          ]
        ]
      },
      "properties": {
        "tile_id": 354
      }
    },
    {
      "type": "Feature",
      "geometry": {
        "type": "Polygon",
        "coordinates": [
          [
            [
              -77.0143287865034,
              38.884760641315424
            ],
            [
              -77.01318013663082,
              38.88478045754658
            ],
            [
              -77.01320552485765,
              38.88567968525177
            ],
            [
              -77.01435418919198,
              38.88565986838824
            ],
            [
              -77.0143287865034,
              38.884760641315424
            ]
          ]
        ]
      },
      "properties": {
        "tile_id": 355
      }
    },
    {
      "type": "Feature",
      "geometry": {
        "type": "Polygon",
        "coordinates": [
          [
            [
              -77.01318013663082,
              38.88478045754658
            ],
            [
              -77.01203148562782,
              38.88480026248755
            ],
            [
              -77.01205685939283,
              38.88569949082478
            ],
            [
              -77.01320552485765,
              38.88567968525177
            ],
            [
              -77.01318013663082,
              38.88478045754658
            ]
          ]
        ]
      },
      "properties": {
        "tile_id": 356
      }
    },
    {
      "type": "Feature",
      "geometry": {
        "type": "Polygon",
        "coordinates": [
          [
            [
              -77.01203148562782,
              38.88480026248755
            ],
            [
              -77.010882833495,
              38.8848200561383
            ],
            [
              -77.01090819279814,
              38.885719285107186
            ],
            [
              -77.01205685939283,
              38.88569949082478
            ],
            [
              -77.01203148562782,
              38.88480026248755
            ]
          ]
        ]
      },
      "properties": {
        "tile_id": 357
      }
    },
    {
      "type": "Feature",
      "geometry": {
        "type": "Polygon",
        "coordinates": [
          [
            [
              -77.010882833495,
              38.8848200561383
            ],
            [
              -77.00973418023301,
              38.8848398384988
            ],
            [
              -77.00975952507424,
              38.88573906809899
            ],
            [
              -77.01090819279814,
              38.885719285107186
            ],
            [
              -77.010882833495,
              38.8848200561383
            ]
          ]
        ]
      },
      "properties": {
        "tile_id": 358
      }
    },
    {
      "type": "Feature",
      "geometry": {
        "type": "Polygon",
        "coordinates": [
          [
            [
              -77.00973418023301,
              38.8848398384988
            ],
            [
              -77.00858552584252,
              38.884859609569006
            ],
            [
              -77.00861085622176,
              38.88575883980015
            ],
            [
              -77.00975952507424,
              38.88573906809899
            ],
            [
              -77.00973418023301,
              38.8848398384988
            ]
          ]
        ]
      },
      "properties": {
        "tile_id": 359
      }
    },
    {
      "type": "Feature",
      "geometry": {
        "type": "Polygon",
        "coordinates": [
          [
            [
              -77.00858552584252,
              38.884859609569006
            ],
            [
              -77.00743687032414,
              38.88487936934889
            ],
            [
              -77.00746218624136,
              38.885778600210614
            ],
            [
              -77.00861085622176,
              38.88575883980015
            ],
            [
              -77.00858552584252,
              38.884859609569006
            ]
          ]
        ]
      },
      "properties": {
        "tile_id": 360
      }
    },
    {
      "type": "Feature",
      "geometry": {
        "type": "Polygon",
        "coordinates": [
          [
            [
              -77.00743687032414,
              38.88487936934889
            ],
            [
              -77.00628821367854,
              38.88489911783842
            ],
            [
              -77.00631351513367,
              38.88579834933037
            ],
            [
              -77.00746218624136,
              38.885778600210614
            ],
            [
              -77.00743687032414,
              38.88487936934889
            ]
          ]
        ]
      },
      "properties": {
        "tile_id": 361
      }
    },
    {
      "type": "Feature",
      "geometry": {
        "type": "Polygon",
        "coordinates": [
          [
            [
              -77.00628821367854,
              38.88489911783842
            ],
            [
              -77.00513955590635,
              38.88491885503758
            ],
            [
              -77.00516484289933,
              38.885818087159386
            ],
            [
              -77.00631351513367,
              38.88579834933037
            ],
            [
              -77.00628821367854,
              38.88489911783842
            ]
          ]
        ]
      },
      "properties": {
        "tile_id": 362
      }
    },
    {
      "type": "Feature",
      "geometry": {
        "type": "Polygon",
        "coordinates": [
          [
            [
              -77.00513955590635,
              38.88491885503758
            ],
            [
              -77.00399089700821,
              38.884938580946304
            ],
            [
              -77.00401616953899,
              38.88583781369762
            ],
            [
              -77.00516484289933,
              38.885818087159386
            ],
            [
              -77.00513955590635,
              38.88491885503758
            ]
          ]
        ]
      },
      "properties": {
        "tile_id": 363
      }
    },
    {
      "type": "Feature",
      "geometry": {
        "type": "Polygon",
        "coordinates": [
          [
            [
              -77.00399089700821,
              38.884938580946304
            ],
            [
              -77.00284223698476,
              38.88495829556458
            ],
            [
              -77.00286749505331,
              38.88585752894504
            ],
            [
              -77.00401616953899,
              38.88583781369762
            ],
            [
              -77.00399089700821,
              38.884938580946304
            ]
          ]
        ]
      },
      "properties": {
        "tile_id": 364
      }
    },
    {
      "type": "Feature",
      "geometry": {
        "type": "Polygon",
        "coordinates": [
          [
            [
              -77.00284223698476,
              38.88495829556458
            ],
            [
              -77.00169357583665,
              38.88497799889237
            ],
            [
              -77.00171881944289,
              38.885877232901606
            ],
            [
              -77.00286749505331,
              38.88585752894504
            ],
            [
              -77.00284223698476,
              38.88495829556458
            ]
          ]
        ]
      },
      "properties": {
        "tile_id": 365
      }
    },
    {
      "type": "Feature",
      "geometry": {
        "type": "Polygon",
        "coordinates": [
          [
            [
              -77.00169357583665,
              38.88497799889237
            ],
            [
              -77.00054491356454,
              38.88499769092962
            ],
            [
              -77.00057014270841,
              38.8858969255673
            ],
            [
              -77.00171881944289,
              38.885877232901606
            ],
            [
              -77.00169357583665,
              38.88497799889237
            ]
          ]
        ]
      },
      "properties": {
        "tile_id": 366
      }
    },
    {
      "type": "Feature",
      "geometry": {
        "type": "Polygon",
        "coordinates": [
          [
            [
              -77.00054491356454,
              38.88499769092962
            ],
            [
              -76.99939625016903,
              38.88501737167635
            ],
            [
              -76.99942146485049,
              38.885916606942075
            ],
            [
              -77.00057014270841,
              38.8858969255673
            ],
            [
              -77.00054491356454,
              38.88499769092962
            ]
          ]
        ]
      },
      "properties": {
        "tile_id": 367
      }
    },
    {
      "type": "Feature",
      "geometry": {
        "type": "Polygon",
        "coordinates": [
          [
            [
              -76.99939625016903,
              38.88501737167635
            ],
            [
              -76.99824758565082,
              38.88503704113247
            ],
            [
              -76.9982727858698,
              38.88593627702591
            ],
            [
              -76.99942146485049,
              38.885916606942075
            ],
            [
              -76.99939625016903,
              38.88501737167635
            ]
          ]
        ]
      },
      "properties": {
        "tile_id": 368
      }
    },
    {
      "type": "Feature",
      "geometry": {
        "type": "Polygon",
        "coordinates": [
          [
            [
              -76.99824758565082,
              38.88503704113247
            ],
            [
              -76.9970989200105,
              38.88505669929798
            ],
            [
              -76.99712410576696,
              38.88595593581876
            ],
            [
              -76.9982727858698,
              38.88593627702591
            ],
            [
              -76.99824758565082,
              38.88503704113247
            ]
          ]
        ]
      },
      "properties": {
        "tile_id": 369
      }
    },
    {
      "type": "Feature",
      "geometry": {
        "type": "Polygon",
        "coordinates": [
          [
            [
              -76.9970989200105,
              38.88505669929798
            ],
            [
              -76.99595025324874,
              38.88507634617282
            ],
            [
              -76.99597542454262,
              38.8859755833206
            ],
            [
              -76.99712410576696,
              38.88595593581876
            ],
            [
              -76.9970989200105,
              38.88505669929798
            ]
          ]
        ]
      },
      "properties": {
        "tile_id": 370
      }
    },
    {
      "type": "Feature",
      "geometry": {
        "type": "Polygon",
        "coordinates": [
          [
            [
              -76.99595025324874,
              38.88507634617282
            ],
            [
              -76.99480158536618,
              38.885095981757004
            ],
            [
              -76.99482674219743,
              38.88599521953139
            ],
            [
              -76.99597542454262,
              38.8859755833206
            ],
            [
              -76.99595025324874,
              38.88507634617282
            ]
          ]
        ]
      },
      "properties": {
        "tile_id": 371
      }
    },
    {
      "type": "Feature",
      "geometry": {
        "type": "Polygon",
        "coordinates": [
          [
            [
              -76.99480158536618,
              38.885095981757004
            ],
            [
              -76.99365291636346,
              38.88511560605045
            ],
            [
              -76.99367805873202,
              38.886014844451104
            ],
            [
              -76.99482674219743,
              38.88599521953139
            ],
            [
              -76.99480158536618,
              38.885095981757004
            ]
          ]
        ]
      },
      "properties": {
        "tile_id": 372
      }
    },
    {
      "type": "Feature",
      "geometry": {
        "type": "Polygon",
        "coordinates": [
          [
            [
              -76.99365291636346,
              38.88511560605045
            ],
            [
              -76.99250424624123,
              38.88513521905315
            ],
            [
              -76.99252937414704,
              38.886034458079706
            ],
            [
              -76.99367805873202,
              38.886014844451104
            ],
            [
              -76.99365291636346,
              38.88511560605045
            ]
          ]
        ]
      },
      "properties": {
        "tile_id": 373
      }
    },
    {
      "type": "Feature",
      "geometry": {
        "type": "Polygon",
        "coordinates": [
          [
            [
              -77.0304353708096,
              38.885381246810034
            ],
            [
              -77.02928672236983,
              38.88540122173771
            ],
            [
              -77.02931231419943,
              38.88630044040374
            ],
            [
              -77.03046097710083,
              38.88628046483861
            ],
            [
              -77.0304353708096,
              38.885381246810034
            ]
          ]
        ]
      },
      "properties": {
        "tile_id": 374
      }
    },
    {
      "type": "Feature",
      "geometry": {
        "type": "Polygon",
        "coordinates": [
          [
            [
              -77.02928672236983,
              38.88540122173771
            ],
            [
              -77.02813807279057,
              38.88542118537531
            ],
            [
              -77.02816365015849,
              38.88632040467841
            ],
            [
              -77.02931231419943,
              38.88630044040374
            ],
            [
              -77.02928672236983,
              38.88540122173771
            ]
          ]
        ]
      },
      "properties": {
        "tile_id": 375
      }
    },
    {
      "type": "Feature",
      "geometry": {
        "type": "Polygon",
        "coordinates": [
          [
            [
              -77.02813807279057,
              38.88542118537531
            ],
            [
              -77.02698942207242,
              38.88544113772279
            ],
            [
              -77.02701498497862,
              38.88634035766262
            ],
            [
              -77.02816365015849,
              38.88632040467841
            ],
            [
              -77.02813807279057,
              38.88542118537531
            ]
          ]
        ]
      },
      "properties": {
        "tile_id": 376
      }
    },
    {
      "type": "Feature",
      "geometry": {
        "type": "Polygon",
        "coordinates": [
          [
            [
              -77.02698942207242,
              38.88544113772279
            ],
            [
              -77.02584077021608,
              38.88546107878013
            ],
            [
              -77.02586631866046,
              38.886360299356326
            ],
            [
              -77.02701498497862,
              38.88634035766262
            ],
            [
              -77.02698942207242,
              38.88544113772279
            ]
          ]
        ]
      },
      "properties": {
        "tile_id": 377
      }
    },
    {
      "type": "Feature",
      "geometry": {
        "type": "Polygon",
        "coordinates": [
          [
            [
              -77.02584077021608,
              38.88546107878013
            ],
            [
              -77.02469211722214,
              38.885481008547295
            ],
            [
              -77.0247176512047,
              38.886380229759475
            ],
            [
              -77.02586631866046,
              38.886360299356326
            ],
            [
              -77.02584077021608,
              38.88546107878013
            ]
          ]
        ]
      },
      "properties": {
        "tile_id": 378
      }
    },
    {
      "type": "Feature",
      "geometry": {
        "type": "Polygon",
        "coordinates": [
          [
            [
              -77.02469211722214,
              38.885481008547295
            ],
            [
              -77.02354346309129,
              38.88550092702426
            ],
            [
              -77.02356898261193,
              38.88640014887207
            ],
            [
              -77.0247176512047,
              38.886380229759475
            ],
            [
              -77.02469211722214,
              38.885481008547295
            ]
          ]
        ]
      },
      "properties": {
        "tile_id": 379
      }
    },
    {
      "type": "Feature",
      "geometry": {
        "type": "Polygon",
        "coordinates": [
          [
            [
              -77.02354346309129,
              38.88550092702426
            ],
            [
              -77.02239480782414,
              38.885520834210965
            ],
            [
              -77.02242031288282,
              38.886420056694064
            ],
            [
              -77.02356898261193,
              38.88640014887207
            ],
            [
              -77.02354346309129,
              38.88550092702426
            ]
          ]
        ]
      },
      "properties": {
        "tile_id": 380
      }
    },
    {
      "type": "Feature",
      "geometry": {
        "type": "Polygon",
        "coordinates": [
          [
            [
              -77.02239480782414,
              38.885520834210965
            ],
            [
              -77.02124615142135,
              38.88554073010739
            ],
            [
              -77.021271642018,
              38.88643995322541
            ],
            [
              -77.02242031288282,
              38.886420056694064
            ],
            [
              -77.02239480782414,
              38.885520834210965
            ]
          ]
        ]
      },
      "properties": {
        "tile_id": 381
      }
    },
    {
      "type": "Feature",
      "geometry": {
        "type": "Polygon",
        "coordinates": [
          [
            [
              -77.02124615142135,
              38.88554073010739
            ],
            [
              -77.02009749388354,
              38.885560614713505
            ],
            [
              -77.02012297001812,
              38.88645983846609
            ],
            [
              -77.021271642018,
              38.88643995322541
            ],
            [
              -77.02124615142135,
              38.88554073010739
            ]
          ]
        ]
      },
      "properties": {
        "tile_id": 382
      }
    },
    {
      "type": "Feature",
      "geometry": {
        "type": "Polygon",
        "coordinates": [
          [
            [
              -77.02009749388354,
              38.885560614713505
            ],
            [
              -77.01894883521138,
              38.885580488029284
            ],
            [
              -77.01897429688383,
              38.886479712416055
            ],
            [
              -77.02012297001812,
              38.88645983846609
            ],
            [
              -77.02009749388354,
              38.885560614713505
            ]
          ]
        ]
      },
      "properties": {
        "tile_id": 383
      }
    },
    {
      "type": "Feature",
      "geometry": {
        "type": "Polygon",
        "coordinates": [
          [
            [
              -77.01894883521138,
              38.885580488029284
            ],
            [
              -77.0178001754055,
              38.88560035005467
            ],
            [
              -77.01782562261577,
              38.886499575075284
            ],
            [
              -77.01897429688383,
              38.886479712416055
            ],
            [
              -77.01894883521138,
              38.885580488029284
            ]
          ]
        ]
      },
      "properties": {
        "tile_id": 384
      }
    },
    {
      "type": "Feature",
      "geometry": {
        "type": "Polygon",
        "coordinates": [
          [
            [
              -77.0178001754055,
              38.88560035005467
            ],
            [
              -77.01665151446655,
              38.88562020078965
            ],
            [
              -77.01667694721458,
              38.886519426443755
            ],
            [
              -77.01782562261577,
              38.886499575075284
            ],
            [
              -77.0178001754055,
              38.88560035005467
            ]
          ]
        ]
      },
      "properties": {
        "tile_id": 385
      }
    },
    {
      "type": "Feature",
      "geometry": {
        "type": "Polygon",
        "coordinates": [
          [
            [
              -77.01665151446655,
              38.88562020078965
            ],
            [
              -77.01550285239514,
              38.88564004023419
            ],
            [
              -77.0155282706809,
              38.8865392665214
            ],
            [
              -77.01667694721458,
              38.886519426443755
            ],
            [
              -77.01665151446655,
              38.88562020078965
            ]
          ]
        ]
      },
      "properties": {
        "tile_id": 386
      }
    },
    {
      "type": "Feature",
      "geometry": {
        "type": "Polygon",
        "coordinates": [
          [
            [
              -77.01550285239514,
              38.88564004023419
            ],
            [
              -77.01435418919198,
              38.88565986838824
            ],
            [
              -77.01437959301538,
              38.88655909530822
            ],
            [
              -77.0155282706809,
              38.8865392665214
            ],
            [
              -77.01550285239514,
              38.88564004023419
            ]
          ]
        ]
      },
      "properties": {
        "tile_id": 387
      }
    },
    {
      "type": "Feature",
      "geometry": {
        "type": "Polygon",
        "coordinates": [
          [
            [
              -77.01435418919198,
              38.88565986838824
            ],
            [
              -77.01320552485765,
              38.88567968525177
            ],
            [
              -77.01323091421865,
              38.886578912804154
            ],
            [
              -77.01437959301538,
              38.88655909530822
            ],
            [
              -77.01435418919198,
              38.88565986838824
            ]
          ]
        ]
      },
      "properties": {
        "tile_id": 388
      }
    },
    {
      "type": "Feature",
      "geometry": {
        "type": "Polygon",
        "coordinates": [
          [
            [
              -77.01320552485765,
              38.88567968525177
            ],
            [
              -77.01205685939283,
              38.88569949082478
            ],
            [
              -77.01208223429137,
              38.88659871900919
            ],
            [
              -77.01323091421865,
              38.886578912804154
            ],
            [
              -77.01320552485765,
              38.88567968525177
            ]
          ]
        ]
      },
      "properties": {
        "tile_id": 389
      }
    },
    {
      "type": "Feature",
      "geometry": {
        "type": "Polygon",
        "coordinates": [
          [
            [
              -77.01205685939283,
              38.88569949082478
            ],
            [
              -77.01090819279814,
              38.885719285107186
            ],
            [
              -77.01093355323417,
              38.88661851392328
            ],
            [
              -77.01208223429137,
              38.88659871900919
            ],
            [
              -77.01205685939283,
              38.88569949082478
            ]
          ]
        ]
      },
      "properties": {
        "tile_id": 390
      }
    },
    {
      "type": "Feature",
      "geometry": {
        "type": "Polygon",
        "coordinates": [
          [
            [
              -77.01090819279814,
              38.885719285107186
            ],
            [
              -77.00975952507424,
              38.88573906809899
            ],
            [
              -77.0097848710477,
              38.88663829754641
            ],
            [
              -77.01093355323417,
              38.88661851392328
            ],
            [
              -77.01090819279814,
              38.885719285107186
            ]
          ]
        ]
      },
      "properties": {
        "tile_id": 391
      }
    },
    {
      "type": "Feature",
      "geometry": {
        "type": "Polygon",
        "coordinates": [
          [
            [
              -77.00975952507424,
              38.88573906809899
            ],
            [
              -77.00861085622176,
              38.88575883980015
            ],
            [
              -77.0086361877326,
              38.88665806987851
            ],
            [
              -77.0097848710477,
              38.88663829754641
            ],
            [
              -77.00975952507424,
              38.88573906809899
            ]
          ]
        ]
      },
      "properties": {
        "tile_id": 392
      }
    },
    {
      "type": "Feature",
      "geometry": {
        "type": "Polygon",
        "coordinates": [
          [
            [
              -77.00861085622176,
              38.88575883980015
            ],
            [
              -77.00746218624136,
              38.885778600210614
            ],
            [
              -77.00748750328952,
              38.88667783091958
            ],
            [
              -77.0086361877326,
              38.88665806987851
            ],
            [
              -77.00861085622176,
              38.88575883980015
            ]
          ]
        ]
      },
      "properties": {
        "tile_id": 393
      }
    },
    {
      "type": "Feature",
      "geometry": {
        "type": "Polygon",
        "coordinates": [
          [
            [
              -77.00746218624136,
              38.885778600210614
            ],
            [
              -77.00631351513367,
              38.88579834933037
            ],
            [
              -77.0063388177191,
              38.88669758066958
            ],
            [
              -77.00748750328952,
              38.88667783091958
            ],
            [
              -77.00746218624136,
              38.885778600210614
            ]
          ]
        ]
      },
      "properties": {
        "tile_id": 394
      }
    },
    {
      "type": "Feature",
      "geometry": {
        "type": "Polygon",
        "coordinates": [
          [
            [
              -77.00631351513367,
              38.88579834933037
            ],
            [
              -77.00516484289933,
              38.885818087159386
            ],
            [
              -77.00519013102198,
              38.88671731912847
            ],
            [
              -77.0063388177191,
              38.88669758066958
            ],
            [
              -77.00631351513367,
              38.88579834933037
            ]
          ]
        ]
      },
      "properties": {
        "tile_id": 395
      }
    },
    {
      "type": "Feature",
      "geometry": {
        "type": "Polygon",
        "coordinates": [
          [
            [
              -77.00516484289933,
              38.885818087159386
            ],
            [
              -77.00401616953899,
              38.88583781369762
            ],
            [
              -77.0040414431988,
              38.88673704629623
            ],
            [
              -77.00519013102198,
              38.88671731912847
            ],
            [
              -77.00516484289933,
              38.885818087159386
            ]
          ]
        ]
      },
      "properties": {
        "tile_id": 396
      }
    },
    {
      "type": "Feature",
      "geometry": {
        "type": "Polygon",
        "coordinates": [
          [
            [
              -77.00401616953899,
              38.88583781369762
            ],
            [
              -77.00286749505331,
              38.88585752894504
            ],
            [
              -77.0028927542502,
              38.88675676217281
            ],
            [
              -77.0040414431988,
              38.88673704629623
            ],
            [
              -77.00401616953899,
              38.88583781369762
            ]
          ]
        ]
      },
      "properties": {
        "tile_id": 397
      }
    },
    {
      "type": "Feature",
      "geometry": {
        "type": "Polygon",
        "coordinates": [
          [
            [
              -77.00286749505331,
              38.88585752894504
            ],
            [
              -77.00171881944289,
              38.885877232901606
            ],
            [
              -77.00174406417685,
              38.88677646675818
            ],
            [
              -77.0028927542502,
              38.88675676217281
            ],
            [
              -77.00286749505331,
              38.88585752894504
            ]
          ]
        ]
      },
      "properties": {
        "tile_id": 398
      }
    },
    {
      "type": "Feature",
      "geometry": {
        "type": "Polygon",
        "coordinates": [
          [
            [
              -77.00171881944289,
              38.885877232901606
            ],
            [
              -77.00057014270841,
              38.8858969255673
            ],
            [
              -77.00059537297935,
              38.886796160052306
            ],
            [
              -77.00174406417685,
              38.88677646675818
            ],
            [
              -77.00171881944289,
              38.885877232901606
            ]
          ]
        ]
      },
      "properties": {
        "tile_id": 399
      }
    },
    {
      "type": "Feature",
      "geometry": {
        "type": "Polygon",
        "coordinates": [
          [
            [
              -77.00057014270841,
              38.8858969255673
            ],
            [
              -76.99942146485049,
              38.885916606942075
            ],
            [
              -76.9994466806584,
              38.886815842055164
            ],
            [
              -77.00059537297935,
              38.886796160052306
            ],
            [
              -77.00057014270841,
              38.8858969255673
            ]
          ]
        ]
      },
      "properties": {
        "tile_id": 400
      }
    },
    {
      "type": "Feature",
      "geometry": {
        "type": "Polygon",
        "coordinates": [
          [
            [
              -76.99942146485049,
              38.885916606942075
            ],
            [
              -76.9982727858698,
              38.88593627702591
            ],
            [
              -76.99829798721457,
              38.886835512766716
            ],
            [
              -76.9994466806584,
              38.886815842055164
            ],
            [
              -76.99942146485049,
              38.885916606942075
            ]
          ]
        ]
      },
      "properties": {
        "tile_id": 401
      }
    },
    {
      "type": "Feature",
      "geometry": {
        "type": "Polygon",
        "coordinates": [
          [
            [
              -76.9982727858698,
              38.88593627702591
            ],
            [
              -76.99712410576696,
              38.88595593581876
            ],
            [
              -76.99714929264857,
              38.88685517218693
            ],
            [
              -76.99829798721457,
              38.886835512766716
            ],
            [
              -76.9982727858698,
              38.88593627702591
            ]
          ]
        ]
      },
      "properties": {
        "tile_id": 402
      }
    },
    {
      "type": "Feature",
      "geometry": {
        "type": "Polygon",
        "coordinates": [
          [
            [
              -76.99712410576696,
              38.88595593581876
            ],
            [
              -76.99597542454262,
              38.8859755833206
            ],
            [
              -76.996000596961,
              38.88687482031577
            ],
            [
              -76.99714929264857,
              38.88685517218693
            ],
            [
              -76.99712410576696,
              38.88595593581876
            ]
          ]
        ]
      },
      "properties": {
        "tile_id": 403
      }
    },
    {
      "type": "Feature",
      "geometry": {
        "type": "Polygon",
        "coordinates": [
          [
            [
              -76.99597542454262,
              38.8859755833206
            ],
            [
              -76.99482674219743,
              38.88599521953139
            ],
            [
              -76.99485190015253,
              38.886894457153204
            ],
            [
              -76.996000596961,
              38.88687482031577
            ],
            [
              -76.99597542454262,
              38.8859755833206
            ]
          ]
        ]
      },
      "properties": {
        "tile_id": 404
      }
    },
    {
      "type": "Feature",
      "geometry": {
        "type": "Polygon",
        "coordinates": [
          [
            [
              -76.99482674219743,
              38.88599521953139
            ],
            [
              -76.99367805873202,
              38.886014844451104
            ],
            [
              -76.99370320222378,
              38.88691408269919
            ],
            [
              -76.99485190015253,
              38.886894457153204
            ],
            [
              -76.99482674219743,
              38.88599521953139
            ]
          ]
        ]
      },
      "properties": {
        "tile_id": 405
      }
    },
    {
      "type": "Feature",
      "geometry": {
        "type": "Polygon",
        "coordinates": [
          [
            [
              -76.99367805873202,
              38.886014844451104
            ],
            [
              -76.99252937414704,
              38.886034458079706
            ],
            [
              -76.99255450317543,
              38.88693369695372
            ],
            [
              -76.99370320222378,
              38.88691408269919
            ],
            [
              -76.99367805873202,
              38.886014844451104
            ]
          ]
        ]
      },
      "properties": {
        "tile_id": 406
      }
    },
    {
      "type": "Feature",
      "geometry": {
        "type": "Polygon",
        "coordinates": [
          [
            [
              -77.03046097710083,
              38.88628046483861
            ],
            [
              -77.02931231419943,
              38.88630044040374
            ],
            [
              -77.0293379071723,
              38.887199658916686
            ],
            [
              -77.03048658453596,
              38.88717968271412
            ],
            [
              -77.03046097710083,
              38.88628046483861
            ]
          ]
        ]
      },
      "properties": {
        "tile_id": 407
      }
    },
    {
      "type": "Feature",
      "geometry": {
        "type": "Polygon",
        "coordinates": [
          [
            [
              -77.02931231419943,
              38.88630044040374
            ],
            [
              -77.02816365015849,
              38.88632040467841
            ],
            [
              -77.02818922866902,
              38.88721962382845
            ],
            [
              -77.0293379071723,
              38.887199658916686
            ],
            [
              -77.02931231419943,
              38.88630044040374
            ]
          ]
        ]
      },
      "properties": {
        "tile_id": 408
      }
    },
    {
      "type": "Feature",
      "geometry": {
        "type": "Polygon",
        "coordinates": [
          [
            [
              -77.02816365015849,
              38.88632040467841
            ],
            [
              -77.02701498497862,
              38.88634035766262
            ],
            [
              -77.02704054902676,
              38.8872395774494
            ],
            [
              -77.02818922866902,
              38.88721962382845
            ],
            [
              -77.02816365015849,
              38.88632040467841
            ]
          ]
        ]
      },
      "properties": {
        "tile_id": 409
      }
    },
    {
      "type": "Feature",
      "geometry": {
        "type": "Polygon",
        "coordinates": [
          [
            [
              -77.02701498497862,
              38.88634035766262
            ],
            [
              -77.02586631866046,
              38.886360299356326
            ],
            [
              -77.02589186824618,
              38.88725951977947
            ],
            [
              -77.02704054902676,
              38.8872395774494
            ],
            [
              -77.02701498497862,
              38.88634035766262
            ]
          ]
        ]
      },
      "properties": {
        "tile_id": 410
      }
    },
    {
      "type": "Feature",
      "geometry": {
        "type": "Polygon",
        "coordinates": [
          [
            [
              -77.02586631866046,
              38.886360299356326
            ],
            [
              -77.0247176512047,
              38.886380229759475
            ],
            [
              -77.02474318632791,
              38.88727945081865
            ],
            [
              -77.02589186824618,
              38.88725951977947
            ],
            [
              -77.02586631866046,
              38.886360299356326
            ]
          ]
        ]
      },
      "properties": {
        "tile_id": 411
      }
    },
    {
      "type": "Feature",
      "geometry": {
        "type": "Polygon",
        "coordinates": [
          [
            [
              -77.0247176512047,
              38.886380229759475
            ],
            [
              -77.02356898261193,
              38.88640014887207
            ],
            [
              -77.02359450327259,
              38.88729937056689
            ],
            [
              -77.02474318632791,
              38.88727945081865
            ],
            [
              -77.0247176512047,
              38.886380229759475
            ]
          ]
        ]
      },
      "properties": {
        "tile_id": 412
      }
    },
    {
      "type": "Feature",
      "geometry": {
        "type": "Polygon",
        "coordinates": [
          [
            [
              -77.02356898261193,
              38.88640014887207
            ],
            [
              -77.02242031288282,
              38.886420056694064
            ],
            [
              -77.02244581908087,
              38.887319279024176
            ],
            [
              -77.02359450327259,
              38.88729937056689
            ],
            [
              -77.02356898261193,
              38.88640014887207
            ]
          ]
        ]
      },
      "properties": {
        "tile_id": 413
      }
    },
    {
      "type": "Feature",
      "geometry": {
        "type": "Polygon",
        "coordinates": [
          [
            [
              -77.02242031288282,
              38.886420056694064
            ],
            [
              -77.021271642018,
              38.88643995322541
            ],
            [
              -77.0212971337534,
              38.88733917619047
            ],
            [
              -77.02244581908087,
              38.887319279024176
            ],
            [
              -77.02242031288282,
              38.886420056694064
            ]
          ]
        ]
      },
      "properties": {
        "tile_id": 414
      }
    },
    {
      "type": "Feature",
      "geometry": {
        "type": "Polygon",
        "coordinates": [
          [
            [
              -77.021271642018,
              38.88643995322541
            ],
            [
              -77.02012297001812,
              38.88645983846609
            ],
            [
              -77.02014844729081,
              38.88735906206572
            ],
            [
              -77.0212971337534,
              38.88733917619047
            ],
            [
              -77.021271642018,
              38.88643995322541
            ]
          ]
        ]
      },
      "properties": {
        "tile_id": 415
      }
    },
    {
      "type": "Feature",
      "geometry": {
        "type": "Polygon",
        "coordinates": [
          [
            [
              -77.02012297001812,
              38.88645983846609
            ],
            [
              -77.01897429688383,
              38.886479712416055
            ],
            [
              -77.01899975969374,
              38.88737893664991
            ],
            [
              -77.02014844729081,
              38.88735906206572
            ],
            [
              -77.02012297001812,
              38.88645983846609
            ]
          ]
        ]
      },
      "properties": {
        "tile_id": 416
      }
    },
    {
      "type": "Feature",
      "geometry": {
        "type": "Polygon",
        "coordinates": [
          [
            [
              -77.01897429688383,
              38.886479712416055
            ],
            [
              -77.01782562261577,
              38.886499575075284
            ],
            [
              -77.01785107096286,
              38.88739879994299
            ],
            [
              -77.01899975969374,
              38.88737893664991
            ],
            [
              -77.01897429688383,
              38.886479712416055
            ]
          ]
        ]
      },
      "properties": {
        "tile_id": 417
      }
    },
    {
      "type": "Feature",
      "geometry": {
        "type": "Polygon",
        "coordinates": [
          [
            [
              -77.01782562261577,
              38.886499575075284
            ],
            [
              -77.01667694721458,
              38.886519426443755
            ],
            [
              -77.01670238109878,
              38.88741865194495
            ],
            [
              -77.01785107096286,
              38.88739879994299
            ],
            [
              -77.01782562261577,
              38.886499575075284
            ]
          ]
        ]
      },
      "properties": {
        "tile_id": 418
      }
    },
    {
      "type": "Feature",
      "geometry": {
        "type": "Polygon",
        "coordinates": [
          [
            [
              -77.01667694721458,
              38.886519426443755
            ],
            [
              -77.0155282706809,
              38.8865392665214
            ],
            [
              -77.01555369010217,
              38.88743849265574
            ],
            [
              -77.01670238109878,
              38.88741865194495
            ],
            [
              -77.01667694721458,
              38.886519426443755
            ]
          ]
        ]
      },
      "properties": {
        "tile_id": 419
      }
    },
    {
      "type": "Feature",
      "geometry": {
        "type": "Polygon",
        "coordinates": [
          [
            [
              -77.0155282706809,
              38.8865392665214
            ],
            [
              -77.01437959301538,
              38.88655909530822
            ],
            [
              -77.01440499797366,
              38.887458322075325
            ],
            [
              -77.01555369010217,
              38.88743849265574
            ],
            [
              -77.0155282706809,
              38.8865392665214
            ]
          ]
        ]
      },
      "properties": {
        "tile_id": 420
      }
    },
    {
      "type": "Feature",
      "geometry": {
        "type": "Polygon",
        "coordinates": [
          [
            [
              -77.01437959301538,
              38.88655909530822
            ],
            [
              -77.01323091421865,
              38.886578912804154
            ],
            [
              -77.01325630471388,
              38.887478140203676
            ],
            [
              -77.01440499797366,
              38.887458322075325
            ],
            [
              -77.01437959301538,
              38.88655909530822
            ]
          ]
        ]
      },
      "properties": {
        "tile_id": 421
      }
    },
    {
      "type": "Feature",
      "geometry": {
        "type": "Polygon",
        "coordinates": [
          [
            [
              -77.01323091421865,
              38.886578912804154
            ],
            [
              -77.01208223429137,
              38.88659871900919
            ],
            [
              -77.0121076103235,
              38.887497947040764
            ],
            [
              -77.01325630471389,
              38.887478140203676
            ],
            [
              -77.01323091421865,
              38.886578912804154
            ]
          ]
        ]
      },
      "properties": {
        "tile_id": 422
      }
    },
    {
      "type": "Feature",
      "geometry": {
        "type": "Polygon",
        "coordinates": [
          [
            [
              -77.01208223429137,
              38.88659871900919
            ],
            [
              -77.01093355323417,
              38.88661851392328
            ],
            [
              -77.01095891480314,
              38.88751774258655
            ],
            [
              -77.0121076103235,
              38.887497947040764
            ],
            [
              -77.01208223429137,
              38.88659871900919
            ]
          ]
        ]
      },
      "properties": {
        "tile_id": 423
      }
    },
    {
      "type": "Feature",
      "geometry": {
        "type": "Polygon",
        "coordinates": [
          [
            [
              -77.01093355323417,
              38.88661851392328
            ],
            [
              -77.0097848710477,
              38.88663829754641
            ],
            [
              -77.00981021815346,
              38.887537526841015
            ],
            [
              -77.01095891480314,
              38.88751774258655
            ],
            [
              -77.01093355323417,
              38.88661851392328
            ]
          ]
        ]
      },
      "properties": {
        "tile_id": 424
      }
    },
    {
      "type": "Feature",
      "geometry": {
        "type": "Polygon",
        "coordinates": [
          [
            [
              -77.0097848710477,
              38.88663829754641
            ],
            [
              -77.0086361877326,
              38.88665806987851
            ],
            [
              -77.0086615203751,
              38.8875572998041
            ],
            [
              -77.00981021815346,
              38.887537526841015
            ],
            [
              -77.0097848710477,
              38.88663829754641
            ]
          ]
        ]
      },
      "properties": {
        "tile_id": 425
      }
    },
    {
      "type": "Feature",
      "geometry": {
        "type": "Polygon",
        "coordinates": [
          [
            [
              -77.0086361877326,
              38.88665806987851
            ],
            [
              -77.00748750328952,
              38.88667783091958
            ],
            [
              -77.0075128214687,
              38.88757706147579
            ],
            [
              -77.0086615203751,
              38.8875572998041
            ],
            [
              -77.0086361877326,
              38.88665806987851
            ]
          ]
        ]
      },
      "properties": {
        "tile_id": 426
      }
    },
    {
      "type": "Feature",
      "geometry": {
        "type": "Polygon",
        "coordinates": [
          [
            [
              -77.00748750328952,
              38.88667783091958
            ],
            [
              -77.0063388177191,
              38.88669758066958
            ],
            [
              -77.0063641214349,
              38.887596811856035
            ],
            [
              -77.0075128214687,
              38.88757706147579
            ],
            [
              -77.00748750328952,
              38.88667783091958
            ]
          ]
        ]
      },
      "properties": {
        "tile_id": 427
      }
    },
    {
      "type": "Feature",
      "geometry": {
        "type": "Polygon",
        "coordinates": [
          [
            [
              -77.0063388177191,
              38.88669758066958
            ],
            [
              -77.00519013102198,
              38.88671731912847
            ],
            [
              -77.00521542027434,
              38.887616550944834
            ],
            [
              -77.0063641214349,
              38.887596811856035
            ],
            [
              -77.0063388177191,
              38.88669758066958
            ]
          ]
        ]
      },
      "properties": {
        "tile_id": 428
      }
    },
    {
      "type": "Feature",
      "geometry": {
        "type": "Polygon",
        "coordinates": [
          [
            [
              -77.00519013102198,
              38.88671731912847
            ],
            [
              -77.0040414431988,
              38.88673704629623
            ],
            [
              -77.00406671798767,
              38.88763627874211
            ],
            [
              -77.00521542027434,
              38.887616550944834
            ],
            [
              -77.00519013102198,
              38.88671731912847
            ]
          ]
        ]
      },
      "properties": {
        "tile_id": 429
      }
    },
    {
      "type": "Feature",
      "geometry": {
        "type": "Polygon",
        "coordinates": [
          [
            [
              -77.0040414431988,
              38.88673704629623
            ],
            [
              -77.0028927542502,
              38.88675676217281
            ],
            [
              -77.00291801457553,
              38.88765599524787
            ],
            [
              -77.00406671798767,
              38.88763627874211
            ],
            [
              -77.0040414431988,
              38.88673704629623
            ]
          ]
        ]
      },
      "properties": {
        "tile_id": 430
      }
    },
    {
      "type": "Feature",
      "geometry": {
        "type": "Polygon",
        "coordinates": [
          [
            [
              -77.0028927542502,
              38.88675676217281
            ],
            [
              -77.00174406417685,
              38.88677646675818
            ],
            [
              -77.00176931003858,
              38.88767570046206
            ],
            [
              -77.00291801457553,
              38.88765599524787
            ],
            [
              -77.0028927542502,
              38.88675676217281
            ]
          ]
        ]
      },
      "properties": {
        "tile_id": 431
      }
    },
    {
      "type": "Feature",
      "geometry": {
        "type": "Polygon",
        "coordinates": [
          [
            [
              -77.00174406417685,
              38.88677646675818
            ],
            [
              -77.00059537297935,
              38.886796160052306
            ],
            [
              -77.00062060437743,
              38.887695394384636
            ],
            [
              -77.00176931003858,
              38.88767570046206
            ],
            [
              -77.00174406417685,
              38.88677646675818
            ]
          ]
        ]
      },
      "properties": {
        "tile_id": 432
      }
    },
    {
      "type": "Feature",
      "geometry": {
        "type": "Polygon",
        "coordinates": [
          [
            [
              -77.00059537297935,
              38.886796160052306
            ],
            [
              -76.9994466806584,
              38.886815842055164
            ],
            [
              -76.99947189759276,
              38.88771507701559
            ],
            [
              -77.00062060437743,
              38.887695394384636
            ],
            [
              -77.00059537297935,
              38.886796160052306
            ]
          ]
        ]
      },
      "properties": {
        "tile_id": 433
      }
    },
    {
      "type": "Feature",
      "geometry": {
        "type": "Polygon",
        "coordinates": [
          [
            [
              -76.9994466806584,
              38.886815842055164
            ],
            [
              -76.99829798721457,
              38.886835512766716
            ],
            [
              -76.99832318968518,
              38.88773474835489
            ],
            [
              -76.99947189759276,
              38.88771507701559
            ],
            [
              -76.9994466806584,
              38.886815842055164
            ]
          ]
        ]
      },
      "properties": {
        "tile_id": 434
      }
    },
    {
      "type": "Feature",
      "geometry": {
        "type": "Polygon",
        "coordinates": [
          [
            [
              -76.99829798721457,
              38.886835512766716
            ],
            [
              -76.99714929264857,
              38.88685517218693
            ],
            [
              -76.99717448065536,
              38.887754408402465
            ],
            [
              -76.99832318968518,
              38.88773474835489
            ],
            [
              -76.99829798721457,
              38.886835512766716
            ]
          ]
        ]
      },
      "properties": {
        "tile_id": 435
      }
    },
    {
      "type": "Feature",
      "geometry": {
        "type": "Polygon",
        "coordinates": [
          [
            [
              -76.99714929264857,
              38.88685517218693
            ],
            [
              -76.996000596961,
              38.88687482031577
            ],
            [
              -76.99602577050393,
              38.887774057158325
            ],
            [
              -76.99717448065536,
              38.887754408402465
            ],
            [
              -76.99714929264857,
              38.88685517218693
            ]
          ]
        ]
      },
      "properties": {
        "tile_id": 436
      }
    },
    {
      "type": "Feature",
      "geometry": {
        "type": "Polygon",
        "coordinates": [
          [
            [
              -76.996000596961,
              38.88687482031577
            ],
            [
              -76.99485190015253,
              38.886894457153204
            ],
            [
              -76.99487705923153,
              38.88779369462242
            ],
            [
              -76.99602577050393,
              38.887774057158325
            ],
            [
              -76.996000596961,
              38.88687482031577
            ]
          ]
        ]
      },
      "properties": {
        "tile_id": 437
      }
    },
    {
      "type": "Feature",
      "geometry": {
        "type": "Polygon",
        "coordinates": [
          [
            [
              -76.99485190015253,
              38.886894457153204
            ],
            [
              -76.99370320222378,
              38.88691408269919
            ],
            [
              -76.99372834683881,
              38.8878133207947
            ],
            [
              -76.99487705923153,
              38.88779369462242
            ],
            [
              -76.99485190015253,
              38.886894457153204
            ]
          ]
        ]
      },
      "properties": {
        "tile_id": 438
      }
    },
    {
      "type": "Feature",
      "geometry": {
        "type": "Polygon",
        "coordinates": [
          [
            [
              -76.99370320222378,
              38.88691408269919
            ],
            [
              -76.99255450317543,
              38.88693369695372
            ],
            [
              -76.9925796333264,
              38.88783293567515
            ],
            [
              -76.99372834683881,
              38.8878133207947
            ],
            [
              -76.99370320222378,
              38.88691408269919
            ]
          ]
        ]
      },
      "properties": {
        "tile_id": 439
      }
    },
    {
      "type": "Feature",
      "geometry": {
        "type": "Polygon",
        "coordinates": [
          [
            [
              -77.03048658453596,
              38.88717968271412
            ],
            [
              -77.0293379071723,
              38.887199658916686
            ],
            [
              -77.02936350128849,
              38.888098877276576
            ],
            [
              -77.03051219311507,
              38.88807890043655
            ],
            [
              -77.03048658453596,
              38.88717968271412
            ]
          ]
        ]
      },
      "properties": {
        "tile_id": 440
      }
    },
    {
      "type": "Feature",
      "geometry": {
        "type": "Polygon",
        "coordinates": [
          [
            [
              -77.0293379071723,
              38.887199658916686
            ],
            [
              -77.02818922866902,
              38.88721962382845
            ],
            [
              -77.02821480832223,
              38.88811884282547
            ],
            [
              -77.02936350128849,
              38.888098877276576
            ],
            [
              -77.0293379071723,
              38.887199658916686
            ]
          ]
        ]
      },
      "properties": {
        "tile_id": 441
      }
    },
    {
      "type": "Feature",
      "geometry": {
        "type": "Polygon",
        "coordinates": [
          [
            [
              -77.02818922866902,
              38.88721962382845
            ],
            [
              -77.02704054902676,
              38.8872395774494
            ],
            [
              -77.02706611421695,
              38.88813879708315
            ],
            [
              -77.02821480832223,
              38.88811884282547
            ],
            [
              -77.02818922866902,
              38.88721962382845
            ]
          ]
        ]
      },
      "properties": {
        "tile_id": 442
      }
    },
    {
      "type": "Feature",
      "geometry": {
        "type": "Polygon",
        "coordinates": [
          [
            [
              -77.02704054902676,
              38.8872395774494
            ],
            [
              -77.02589186824618,
              38.88725951977947
            ],
            [
              -77.02591741897328,
              38.888158740049626
            ],
            [
              -77.02706611421695,
              38.88813879708315
            ],
            [
              -77.02704054902676,
              38.8872395774494
            ]
          ]
        ]
      },
      "properties": {
        "tile_id": 443
      }
    },
    {
      "type": "Feature",
      "geometry": {
        "type": "Polygon",
        "coordinates": [
          [
            [
              -77.02589186824618,
              38.88725951977947
            ],
            [
              -77.02474318632791,
              38.88727945081865
            ],
            [
              -77.02476872259186,
              38.88817867172483
            ],
            [
              -77.02591741897328,
              38.888158740049626
            ],
            [
              -77.02589186824618,
              38.88725951977947
            ]
          ]
        ]
      },
      "properties": {
        "tile_id": 444
      }
    },
    {
      "type": "Feature",
      "geometry": {
        "type": "Polygon",
        "coordinates": [
          [
            [
              -77.02474318632791,
              38.88727945081865
            ],
            [
              -77.02359450327259,
              38.88729937056689
            ],
            [
              -77.02362002507336,
              38.88819859210875
            ],
            [
              -77.02476872259186,
              38.88817867172483
            ],
            [
              -77.02474318632791,
              38.88727945081865
            ]
          ]
        ]
      },
      "properties": {
        "tile_id": 445
      }
    },
    {
      "type": "Feature",
      "geometry": {
        "type": "Polygon",
        "coordinates": [
          [
            [
              -77.02359450327259,
              38.88729937056689
            ],
            [
              -77.02244581908087,
              38.887319279024176
            ],
            [
              -77.02247132641837,
              38.88821850120134
            ],
            [
              -77.02362002507336,
              38.88819859210875
            ],
            [
              -77.02359450327259,
              38.88729937056689
            ]
          ]
        ]
      },
      "properties": {
        "tile_id": 446
      }
    },
    {
      "type": "Feature",
      "geometry": {
        "type": "Polygon",
        "coordinates": [
          [
            [
              -77.02244581908087,
              38.887319279024176
            ],
            [
              -77.0212971337534,
              38.88733917619047
            ],
            [
              -77.0213226266276,
              38.88823839900258
            ],
            [
              -77.02247132641838,
              38.88821850120134
            ],
            [
              -77.02244581908087,
              38.887319279024176
            ]
          ]
        ]
      },
      "properties": {
        "tile_id": 447
      }
    },
    {
      "type": "Feature",
      "geometry": {
        "type": "Polygon",
        "coordinates": [
          [
            [
              -77.0212971337534,
              38.88733917619047
            ],
            [
              -77.02014844729081,
              38.88735906206572
            ],
            [
              -77.02017392570166,
              38.88825828551242
            ],
            [
              -77.0213226266276,
              38.88823839900258
            ],
            [
              -77.0212971337534,
              38.88733917619047
            ]
          ]
        ]
      },
      "properties": {
        "tile_id": 448
      }
    },
    {
      "type": "Feature",
      "geometry": {
        "type": "Polygon",
        "coordinates": [
          [
            [
              -77.02014844729081,
              38.88735906206572
            ],
            [
              -77.01899975969374,
              38.88737893664991
            ],
            [
              -77.01902522364117,
              38.888278160730835
            ],
            [
              -77.02017392570166,
              38.88825828551242
            ],
            [
              -77.02014844729081,
              38.88735906206572
            ]
          ]
        ]
      },
      "properties": {
        "tile_id": 449
      }
    },
    {
      "type": "Feature",
      "geometry": {
        "type": "Polygon",
        "coordinates": [
          [
            [
              -77.01899975969374,
              38.88737893664991
            ],
            [
              -77.01785107096286,
              38.88739879994299
            ],
            [
              -77.01787652044682,
              38.888298024657786
            ],
            [
              -77.01902522364117,
              38.888278160730835
            ],
            [
              -77.01899975969374,
              38.88737893664991
            ]
          ]
        ]
      },
      "properties": {
        "tile_id": 450
      }
    },
    {
      "type": "Feature",
      "geometry": {
        "type": "Polygon",
        "coordinates": [
          [
            [
              -77.01785107096286,
              38.88739879994299
            ],
            [
              -77.01670238109878,
              38.88741865194495
            ],
            [
              -77.0167278161192,
              38.88831787729326
            ],
            [
              -77.01787652044682,
              38.888298024657786
            ],
            [
              -77.01785107096286,
              38.88739879994299
            ]
          ]
        ]
      },
      "properties": {
        "tile_id": 451
      }
    },
    {
      "type": "Feature",
      "geometry": {
        "type": "Polygon",
        "coordinates": [
          [
            [
              -77.01670238109878,
              38.88741865194495
            ],
            [
              -77.01555369010217,
              38.88743849265574
            ],
            [
              -77.015579110659,
              38.888337718637196
            ],
            [
              -77.0167278161192,
              38.88831787729326
            ],
            [
              -77.01670238109878,
              38.88741865194495
            ]
          ]
        ]
      },
      "properties": {
        "tile_id": 452
      }
    },
    {
      "type": "Feature",
      "geometry": {
        "type": "Polygon",
        "coordinates": [
          [
            [
              -77.01555369010217,
              38.88743849265574
            ],
            [
              -77.01440499797366,
              38.887458322075325
            ],
            [
              -77.01443040406686,
              38.888357548689584
            ],
            [
              -77.015579110659,
              38.888337718637196
            ],
            [
              -77.01555369010217,
              38.88743849265574
            ]
          ]
        ]
      },
      "properties": {
        "tile_id": 453
      }
    },
    {
      "type": "Feature",
      "geometry": {
        "type": "Polygon",
        "coordinates": [
          [
            [
              -77.01440499797366,
              38.887458322075325
            ],
            [
              -77.01325630471388,
              38.887478140203676
            ],
            [
              -77.0132816963434,
              38.88837736745037
            ],
            [
              -77.01443040406686,
              38.888357548689584
            ],
            [
              -77.01440499797366,
              38.887458322075325
            ]
          ]
        ]
      },
      "properties": {
        "tile_id": 454
      }
    },
    {
      "type": "Feature",
      "geometry": {
        "type": "Polygon",
        "coordinates": [
          [
            [
              -77.01325630471389,
              38.887478140203676
            ],
            [
              -77.0121076103235,
              38.887497947040764
            ],
            [
              -77.01213298748925,
              38.888397174919525
            ],
            [
              -77.0132816963434,
              38.88837736745037
            ],
            [
              -77.01325630471389,
              38.887478140203676
            ]
          ]
        ]
      },
      "properties": {
        "tile_id": 455
      }
    },
    {
      "type": "Feature",
      "geometry": {
        "type": "Polygon",
        "coordinates": [
          [
            [
              -77.0121076103235,
              38.887497947040764
            ],
            [
              -77.01095891480314,
              38.88751774258655
            ],
            [
              -77.0109842775051,
              38.88841697109702
            ],
            [
              -77.01213298748925,
              38.888397174919525
            ],
            [
              -77.0121076103235,
              38.887497947040764
            ]
          ]
        ]
      },
      "properties": {
        "tile_id": 456
      }
    },
    {
      "type": "Feature",
      "geometry": {
        "type": "Polygon",
        "coordinates": [
          [
            [
              -77.01095891480314,
              38.88751774258655
            ],
            [
              -77.00981021815346,
              38.887537526841015
            ],
            [
              -77.00983556639156,
              38.88843675598283
            ],
            [
              -77.0109842775051,
              38.88841697109702
            ],
            [
              -77.01095891480314,
              38.88751774258655
            ]
          ]
        ]
      },
      "properties": {
        "tile_id": 457
      }
    },
    {
      "type": "Feature",
      "geometry": {
        "type": "Polygon",
        "coordinates": [
          [
            [
              -77.00981021815346,
              38.887537526841015
            ],
            [
              -77.0086615203751,
              38.8875572998041
            ],
            [
              -77.00868685414929,
              38.8884565295769
            ],
            [
              -77.00983556639156,
              38.88843675598283
            ],
            [
              -77.00981021815346,
              38.887537526841015
            ]
          ]
        ]
      },
      "properties": {
        "tile_id": 458
      }
    },
    {
      "type": "Feature",
      "geometry": {
        "type": "Polygon",
        "coordinates": [
          [
            [
              -77.0086615203751,
              38.8875572998041
            ],
            [
              -77.0075128214687,
              38.88757706147579
            ],
            [
              -77.0075381407789,
              38.88847629187923
            ],
            [
              -77.00868685414929,
              38.8884565295769
            ],
            [
              -77.0086615203751,
              38.8875572998041
            ]
          ]
        ]
      },
      "properties": {
        "tile_id": 459
      }
    },
    {
      "type": "Feature",
      "geometry": {
        "type": "Polygon",
        "coordinates": [
          [
            [
              -77.0075128214687,
              38.88757706147579
            ],
            [
              -77.0063641214349,
              38.887596811856035
            ],
            [
              -77.00638942628109,
              38.888496042889756
            ],
            [
              -77.0075381407789,
              38.88847629187923
            ],
            [
              -77.0075128214687,
              38.88757706147579
            ]
          ]
        ]
      },
      "properties": {
        "tile_id": 460
      }
    },
    {
      "type": "Feature",
      "geometry": {
        "type": "Polygon",
        "coordinates": [
          [
            [
              -77.0063641214349,
              38.887596811856035
            ],
            [
              -77.00521542027434,
              38.887616550944834
            ],
            [
              -77.00524071065647,
              38.88851578260845
            ],
            [
              -77.00638942628109,
              38.888496042889756
            ],
            [
              -77.0063641214349,
              38.887596811856035
            ]
          ]
        ]
      },
      "properties": {
        "tile_id": 461
      }
    },
    {
      "type": "Feature",
      "geometry": {
        "type": "Polygon",
        "coordinates": [
          [
            [
              -77.00521542027434,
              38.887616550944834
            ],
            [
              -77.00406671798767,
              38.88763627874211
            ],
            [
              -77.00409199390566,
              38.88853551103529
            ],
            [
              -77.00524071065647,
              38.88851578260845
            ],
            [
              -77.00521542027434,
              38.887616550944834
            ]
          ]
        ]
      },
      "properties": {
        "tile_id": 462
      }
    },
    {
      "type": "Feature",
      "geometry": {
        "type": "Polygon",
        "coordinates": [
          [
            [
              -77.00406671798767,
              38.88763627874211
            ],
            [
              -77.00291801457553,
              38.88765599524787
            ],
            [
              -77.00294327602934,
              38.88855522817024
            ],
            [
              -77.00409199390566,
              38.88853551103529
            ],
            [
              -77.00406671798767,
              38.88763627874211
            ]
          ]
        ]
      },
      "properties": {
        "tile_id": 463
      }
    },
    {
      "type": "Feature",
      "geometry": {
        "type": "Polygon",
        "coordinates": [
          [
            [
              -77.00291801457553,
              38.88765599524787
            ],
            [
              -77.00176931003858,
              38.88767570046206
            ],
            [
              -77.00179455702813,
              38.888574934013256
            ],
            [
              -77.00294327602934,
              38.88855522817024
            ],
            [
              -77.00291801457553,
              38.88765599524787
            ]
          ]
        ]
      },
      "properties": {
        "tile_id": 464
      }
    },
    {
      "type": "Feature",
      "geometry": {
        "type": "Polygon",
        "coordinates": [
          [
            [
              -77.00176931003858,
              38.88767570046206
            ],
            [
              -77.00062060437743,
              38.887695394384636
            ],
            [
              -77.0006458369027,
              38.88859462856431
            ],
            [
              -77.00179455702813,
              38.888574934013256
            ],
            [
              -77.00176931003858,
              38.88767570046206
            ]
          ]
        ]
      },
      "properties": {
        "tile_id": 465
      }
    },
    {
      "type": "Feature",
      "geometry": {
        "type": "Polygon",
        "coordinates": [
          [
            [
              -77.00062060437743,
              38.887695394384636
            ],
            [
              -76.99947189759276,
              38.88771507701559
            ],
            [
              -76.99949711565367,
              38.888614311823375
            ],
            [
              -77.0006458369027,
              38.88859462856431
            ],
            [
              -77.00062060437743,
              38.887695394384636
            ]
          ]
        ]
      },
      "properties": {
        "tile_id": 466
      }
    },
    {
      "type": "Feature",
      "geometry": {
        "type": "Polygon",
        "coordinates": [
          [
            [
              -76.99947189759276,
              38.88771507701559
            ],
            [
              -76.99832318968518,
              38.88773474835489
            ],
            [
              -76.99834839328169,
              38.88863398379041
            ],
            [
              -76.99949711565367,
              38.888614311823375
            ],
            [
              -76.99947189759276,
              38.88771507701559
            ]
          ]
        ]
      },
      "properties": {
        "tile_id": 467
      }
    },
    {
      "type": "Feature",
      "geometry": {
        "type": "Polygon",
        "coordinates": [
          [
            [
              -76.99832318968518,
              38.88773474835489
            ],
            [
              -76.99717448065536,
              38.887754408402465
            ],
            [
              -76.9971996697874,
              38.88865364446539
            ],
            [
              -76.99834839328169,
              38.88863398379041
            ],
            [
              -76.99832318968518,
              38.88773474835489
            ]
          ]
        ]
      },
      "properties": {
        "tile_id": 468
      }
    },
    {
      "type": "Feature",
      "geometry": {
        "type": "Polygon",
        "coordinates": [
          [
            [
              -76.99717448065536,
              38.887754408402465
            ],
            [
              -76.99602577050393,
              38.887774057158325
            ],
            [
              -76.99605094517145,
              38.88867329384828
            ],
            [
              -76.9971996697874,
              38.88865364446539
            ],
            [
              -76.99717448065536,
              38.887754408402465
            ]
          ]
        ]
      },
      "properties": {
        "tile_id": 469
      }
    },
    {
      "type": "Feature",
      "geometry": {
        "type": "Polygon",
        "coordinates": [
          [
            [
              -76.99602577050393,
              38.887774057158325
            ],
            [
              -76.99487705923153,
              38.88779369462242
            ],
            [
              -76.99490221943448,
              38.88869293193904
            ],
            [
              -76.99605094517145,
              38.88867329384828
            ],
            [
              -76.99602577050393,
              38.887774057158325
            ]
          ]
        ]
      },
      "properties": {
        "tile_id": 470
      }
    },
    {
      "type": "Feature",
      "geometry": {
        "type": "Polygon",
        "coordinates": [
          [
            [
              -76.99487705923153,
              38.88779369462242
            ],
            [
              -76.99372834683881,
              38.8878133207947
            ],
            [
              -76.99375349257714,
              38.88871255873764
            ],
            [
              -76.99490221943448,
              38.88869293193904
            ],
            [
              -76.99487705923153,
              38.88779369462242
            ]
          ]
        ]
      },
      "properties": {
        "tile_id": 471
      }
    },
    {
      "type": "Feature",
      "geometry": {
        "type": "Polygon",
        "coordinates": [
          [
            [
              -76.99372834683881,
              38.8878133207947
            ],
            [
              -76.9925796333264,
              38.88783293567515
            ],
            [
              -76.99260476460006,
              38.888732174244055
            ],
            [
              -76.99375349257714,
              38.88871255873764
            ],
            [
              -76.99372834683881,
              38.8878133207947
            ]
          ]
        ]
      },
      "properties": {
        "tile_id": 472
      }
    },
    {
      "type": "Feature",
      "geometry": {
        "type": "Polygon",
        "coordinates": [
          [
            [
              -76.9925796333264,
              38.88783293567515
            ],
            [
              -76.99143091869496,
              38.88785253926374
            ],
            [
              -76.9914560355039,
              38.88875177845823
            ],
            [
              -76.99260476460006,
              38.888732174244055
            ],
            [
              -76.9925796333264,
              38.88783293567515
            ]
          ]
        ]
      },
      "properties": {
        "tile_id": 473
      }
    },
    {
      "type": "Feature",
      "geometry": {
        "type": "Polygon",
        "coordinates": [
          [
            [
              -77.03051219311507,
              38.88807890043655
            ],
            [
              -77.02936350128849,
              38.888098877276576
            ],
            [
              -77.02938909654803,
              38.8889980954834
            ],
            [
              -77.03053780283818,
              38.88897811800587
            ],
            [
              -77.03051219311507,
              38.88807890043655
            ]
          ]
        ]
      },
      "properties": {
        "tile_id": 474
      }
    },
    {
      "type": "Feature",
      "geometry": {
        "type": "Polygon",
        "coordinates": [
          [
            [
              -77.02936350128849,
              38.888098877276576
            ],
            [
              -77.02821480832223,
              38.88811884282547
            ],
            [
              -77.02824038911817,
              38.889018061669404
            ],
            [
              -77.02938909654803,
              38.8889980954834
            ],
            [
              -77.02936350128849,
              38.888098877276576
            ]
          ]
        ]
      },
      "properties": {
        "tile_id": 475
      }
    },
    {
      "type": "Feature",
      "geometry": {
        "type": "Polygon",
        "coordinates": [
          [
            [
              -77.02821480832223,
              38.88811884282547
            ],
            [
              -77.02706611421695,
              38.88813879708315
            ],
            [
              -77.0270916805492,
              38.889038016563866
            ],
            [
              -77.02824038911817,
              38.889018061669404
            ],
            [
              -77.02821480832223,
              38.88811884282547
            ]
          ]
        ]
      },
      "properties": {
        "tile_id": 476
      }
    },
    {
      "type": "Feature",
      "geometry": {
        "type": "Polygon",
        "coordinates": [
          [
            [
              -77.02706611421695,
              38.88813879708315
            ],
            [
              -77.02591741897328,
              38.888158740049626
            ],
            [
              -77.0259429708418,
              38.88905796016674
            ],
            [
              -77.0270916805492,
              38.889038016563866
            ],
            [
              -77.02706611421695,
              38.88813879708315
            ]
          ]
        ]
      },
      "properties": {
        "tile_id": 477
      }
    },
    {
      "type": "Feature",
      "geometry": {
        "type": "Polygon",
        "coordinates": [
          [
            [
              -77.02591741897328,
              38.888158740049626
            ],
            [
              -77.02476872259186,
              38.88817867172483
            ],
            [
              -77.0247942599966,
              38.889077892478
            ],
            [
              -77.0259429708418,
              38.88905796016674
            ],
            [
              -77.02591741897328,
              38.888158740049626
            ]
          ]
        ]
      },
      "properties": {
        "tile_id": 478
      }
    },
    {
      "type": "Feature",
      "geometry": {
        "type": "Polygon",
        "coordinates": [
          [
            [
              -77.02476872259186,
              38.88817867172483
            ],
            [
              -77.02362002507336,
              38.88819859210875
            ],
            [
              -77.02364554801424,
              38.88909781349761
            ],
            [
              -77.0247942599966,
              38.889077892478
            ],
            [
              -77.02476872259186,
              38.88817867172483
            ]
          ]
        ]
      },
      "properties": {
        "tile_id": 479
      }
    },
    {
      "type": "Feature",
      "geometry": {
        "type": "Polygon",
        "coordinates": [
          [
            [
              -77.02362002507336,
              38.88819859210875
            ],
            [
              -77.02247132641837,
              38.88821850120134
            ],
            [
              -77.02249683489538,
              38.88911772322553
            ],
            [
              -77.02364554801424,
              38.88909781349761
            ],
            [
              -77.02362002507336,
              38.88819859210875
            ]
          ]
        ]
      },
      "properties": {
        "tile_id": 480
      }
    },
    {
      "type": "Feature",
      "geometry": {
        "type": "Polygon",
        "coordinates": [
          [
            [
              -77.02247132641838,
              38.88821850120134
            ],
            [
              -77.0213226266276,
              38.88823839900258
            ],
            [
              -77.02134812064064,
              38.889137621661725
            ],
            [
              -77.02249683489539,
              38.88911772322553
            ],
            [
              -77.02247132641838,
              38.88821850120134
            ]
          ]
        ]
      },
      "properties": {
        "tile_id": 481
      }
    },
    {
      "type": "Feature",
      "geometry": {
        "type": "Polygon",
        "coordinates": [
          [
            [
              -77.0213226266276,
              38.88823839900258
            ],
            [
              -77.02017392570166,
              38.88825828551242
            ],
            [
              -77.0201994052507,
              38.88915750880617
            ],
            [
              -77.02134812064064,
              38.889137621661725
            ],
            [
              -77.0213226266276,
              38.88823839900258
            ]
          ]
        ]
      },
      "properties": {
        "tile_id": 482
      }
    },
    {
      "type": "Feature",
      "geometry": {
        "type": "Polygon",
        "coordinates": [
          [
            [
              -77.02017392570166,
              38.88825828551242
            ],
            [
              -77.01902522364117,
              38.888278160730835
            ],
            [
              -77.01905068872615,
              38.88917738465884
            ],
            [
              -77.0201994052507,
              38.88915750880617
            ],
            [
              -77.02017392570166,
              38.88825828551242
            ]
          ]
        ]
      },
      "properties": {
        "tile_id": 483
      }
    },
    {
      "type": "Feature",
      "geometry": {
        "type": "Polygon",
        "coordinates": [
          [
            [
              -77.01902522364117,
              38.888278160730835
            ],
            [
              -77.01787652044682,
              38.888298024657786
            ],
            [
              -77.01790197106767,
              38.88919724921968
            ],
            [
              -77.01905068872615,
              38.88917738465884
            ],
            [
              -77.01902522364117,
              38.888278160730835
            ]
          ]
        ]
      },
      "properties": {
        "tile_id": 484
      }
    },
    {
      "type": "Feature",
      "geometry": {
        "type": "Polygon",
        "coordinates": [
          [
            [
              -77.01787652044682,
              38.888298024657786
            ],
            [
              -77.0167278161192,
              38.88831787729326
            ],
            [
              -77.0167532522759,
              38.88921710248867
            ],
            [
              -77.01790197106767,
              38.88919724921968
            ],
            [
              -77.01787652044682,
              38.888298024657786
            ]
          ]
        ]
      },
      "properties": {
        "tile_id": 485
      }
    },
    {
      "type": "Feature",
      "geometry": {
        "type": "Polygon",
        "coordinates": [
          [
            [
              -77.0167278161192,
              38.88831787729326
            ],
            [
              -77.015579110659,
              38.888337718637196
            ],
            [
              -77.01560453235147,
              38.88923694446578
            ],
            [
              -77.0167532522759,
              38.88921710248867
            ],
            [
              -77.0167278161192,
              38.88831787729326
            ]
          ]
        ]
      },
      "properties": {
        "tile_id": 486
      }
    },
    {
      "type": "Feature",
      "geometry": {
        "type": "Polygon",
        "coordinates": [
          [
            [
              -77.015579110659,
              38.888337718637196
            ],
            [
              -77.01443040406686,
              38.888357548689584
            ],
            [
              -77.01445581129504,
              38.88925677515097
            ],
            [
              -77.01560453235147,
              38.88923694446578
            ],
            [
              -77.015579110659,
              38.888337718637196
            ]
          ]
        ]
      },
      "properties": {
        "tile_id": 487
      }
    },
    {
      "type": "Feature",
      "geometry": {
        "type": "Polygon",
        "coordinates": [
          [
            [
              -77.01443040406686,
              38.888357548689584
            ],
            [
              -77.0132816963434,
              38.88837736745037
            ],
            [
              -77.01330708910724,
              38.88927659454419
            ],
            [
              -77.01445581129504,
              38.88925677515097
            ],
            [
              -77.01443040406686,
              38.888357548689584
            ]
          ]
        ]
      },
      "properties": {
        "tile_id": 488
      }
    },
    {
      "type": "Feature",
      "geometry": {
        "type": "Polygon",
        "coordinates": [
          [
            [
              -77.0132816963434,
              38.88837736745037
            ],
            [
              -77.01213298748925,
              38.888397174919525
            ],
            [
              -77.01215836578871,
              38.88929640264545
            ],
            [
              -77.01330708910724,
              38.88927659454419
            ],
            [
              -77.0132816963434,
              38.88837736745037
            ]
          ]
        ]
      },
      "properties": {
        "tile_id": 489
      }
    },
    {
      "type": "Feature",
      "geometry": {
        "type": "Polygon",
        "coordinates": [
          [
            [
              -77.01213298748925,
              38.888397174919525
            ],
            [
              -77.0109842775051,
              38.88841697109702
            ],
            [
              -77.0110096413401,
              38.889316199454676
            ],
            [
              -77.01215836578871,
              38.88929640264545
            ],
            [
              -77.01213298748925,
              38.888397174919525
            ]
          ]
        ]
      },
      "properties": {
        "tile_id": 490
      }
    },
    {
      "type": "Feature",
      "geometry": {
        "type": "Polygon",
        "coordinates": [
          [
            [
              -77.0109842775051,
              38.88841697109702
            ],
            [
              -77.00983556639156,
              38.88843675598283
            ],
            [
              -77.00986091576206,
              38.88933598497185
            ],
            [
              -77.0110096413401,
              38.889316199454676
            ],
            [
              -77.0109842775051,
              38.88841697109702
            ]
          ]
        ]
      },
      "properties": {
        "tile_id": 491
      }
    },
    {
      "type": "Feature",
      "geometry": {
        "type": "Polygon",
        "coordinates": [
          [
            [
              -77.00983556639156,
              38.88843675598283
            ],
            [
              -77.00868685414929,
              38.8884565295769
            ],
            [
              -77.00871218905523,
              38.88935575919693
            ],
            [
              -77.00986091576206,
              38.88933598497185
            ],
            [
              -77.00983556639156,
              38.88843675598283
            ]
          ]
        ]
      },
      "properties": {
        "tile_id": 492
      }
    },
    {
      "type": "Feature",
      "geometry": {
        "type": "Polygon",
        "coordinates": [
          [
            [
              -77.00868685414929,
              38.8884565295769
            ],
            [
              -77.0075381407789,
              38.88847629187923
            ],
            [
              -77.00756346122024,
              38.8893755221299
            ],
            [
              -77.00871218905523,
              38.88935575919693
            ],
            [
              -77.00868685414929,
              38.8884565295769
            ]
          ]
        ]
      },
      "properties": {
        "tile_id": 493
      }
    },
    {
      "type": "Feature",
      "geometry": {
        "type": "Polygon",
        "coordinates": [
          [
            [
              -77.0075381407789,
              38.88847629187923
            ],
            [
              -77.00638942628109,
              38.888496042889756
            ],
            [
              -77.00641473225775,
              38.88939527377072
            ],
            [
              -77.00756346122024,
              38.8893755221299
            ],
            [
              -77.0075381407789,
              38.88847629187923
            ]
          ]
        ]
      },
      "properties": {
        "tile_id": 494
      }
    },
    {
      "type": "Feature",
      "geometry": {
        "type": "Polygon",
        "coordinates": [
          [
            [
              -77.00638942628109,
              38.888496042889756
            ],
            [
              -77.00524071065647,
              38.88851578260845
            ],
            [
              -77.00526600216838,
              38.889415014119336
            ],
            [
              -77.00641473225775,
              38.88939527377072
            ],
            [
              -77.00638942628109,
              38.888496042889756
            ]
          ]
        ]
      },
      "properties": {
        "tile_id": 495
      }
    },
    {
      "type": "Feature",
      "geometry": {
        "type": "Polygon",
        "coordinates": [
          [
            [
              -77.00524071065647,
              38.88851578260845
            ],
            [
              -77.00409199390566,
              38.88853551103529
            ],
            [
              -77.00411727095282,
              38.88943474317574
            ],
            [
              -77.00526600216838,
              38.889415014119336
            ],
            [
              -77.00524071065647,
              38.88851578260845
            ]
          ]
        ]
      },
      "properties": {
        "tile_id": 496
      }
    },
    {
      "type": "Feature",
      "geometry": {
        "type": "Polygon",
        "coordinates": [
          [
            [
              -77.00409199390566,
              38.88853551103529
            ],
            [
              -77.00294327602934,
              38.88855522817024
            ],
            [
              -77.00296853861167,
              38.889454460939895
            ],
            [
              -77.00411727095282,
              38.88943474317574
            ],
            [
              -77.00409199390566,
              38.88853551103529
            ]
          ]
        ]
      },
      "properties": {
        "tile_id": 497
      }
    },
    {
      "type": "Feature",
      "geometry": {
        "type": "Polygon",
        "coordinates": [
          [
            [
              -77.00294327602934,
              38.88855522817024
            ],
            [
              -77.00179455702813,
              38.888574934013256
            ],
            [
              -77.00181980514559,
              38.88947416741176
            ],
            [
              -77.00296853861167,
              38.889454460939895
            ],
            [
              -77.00294327602934,
              38.88855522817024
            ]
          ]
        ]
      },
      "properties": {
        "tile_id": 498
      }
    },
    {
      "type": "Feature",
      "geometry": {
        "type": "Polygon",
        "coordinates": [
          [
            [
              -77.00179455702813,
              38.888574934013256
            ],
            [
              -77.0006458369027,
              38.88859462856431
            ],
            [
              -77.0006710705552,
              38.8894938625913
            ],
            [
              -77.00181980514559,
              38.88947416741176
            ],
            [
              -77.00179455702813,
              38.888574934013256
            ]
          ]
        ]
      },
      "properties": {
        "tile_id": 499
      }
    },
    {
      "type": "Feature",
      "geometry": {
        "type": "Polygon",
        "coordinates": [
          [
            [
              -77.0006458369027,
              38.88859462856431
            ],
            [
              -76.99949711565367,
              38.888614311823375
            ],
            [
              -76.99952233484117,
              38.88951354647849
            ],
            [
              -77.0006710705552,
              38.8894938625913
            ],
            [
              -77.0006458369027,
              38.88859462856431
            ]
          ]
        ]
      },
      "properties": {
        "tile_id": 500
      }
    },
    {
      "type": "Feature",
      "geometry": {
        "type": "Polygon",
        "coordinates": [
          [
            [
              -76.99949711565367,
              38.888614311823375
            ],
            [
              -76.99834839328169,
              38.88863398379041
            ],
            [
              -76.99837359800415,
              38.88953321907331
            ],
            [
              -76.99952233484117,
              38.88951354647849
            ],
            [
              -76.99949711565367,
              38.888614311823375
            ]
          ]
        ]
      },
      "properties": {
        "tile_id": 501
      }
    },
    {
      "type": "Feature",
      "geometry": {
        "type": "Polygon",
        "coordinates": [
          [
            [
              -76.99834839328169,
              38.88863398379041
            ],
            [
              -76.9971996697874,
              38.88865364446539
            ],
            [
              -76.99722486004475,
              38.88955288037569
            ],
            [
              -76.99837359800415,
              38.88953321907331
            ],
            [
              -76.99834839328169,
              38.88863398379041
            ]
          ]
        ]
      },
      "properties": {
        "tile_id": 502
      }
    },
    {
      "type": "Feature",
      "geometry": {
        "type": "Polygon",
        "coordinates": [
          [
            [
              -76.9971996697874,
              38.88865364446539
            ],
            [
              -76.99605094517145,
              38.88867329384828
            ],
            [
              -76.99607612096365,
              38.889572530385614
            ],
            [
              -76.99722486004475,
              38.88955288037569
            ],
            [
              -76.9971996697874,
              38.88865364446539
            ]
          ]
        ]
      },
      "properties": {
        "tile_id": 503
      }
    },
    {
      "type": "Feature",
      "geometry": {
        "type": "Polygon",
        "coordinates": [
          [
            [
              -76.99605094517145,
              38.88867329384828
            ],
            [
              -76.99490221943448,
              38.88869293193904
            ],
            [
              -76.99492738076147,
              38.88959216910306
            ],
            [
              -76.99607612096365,
              38.889572530385614
            ],
            [
              -76.99605094517145,
              38.88867329384828
            ]
          ]
        ]
      },
      "properties": {
        "tile_id": 504
      }
    },
    {
      "type": "Feature",
      "geometry": {
        "type": "Polygon",
        "coordinates": [
          [
            [
              -76.99490221943448,
              38.88869293193904
            ],
            [
              -76.99375349257714,
              38.88871255873764
            ],
            [
              -76.99377863943884,
              38.889611796527994
            ],
            [
              -76.99492738076147,
              38.88959216910306
            ],
            [
              -76.99490221943448,
              38.88869293193904
            ]
          ]
        ]
      },
      "properties": {
        "tile_id": 505
      }
    },
    {
      "type": "Feature",
      "geometry": {
        "type": "Polygon",
        "coordinates": [
          [
            [
              -76.99375349257714,
              38.88871255873764
            ],
            [
              -76.99260476460006,
              38.888732174244055
            ],
            [
              -76.99262989699643,
              38.88963141266036
            ],
            [
              -76.99377863943884,
              38.889611796527994
            ],
            [
              -76.99375349257714,
              38.88871255873764
            ]
          ]
        ]
      },
      "properties": {
        "tile_id": 506
      }
    },
    {
      "type": "Feature",
      "geometry": {
        "type": "Polygon",
        "coordinates": [
          [
            [
              -76.99260476460006,
              38.888732174244055
            ],
            [
              -76.9914560355039,
              38.88875177845823
            ],
            [
              -76.99148115343489,
              38.88965101750015
            ],
            [
              -76.99262989699643,
              38.88963141266036
            ],
            [
              -76.99260476460006,
              38.888732174244055
            ]
          ]
        ]
      },
      "properties": {
        "tile_id": 507
      }
    },
    {
      "type": "Feature",
      "geometry": {
        "type": "Polygon",
        "coordinates": [
          [
            [
              -77.03053780283818,
              38.88897811800587
            ],
            [
              -77.02938909654803,
              38.888998095483394
            ],
            [
              -77.02941469295101,
              38.88989731353716
            ],
            [
              -77.03056341370538,
              38.889877335422135
            ],
            [
              -77.03053780283818,
              38.88897811800587
            ]
          ]
        ]
      },
      "properties": {
        "tile_id": 508
      }
    },
    {
      "type": "Feature",
      "geometry": {
        "type": "Polygon",
        "coordinates": [
          [
            [
              -77.02938909654803,
              38.888998095483394
            ],
            [
              -77.02824038911817,
              38.889018061669404
            ],
            [
              -77.02826597105687,
              38.88991728036031
            ],
            [
              -77.02941469295101,
              38.88989731353716
            ],
            [
              -77.02938909654803,
              38.888998095483394
            ]
          ]
        ]
      },
      "properties": {
        "tile_id": 509
      }
    },
    {
      "type": "Feature",
      "geometry": {
        "type": "Polygon",
        "coordinates": [
          [
            [
              -77.02824038911817,
              38.889018061669404
            ],
            [
              -77.0270916805492,
              38.88903801656386
            ],
            [
              -77.02711724802359,
              38.88993723589155
            ],
            [
              -77.02826597105687,
              38.88991728036031
            ],
            [
              -77.02824038911817,
              38.889018061669404
            ]
          ]
        ]
      },
      "properties": {
        "tile_id": 510
      }
    },
    {
      "type": "Feature",
      "geometry": {
        "type": "Polygon",
        "coordinates": [
          [
            [
              -77.0270916805492,
              38.88903801656386
            ],
            [
              -77.0259429708418,
              38.88905796016674
            ],
            [
              -77.02596852385182,
              38.88995718013086
            ],
            [
              -77.02711724802359,
              38.88993723589155
            ],
            [
              -77.0270916805492,
              38.88903801656386
            ]
          ]
        ]
      },
      "properties": {
        "tile_id": 511
      }
    },
    {
      "type": "Feature",
      "geometry": {
        "type": "Polygon",
        "coordinates": [
          [
            [
              -77.0259429708418,
              38.88905796016674
            ],
            [
              -77.0247942599966,
              38.88907789247799
            ],
            [
              -77.02481979854218,
              38.88997711307816
            ],
            [
              -77.02596852385182,
              38.88995718013086
            ],
            [
              -77.0259429708418,
              38.88905796016674
            ]
          ]
        ]
      },
      "properties": {
        "tile_id": 512
      }
    },
    {
      "type": "Feature",
      "geometry": {
        "type": "Polygon",
        "coordinates": [
          [
            [
              -77.0247942599966,
              38.88907789247799
            ],
            [
              -77.02364554801424,
              38.8890978134976
            ],
            [
              -77.02367107209534,
              38.889997034733476
            ],
            [
              -77.02481979854218,
              38.88997711307816
            ],
            [
              -77.0247942599966,
              38.88907789247799
            ]
          ]
        ]
      },
      "properties": {
        "tile_id": 513
      }
    },
    {
      "type": "Feature",
      "geometry": {
        "type": "Polygon",
        "coordinates": [
          [
            [
              -77.02364554801424,
              38.8890978134976
            ],
            [
              -77.02249683489538,
              38.88911772322552
            ],
            [
              -77.02252234451194,
              38.89001694509673
            ],
            [
              -77.02367107209534,
              38.889997034733476
            ],
            [
              -77.02364554801424,
              38.8890978134976
            ]
          ]
        ]
      },
      "properties": {
        "tile_id": 514
      }
    },
    {
      "type": "Feature",
      "geometry": {
        "type": "Polygon",
        "coordinates": [
          [
            [
              -77.02249683489539,
              38.88911772322552
            ],
            [
              -77.02134812064064,
              38.889137621661725
            ],
            [
              -77.02137361579261,
              38.89003684416792
            ],
            [
              -77.02252234451196,
              38.89001694509673
            ],
            [
              -77.02249683489539,
              38.88911772322552
            ]
          ]
        ]
      },
      "properties": {
        "tile_id": 515
      }
    },
    {
      "type": "Feature",
      "geometry": {
        "type": "Polygon",
        "coordinates": [
          [
            [
              -77.02134812064064,
              38.889137621661725
            ],
            [
              -77.0201994052507,
              38.889157508806164
            ],
            [
              -77.02022488593799,
              38.89005673194699
            ],
            [
              -77.02137361579261,
              38.89003684416792
            ],
            [
              -77.02134812064064,
              38.889137621661725
            ]
          ]
        ]
      },
      "properties": {
        "tile_id": 516
      }
    },
    {
      "type": "Feature",
      "geometry": {
        "type": "Polygon",
        "coordinates": [
          [
            [
              -77.0201994052507,
              38.889157508806164
            ],
            [
              -77.01905068872615,
              38.889177384658836
            ],
            [
              -77.01907615494875,
              38.890076608433915
            ],
            [
              -77.02022488593799,
              38.89005673194699
            ],
            [
              -77.0201994052507,
              38.889157508806164
            ]
          ]
        ]
      },
      "properties": {
        "tile_id": 517
      }
    },
    {
      "type": "Feature",
      "geometry": {
        "type": "Polygon",
        "coordinates": [
          [
            [
              -77.01905068872615,
              38.889177384658836
            ],
            [
              -77.01790197106767,
              38.88919724921968
            ],
            [
              -77.01792742282551,
              38.890096473628674
            ],
            [
              -77.01907615494875,
              38.890076608433915
            ],
            [
              -77.01905068872615,
              38.889177384658836
            ]
          ]
        ]
      },
      "properties": {
        "tile_id": 518
      }
    },
    {
      "type": "Feature",
      "geometry": {
        "type": "Polygon",
        "coordinates": [
          [
            [
              -77.01790197106767,
              38.88919724921968
            ],
            [
              -77.0167532522759,
              38.88921710248867
            ],
            [
              -77.01677868956892,
              38.890116327531196
            ],
            [
              -77.01792742282551,
              38.890096473628674
            ],
            [
              -77.01790197106767,
              38.88919724921968
            ]
          ]
        ]
      },
      "properties": {
        "tile_id": 519
      }
    },
    {
      "type": "Feature",
      "geometry": {
        "type": "Polygon",
        "coordinates": [
          [
            [
              -77.0167532522759,
              38.88921710248867
            ],
            [
              -77.01560453235147,
              38.88923694446577
            ],
            [
              -77.01562995517963,
              38.89013617014149
            ],
            [
              -77.01677868956892,
              38.890116327531196
            ],
            [
              -77.0167532522759,
              38.88921710248867
            ]
          ]
        ]
      },
      "properties": {
        "tile_id": 520
      }
    },
    {
      "type": "Feature",
      "geometry": {
        "type": "Polygon",
        "coordinates": [
          [
            [
              -77.01560453235147,
              38.88923694446577
            ],
            [
              -77.01445581129504,
              38.88925677515097
            ],
            [
              -77.01448121965825,
              38.890156001459495
            ],
            [
              -77.01562995517963,
              38.89013617014149
            ],
            [
              -77.01560453235147,
              38.88923694446577
            ]
          ]
        ]
      },
      "properties": {
        "tile_id": 521
      }
    },
    {
      "type": "Feature",
      "geometry": {
        "type": "Polygon",
        "coordinates": [
          [
            [
              -77.01445581129504,
              38.88925677515097
            ],
            [
              -77.01330708910724,
              38.88927659454419
            ],
            [
              -77.01333248300547,
              38.89017582148519
            ],
            [
              -77.01448121965825,
              38.890156001459495
            ],
            [
              -77.01445581129504,
              38.88925677515097
            ]
          ]
        ]
      },
      "properties": {
        "tile_id": 522
      }
    },
    {
      "type": "Feature",
      "geometry": {
        "type": "Polygon",
        "coordinates": [
          [
            [
              -77.01330708910724,
              38.88927659454419
            ],
            [
              -77.01215836578871,
              38.88929640264544
            ],
            [
              -77.01218374522192,
              38.890195630218535
            ],
            [
              -77.01333248300547,
              38.89017582148519
            ],
            [
              -77.01330708910724,
              38.88927659454419
            ]
          ]
        ]
      },
      "properties": {
        "tile_id": 523
      }
    },
    {
      "type": "Feature",
      "geometry": {
        "type": "Polygon",
        "coordinates": [
          [
            [
              -77.01215836578871,
              38.88929640264544
            ],
            [
              -77.0110096413401,
              38.88931619945467
            ],
            [
              -77.01103500630822,
              38.89021542765951
            ],
            [
              -77.01218374522192,
              38.890195630218535
            ],
            [
              -77.01215836578871,
              38.88929640264544
            ]
          ]
        ]
      },
      "properties": {
        "tile_id": 524
      }
    },
    {
      "type": "Feature",
      "geometry": {
        "type": "Polygon",
        "coordinates": [
          [
            [
              -77.0110096413401,
              38.88931619945467
            ],
            [
              -77.00986091576206,
              38.889335984971844
            ],
            [
              -77.00988626626503,
              38.89023521380807
            ],
            [
              -77.01103500630822,
              38.89021542765951
            ],
            [
              -77.0110096413401,
              38.88931619945467
            ]
          ]
        ]
      },
      "properties": {
        "tile_id": 525
      }
    },
    {
      "type": "Feature",
      "geometry": {
        "type": "Polygon",
        "coordinates": [
          [
            [
              -77.00986091576206,
              38.889335984971844
            ],
            [
              -77.00871218905523,
              38.88935575919693
            ],
            [
              -77.00873752509298,
              38.890254988664175
            ],
            [
              -77.00988626626503,
              38.89023521380807
            ],
            [
              -77.00986091576206,
              38.889335984971844
            ]
          ]
        ]
      },
      "properties": {
        "tile_id": 526
      }
    },
    {
      "type": "Feature",
      "geometry": {
        "type": "Polygon",
        "coordinates": [
          [
            [
              -77.00871218905523,
              38.88935575919693
            ],
            [
              -77.00756346122024,
              38.88937552212989
            ],
            [
              -77.00758878279274,
              38.8902747522278
            ],
            [
              -77.00873752509298,
              38.890254988664175
            ],
            [
              -77.00871218905523,
              38.88935575919693
            ]
          ]
        ]
      },
      "properties": {
        "tile_id": 527
      }
    },
    {
      "type": "Feature",
      "geometry": {
        "type": "Polygon",
        "coordinates": [
          [
            [
              -77.00756346122024,
              38.88937552212989
            ],
            [
              -77.00641473225775,
              38.8893952737707
            ],
            [
              -77.00644003936493,
              38.89029450449891
            ],
            [
              -77.00758878279275,
              38.8902747522278
            ],
            [
              -77.00756346122024,
              38.88937552212989
            ]
          ]
        ]
      },
      "properties": {
        "tile_id": 528
      }
    },
    {
      "type": "Feature",
      "geometry": {
        "type": "Polygon",
        "coordinates": [
          [
            [
              -77.00641473225775,
              38.8893952737707
            ],
            [
              -77.00526600216838,
              38.889415014119336
            ],
            [
              -77.00529129481022,
              38.890314245477484
            ],
            [
              -77.00644003936493,
              38.89029450449891
            ],
            [
              -77.00641473225775,
              38.8893952737707
            ]
          ]
        ]
      },
      "properties": {
        "tile_id": 529
      }
    },
    {
      "type": "Feature",
      "geometry": {
        "type": "Polygon",
        "coordinates": [
          [
            [
              -77.00526600216838,
              38.889415014119336
            ],
            [
              -77.00411727095282,
              38.889434743175734
            ],
            [
              -77.00414254912921,
              38.89033397516348
            ],
            [
              -77.00529129481022,
              38.890314245477484
            ],
            [
              -77.00526600216838,
              38.889415014119336
            ]
          ]
        ]
      },
      "properties": {
        "tile_id": 530
      }
    },
    {
      "type": "Feature",
      "geometry": {
        "type": "Polygon",
        "coordinates": [
          [
            [
              -77.00411727095282,
              38.889434743175734
            ],
            [
              -77.00296853861167,
              38.88945446093989
            ],
            [
              -77.00299380232259,
              38.890353693556854
            ],
            [
              -77.00414254912921,
              38.89033397516348
            ],
            [
              -77.00411727095282,
              38.889434743175734
            ]
          ]
        ]
      },
      "properties": {
        "tile_id": 531
      }
    },
    {
      "type": "Feature",
      "geometry": {
        "type": "Polygon",
        "coordinates": [
          [
            [
              -77.00296853861167,
              38.88945446093989
            ],
            [
              -77.00181980514559,
              38.88947416741175
            ],
            [
              -77.00184505439096,
              38.89037340065757
            ],
            [
              -77.00299380232259,
              38.890353693556854
            ],
            [
              -77.00296853861167,
              38.88945446093989
            ]
          ]
        ]
      },
      "properties": {
        "tile_id": 532
      }
    },
    {
      "type": "Feature",
      "geometry": {
        "type": "Polygon",
        "coordinates": [
          [
            [
              -77.00181980514559,
              38.88947416741175
            ],
            [
              -77.0006710705552,
              38.8894938625913
            ],
            [
              -77.000696305335,
              38.89039309646562
            ],
            [
              -77.00184505439096,
              38.89037340065757
            ],
            [
              -77.00181980514559,
              38.88947416741175
            ]
          ]
        ]
      },
      "properties": {
        "tile_id": 533
      }
    },
    {
      "type": "Feature",
      "geometry": {
        "type": "Polygon",
        "coordinates": [
          [
            [
              -77.0006710705552,
              38.8894938625913
            ],
            [
              -76.99952233484117,
              38.889513546478476
            ],
            [
              -76.99954755515533,
              38.89041278098097
            ],
            [
              -77.000696305335,
              38.89039309646562
            ],
            [
              -77.0006710705552,
              38.8894938625913
            ]
          ]
        ]
      },
      "properties": {
        "tile_id": 534
      }
    },
    {
      "type": "Feature",
      "geometry": {
        "type": "Polygon",
        "coordinates": [
          [
            [
              -76.99952233484117,
              38.889513546478476
            ],
            [
              -76.99837359800415,
              38.8895332190733
            ],
            [
              -76.9983988038526,
              38.89043245420355
            ],
            [
              -76.99954755515533,
              38.89041278098097
            ],
            [
              -76.99952233484117,
              38.889513546478476
            ]
          ]
        ]
      },
      "properties": {
        "tile_id": 535
      }
    },
    {
      "type": "Feature",
      "geometry": {
        "type": "Polygon",
        "coordinates": [
          [
            [
              -76.99837359800415,
              38.8895332190733
            ],
            [
              -76.99722486004475,
              38.889552880375675
            ],
            [
              -76.99725005142746,
              38.89045211613335
            ],
            [
              -76.9983988038526,
              38.89043245420355
            ],
            [
              -76.99837359800415,
              38.8895332190733
            ]
          ]
        ]
      },
      "properties": {
        "tile_id": 536
      }
    },
    {
      "type": "Feature",
      "geometry": {
        "type": "Polygon",
        "coordinates": [
          [
            [
              -76.99722486004475,
              38.889552880375675
            ],
            [
              -76.99607612096365,
              38.889572530385614
            ],
            [
              -76.99610129788054,
              38.89047176677035
            ],
            [
              -76.99725005142746,
              38.89045211613335
            ],
            [
              -76.99722486004475,
              38.889552880375675
            ]
          ]
        ]
      },
      "properties": {
        "tile_id": 537
      }
    },
    {
      "type": "Feature",
      "geometry": {
        "type": "Polygon",
        "coordinates": [
          [
            [
              -76.99607612096365,
              38.889572530385614
            ],
            [
              -76.99492738076147,
              38.88959216910306
            ],
            [
              -76.9949525432125,
              38.89049140611449
            ],
            [
              -76.99610129788054,
              38.89047176677035
            ],
            [
              -76.99607612096365,
              38.889572530385614
            ]
          ]
        ]
      },
      "properties": {
        "tile_id": 538
      }
    },
    {
      "type": "Feature",
      "geometry": {
        "type": "Polygon",
        "coordinates": [
          [
            [
              -76.99492738076147,
              38.88959216910306
            ],
            [
              -76.99377863943884,
              38.88961179652799
            ],
            [
              -76.99380378742397,
              38.89051103416576
            ],
            [
              -76.9949525432125,
              38.89049140611449
            ],
            [
              -76.99492738076147,
              38.88959216910306
            ]
          ]
        ]
      },
      "properties": {
        "tile_id": 539
      }
    },
    {
      "type": "Feature",
      "geometry": {
        "type": "Polygon",
        "coordinates": [
          [
            [
              -76.99377863943884,
              38.88961179652799
            ],
            [
              -76.99262989699643,
              38.88963141266035
            ],
            [
              -76.99265503051559,
              38.89053065092411
            ],
            [
              -76.99380378742397,
              38.89051103416576
            ],
            [
              -76.99377863943884,
              38.88961179652799
            ]
          ]
        ]
      },
      "properties": {
        "tile_id": 540
      }
    },
    {
      "type": "Feature",
      "geometry": {
        "type": "Polygon",
        "coordinates": [
          [
            [
              -76.99262989699643,
              38.88963141266035
            ],
            [
              -76.99148115343489,
              38.88965101750014
            ],
            [
              -76.99150627248802,
              38.89055025638953
            ],
            [
              -76.99265503051559,
              38.89053065092411
            ],
            [
              -76.99262989699643,
              38.88963141266035
            ]
          ]
        ]
      },
      "properties": {
        "tile_id": 541
      }
    },
    {
      "type": "Feature",
      "geometry": {
        "type": "Polygon",
        "coordinates": [
          [
            [
              -77.02941469295101,
              38.88989731353716
            ],
            [
              -77.02826597105687,
              38.88991728036031
            ],
            [
              -77.02829155413843,
              38.89081649889817
            ],
            [
              -77.02944029049746,
              38.89079653143786
            ],
            [
              -77.02941469295101,
              38.88989731353716
            ]
          ]
        ]
      },
      "properties": {
        "tile_id": 542
      }
    },
    {
      "type": "Feature",
      "geometry": {
        "type": "Polygon",
        "coordinates": [
          [
            [
              -77.02826597105687,
              38.88991728036031
            ],
            [
              -77.02711724802359,
              38.88993723589155
            ],
            [
              -77.02714281664018,
              38.8908364550662
            ],
            [
              -77.02829155413843,
              38.89081649889817
            ],
            [
              -77.02826597105687,
              38.88991728036031
            ]
          ]
        ]
      },
      "properties": {
        "tile_id": 543
      }
    },
    {
      "type": "Feature",
      "geometry": {
        "type": "Polygon",
        "coordinates": [
          [
            [
              -77.02711724802359,
              38.88993723589155
            ],
            [
              -77.02596852385182,
              38.88995718013086
            ],
            [
              -77.02599407800338,
              38.89085639994194
            ],
            [
              -77.02714281664018,
              38.8908364550662
            ],
            [
              -77.02711724802359,
              38.88993723589155
            ]
          ]
        ]
      },
      "properties": {
        "tile_id": 544
      }
    },
    {
      "type": "Feature",
      "geometry": {
        "type": "Polygon",
        "coordinates": [
          [
            [
              -77.02596852385182,
              38.88995718013086
            ],
            [
              -77.02481979854218,
              38.88997711307816
            ],
            [
              -77.02484533822867,
              38.890876333525334
            ],
            [
              -77.02599407800338,
              38.89085639994194
            ],
            [
              -77.02596852385182,
              38.88995718013086
            ]
          ]
        ]
      },
      "properties": {
        "tile_id": 545
      }
    },
    {
      "type": "Feature",
      "geometry": {
        "type": "Polygon",
        "coordinates": [
          [
            [
              -77.02481979854218,
              38.88997711307816
            ],
            [
              -77.02367107209534,
              38.889997034733476
            ],
            [
              -77.02369659731671,
              38.890896255816365
            ],
            [
              -77.02484533822867,
              38.890876333525334
            ],
            [
              -77.02481979854218,
              38.88997711307816
            ]
          ]
        ]
      },
      "properties": {
        "tile_id": 546
      }
    },
    {
      "type": "Feature",
      "geometry": {
        "type": "Polygon",
        "coordinates": [
          [
            [
              -77.02367107209534,
              38.889997034733476
            ],
            [
              -77.02252234451194,
              38.89001694509673
            ],
            [
              -77.02254785526812,
              38.89091616681499
            ],
            [
              -77.02369659731671,
              38.890896255816365
            ],
            [
              -77.02367107209534,
              38.889997034733476
            ]
          ]
        ]
      },
      "properties": {
        "tile_id": 547
      }
    },
    {
      "type": "Feature",
      "geometry": {
        "type": "Polygon",
        "coordinates": [
          [
            [
              -77.02252234451196,
              38.89001694509673
            ],
            [
              -77.02137361579261,
              38.89003684416792
            ],
            [
              -77.02139911208354,
              38.890936066521164
            ],
            [
              -77.02254785526812,
              38.89091616681499
            ],
            [
              -77.02252234451196,
              38.89001694509673
            ]
          ]
        ]
      },
      "properties": {
        "tile_id": 548
      }
    },
    {
      "type": "Feature",
      "geometry": {
        "type": "Polygon",
        "coordinates": [
          [
            [
              -77.02137361579261,
              38.89003684416792
            ],
            [
              -77.02022488593799,
              38.89005673194699
            ],
            [
              -77.02025036776364,
              38.890955954934874
            ],
            [
              -77.02139911208354,
              38.890936066521164
            ],
            [
              -77.02137361579261,
              38.89003684416792
            ]
          ]
        ]
      },
      "properties": {
        "tile_id": 549
      }
    },
    {
      "type": "Feature",
      "geometry": {
        "type": "Polygon",
        "coordinates": [
          [
            [
              -77.02022488593799,
              38.89005673194699
            ],
            [
              -77.01907615494875,
              38.890076608433915
            ],
            [
              -77.01910162230904,
              38.89097583205607
            ],
            [
              -77.02025036776364,
              38.890955954934874
            ],
            [
              -77.02022488593799,
              38.89005673194699
            ]
          ]
        ]
      },
      "properties": {
        "tile_id": 550
      }
    },
    {
      "type": "Feature",
      "geometry": {
        "type": "Polygon",
        "coordinates": [
          [
            [
              -77.01907615494875,
              38.890076608433915
            ],
            [
              -77.01792742282551,
              38.890096473628674
            ],
            [
              -77.01795287572038,
              38.89099569788475
            ],
            [
              -77.01910162230904,
              38.89097583205607
            ],
            [
              -77.01907615494875,
              38.890076608433915
            ]
          ]
        ]
      },
      "properties": {
        "tile_id": 551
      }
    },
    {
      "type": "Feature",
      "geometry": {
        "type": "Polygon",
        "coordinates": [
          [
            [
              -77.01792742282551,
              38.890096473628674
            ],
            [
              -77.01677868956892,
              38.890116327531196
            ],
            [
              -77.01680412799833,
              38.89101555242083
            ],
            [
              -77.01795287572038,
              38.89099569788475
            ],
            [
              -77.01792742282551,
              38.890096473628674
            ]
          ]
        ]
      },
      "properties": {
        "tile_id": 552
      }
    },
    {
      "type": "Feature",
      "geometry": {
        "type": "Polygon",
        "coordinates": [
          [
            [
              -77.01677868956892,
              38.890116327531196
            ],
            [
              -77.01562995517963,
              38.89013617014149
            ],
            [
              -77.01565537914351,
              38.89103539566432
            ],
            [
              -77.01680412799833,
              38.89101555242083
            ],
            [
              -77.01677868956892,
              38.890116327531196
            ]
          ]
        ]
      },
      "properties": {
        "tile_id": 553
      }
    },
    {
      "type": "Feature",
      "geometry": {
        "type": "Polygon",
        "coordinates": [
          [
            [
              -77.01562995517963,
              38.89013617014149
            ],
            [
              -77.01448121965825,
              38.890156001459495
            ],
            [
              -77.01450662915657,
              38.891055227615176
            ],
            [
              -77.01565537914351,
              38.89103539566432
            ],
            [
              -77.01562995517963,
              38.89013617014149
            ]
          ]
        ]
      },
      "properties": {
        "tile_id": 554
      }
    },
    {
      "type": "Feature",
      "geometry": {
        "type": "Polygon",
        "coordinates": [
          [
            [
              -77.01448121965825,
              38.890156001459495
            ],
            [
              -77.01333248300547,
              38.89017582148519
            ],
            [
              -77.01335787803816,
              38.891075048273336
            ],
            [
              -77.01450662915657,
              38.891055227615176
            ],
            [
              -77.01448121965825,
              38.890156001459495
            ]
          ]
        ]
      },
      "properties": {
        "tile_id": 555
      }
    },
    {
      "type": "Feature",
      "geometry": {
        "type": "Polygon",
        "coordinates": [
          [
            [
              -77.01333248300547,
              38.89017582148519
            ],
            [
              -77.01218374522192,
              38.890195630218535
            ],
            [
              -77.01220912578891,
              38.89109485763881
            ],
            [
              -77.01335787803816,
              38.891075048273336
            ],
            [
              -77.01333248300547,
              38.89017582148519
            ]
          ]
        ]
      },
      "properties": {
        "tile_id": 556
      }
    },
    {
      "type": "Feature",
      "geometry": {
        "type": "Polygon",
        "coordinates": [
          [
            [
              -77.01218374522192,
              38.890195630218535
            ],
            [
              -77.01103500630822,
              38.89021542765951
            ],
            [
              -77.01106037240947,
              38.89111465571154
            ],
            [
              -77.01220912578891,
              38.89109485763881
            ],
            [
              -77.01218374522192,
              38.890195630218535
            ]
          ]
        ]
      },
      "properties": {
        "tile_id": 557
      }
    },
    {
      "type": "Feature",
      "geometry": {
        "type": "Polygon",
        "coordinates": [
          [
            [
              -77.01103500630822,
              38.89021542765951
            ],
            [
              -77.00988626626503,
              38.89023521380807
            ],
            [
              -77.00991161790049,
              38.89113444249149
            ],
            [
              -77.01106037240947,
              38.89111465571154
            ],
            [
              -77.01103500630822,
              38.89021542765951
            ]
          ]
        ]
      },
      "properties": {
        "tile_id": 558
      }
    },
    {
      "type": "Feature",
      "geometry": {
        "type": "Polygon",
        "coordinates": [
          [
            [
              -77.00988626626503,
              38.89023521380807
            ],
            [
              -77.00873752509298,
              38.890254988664175
            ],
            [
              -77.0087628622626,
              38.89115421797864
            ],
            [
              -77.00991161790049,
              38.89113444249149
            ],
            [
              -77.00988626626503,
              38.89023521380807
            ]
          ]
        ]
      },
      "properties": {
        "tile_id": 559
      }
    },
    {
      "type": "Feature",
      "geometry": {
        "type": "Polygon",
        "coordinates": [
          [
            [
              -77.00873752509298,
              38.890254988664175
            ],
            [
              -77.00758878279274,
              38.8902747522278
            ],
            [
              -77.00761410549646,
              38.891173982172944
            ],
            [
              -77.0087628622626,
              38.89115421797864
            ],
            [
              -77.00873752509298,
              38.890254988664175
            ]
          ]
        ]
      },
      "properties": {
        "tile_id": 560
      }
    },
    {
      "type": "Feature",
      "geometry": {
        "type": "Polygon",
        "coordinates": [
          [
            [
              -77.00758878279275,
              38.8902747522278
            ],
            [
              -77.00644003936493,
              38.89029450449891
            ],
            [
              -77.00646534760268,
              38.89119373507439
            ],
            [
              -77.00761410549646,
              38.891173982172944
            ],
            [
              -77.00758878279275,
              38.8902747522278
            ]
          ]
        ]
      },
      "properties": {
        "tile_id": 561
      }
    },
    {
      "type": "Feature",
      "geometry": {
        "type": "Polygon",
        "coordinates": [
          [
            [
              -77.00644003936493,
              38.89029450449891
            ],
            [
              -77.00529129481022,
              38.890314245477484
            ],
            [
              -77.00531658858196,
              38.8912134766829
            ],
            [
              -77.00646534760268,
              38.89119373507439
            ],
            [
              -77.00644003936493,
              38.89029450449891
            ]
          ]
        ]
      },
      "properties": {
        "tile_id": 562
      }
    },
    {
      "type": "Feature",
      "geometry": {
        "type": "Polygon",
        "coordinates": [
          [
            [
              -77.00529129481022,
              38.890314245477484
            ],
            [
              -77.00414254912921,
              38.89033397516348
            ],
            [
              -77.00416782843489,
              38.891233206998486
            ],
            [
              -77.00531658858196,
              38.8912134766829
            ],
            [
              -77.00529129481022,
              38.890314245477484
            ]
          ]
        ]
      },
      "properties": {
        "tile_id": 563
      }
    },
    {
      "type": "Feature",
      "geometry": {
        "type": "Polygon",
        "coordinates": [
          [
            [
              -77.00414254912921,
              38.89033397516348
            ],
            [
              -77.00299380232259,
              38.890353693556854
            ],
            [
              -77.00301906716214,
              38.89125292602111
            ],
            [
              -77.00416782843489,
              38.891233206998486
            ],
            [
              -77.00414254912921,
              38.89033397516348
            ]
          ]
        ]
      },
      "properties": {
        "tile_id": 564
      }
    },
    {
      "type": "Feature",
      "geometry": {
        "type": "Polygon",
        "coordinates": [
          [
            [
              -77.00299380232259,
              38.890353693556854
            ],
            [
              -77.00184505439096,
              38.89037340065757
            ],
            [
              -77.00187030476435,
              38.89127263375071
            ],
            [
              -77.00301906716214,
              38.89125292602111
            ],
            [
              -77.00299380232259,
              38.890353693556854
            ]
          ]
        ]
      },
      "properties": {
        "tile_id": 565
      }
    },
    {
      "type": "Feature",
      "geometry": {
        "type": "Polygon",
        "coordinates": [
          [
            [
              -77.00184505439096,
              38.89037340065757
            ],
            [
              -77.000696305335,
              38.89039309646562
            ],
            [
              -77.00072154124214,
              38.89129233018727
            ],
            [
              -77.00187030476435,
              38.89127263375071
            ],
            [
              -77.00184505439096,
              38.89037340065757
            ]
          ]
        ]
      },
      "properties": {
        "tile_id": 566
      }
    },
    {
      "type": "Feature",
      "geometry": {
        "type": "Polygon",
        "coordinates": [
          [
            [
              -77.000696305335,
              38.89039309646562
            ],
            [
              -76.99954755515533,
              38.89041278098097
            ],
            [
              -76.99957277659618,
              38.89131201533076
            ],
            [
              -77.00072154124214,
              38.89129233018727
            ],
            [
              -77.000696305335,
              38.89039309646562
            ]
          ]
        ]
      },
      "properties": {
        "tile_id": 567
      }
    },
    {
      "type": "Feature",
      "geometry": {
        "type": "Polygon",
        "coordinates": [
          [
            [
              -76.99954755515533,
              38.89041278098097
            ],
            [
              -76.9983988038526,
              38.89043245420355
            ],
            [
              -76.99842401082711,
              38.89133168918115
            ],
            [
              -76.99957277659618,
              38.89131201533076
            ],
            [
              -76.99954755515533,
              38.89041278098097
            ]
          ]
        ]
      },
      "properties": {
        "tile_id": 568
      }
    },
    {
      "type": "Feature",
      "geometry": {
        "type": "Polygon",
        "coordinates": [
          [
            [
              -76.9983988038526,
              38.89043245420355
            ],
            [
              -76.99725005142746,
              38.89045211613335
            ],
            [
              -76.99727524393558,
              38.8913513517384
            ],
            [
              -76.99842401082711,
              38.89133168918115
            ],
            [
              -76.9983988038526,
              38.89043245420355
            ]
          ]
        ]
      },
      "properties": {
        "tile_id": 569
      }
    },
    {
      "type": "Feature",
      "geometry": {
        "type": "Polygon",
        "coordinates": [
          [
            [
              -76.99725005142746,
              38.89045211613335
            ],
            [
              -76.99610129788054,
              38.89047176677035
            ],
            [
              -76.99612647592221,
              38.89137100300247
            ],
            [
              -76.99727524393558,
              38.8913513517384
            ],
            [
              -76.99725005142746,
              38.89045211613335
            ]
          ]
        ]
      },
      "properties": {
        "tile_id": 570
      }
    },
    {
      "type": "Feature",
      "geometry": {
        "type": "Polygon",
        "coordinates": [
          [
            [
              -76.99610129788054,
              38.89047176677035
            ],
            [
              -76.9949525432125,
              38.89049140611449
            ],
            [
              -76.99497770678767,
              38.891390642973334
            ],
            [
              -76.99612647592221,
              38.89137100300247
            ],
            [
              -76.99610129788054,
              38.89047176677035
            ]
          ]
        ]
      },
      "properties": {
        "tile_id": 571
      }
    },
    {
      "type": "Feature",
      "geometry": {
        "type": "Polygon",
        "coordinates": [
          [
            [
              -76.9949525432125,
              38.89049140611449
            ],
            [
              -76.99380378742397,
              38.89051103416576
            ],
            [
              -76.99382893653258,
              38.89141027165096
            ],
            [
              -76.99497770678767,
              38.891390642973334
            ],
            [
              -76.9949525432125,
              38.89049140611449
            ]
          ]
        ]
      },
      "properties": {
        "tile_id": 572
      }
    },
    {
      "type": "Feature",
      "geometry": {
        "type": "Polygon",
        "coordinates": [
          [
            [
              -76.99380378742397,
              38.89051103416576
            ],
            [
              -76.99265503051559,
              38.89053065092411
            ],
            [
              -76.99268016515758,
              38.891429889035315
            ],
            [
              -76.99382893653258,
              38.89141027165096
            ],
            [
              -76.99380378742397,
              38.89051103416576
            ]
          ]
        ]
      },
      "properties": {
        "tile_id": 573
      }
    },
    {
      "type": "Feature",
      "geometry": {
        "type": "Polygon",
        "coordinates": [
          [
            [
              -76.99265503051559,
              38.89053065092411
            ],
            [
              -76.99150627248802,
              38.89055025638953
            ],
            [
              -76.99153139266335,
              38.89144949512636
            ],
            [
              -76.99268016515758,
              38.891429889035315
            ],
            [
              -76.99265503051559,
              38.89053065092411
            ]
          ]
        ]
      },
      "properties": {
        "tile_id": 574
      }
    },
    {
      "type": "Feature",
      "geometry": {
        "type": "Polygon",
        "coordinates": [
          [
            [
              -77.02944029049746,
              38.89079653143786
            ],
            [
              -77.02829155413843,
              38.89081649889817
            ],
            [
              -77.02831713836287,
              38.89171571728297
            ],
            [
              -77.02946588918746,
              38.89169574918549
            ],
            [
              -77.02944029049746,
              38.89079653143786
            ]
          ]
        ]
      },
      "properties": {
        "tile_id": 575
      }
    },
    {
      "type": "Feature",
      "geometry": {
        "type": "Polygon",
        "coordinates": [
          [
            [
              -77.02829155413843,
              38.89081649889817
            ],
            [
              -77.02714281664018,
              38.8908364550662
            ],
            [
              -77.027168386399,
              38.891735674087826
            ],
            [
              -77.02831713836287,
              38.89171571728297
            ],
            [
              -77.02829155413843,
              38.89081649889817
            ]
          ]
        ]
      },
      "properties": {
        "tile_id": 576
      }
    },
    {
      "type": "Feature",
      "geometry": {
        "type": "Polygon",
        "coordinates": [
          [
            [
              -77.02714281664018,
              38.8908364550662
            ],
            [
              -77.02599407800338,
              38.89085639994194
            ],
            [
              -77.02601963329654,
              38.89175561960001
            ],
            [
              -77.02716838639901,
              38.891735674087826
            ],
            [
              -77.02714281664018,
              38.8908364550662
            ]
          ]
        ]
      },
      "properties": {
        "tile_id": 577
      }
    },
    {
      "type": "Feature",
      "geometry": {
        "type": "Polygon",
        "coordinates": [
          [
            [
              -77.02599407800338,
              38.89085639994194
            ],
            [
              -77.02484533822867,
              38.890876333525334
            ],
            [
              -77.02487087905612,
              38.8917755538195
            ],
            [
              -77.02601963329654,
              38.89175561960001
            ],
            [
              -77.02599407800338,
              38.89085639994194
            ]
          ]
        ]
      },
      "properties": {
        "tile_id": 578
      }
    },
    {
      "type": "Feature",
      "geometry": {
        "type": "Polygon",
        "coordinates": [
          [
            [
              -77.02484533822867,
              38.890876333525334
            ],
            [
              -77.02369659731671,
              38.890896255816365
            ],
            [
              -77.02372212367837,
              38.89179547674626
            ],
            [
              -77.02487087905612,
              38.8917755538195
            ],
            [
              -77.02484533822867,
              38.890876333525334
            ]
          ]
        ]
      },
      "properties": {
        "tile_id": 579
      }
    },
    {
      "type": "Feature",
      "geometry": {
        "type": "Polygon",
        "coordinates": [
          [
            [
              -77.02369659731671,
              38.890896255816365
            ],
            [
              -77.02254785526812,
              38.89091616681499
            ],
            [
              -77.02257336716394,
              38.89181538838025
            ],
            [
              -77.02372212367837,
              38.89179547674626
            ],
            [
              -77.02369659731671,
              38.890896255816365
            ]
          ]
        ]
      },
      "properties": {
        "tile_id": 580
      }
    },
    {
      "type": "Feature",
      "geometry": {
        "type": "Polygon",
        "coordinates": [
          [
            [
              -77.02254785526812,
              38.89091616681499
            ],
            [
              -77.02139911208354,
              38.890936066521164
            ],
            [
              -77.02142460951349,
              38.89183528872145
            ],
            [
              -77.02257336716394,
              38.89181538838025
            ],
            [
              -77.02254785526812,
              38.89091616681499
            ]
          ]
        ]
      },
      "properties": {
        "tile_id": 581
      }
    },
    {
      "type": "Feature",
      "geometry": {
        "type": "Polygon",
        "coordinates": [
          [
            [
              -77.02139911208354,
              38.890936066521164
            ],
            [
              -77.02025036776364,
              38.890955954934874
            ],
            [
              -77.02027585072764,
              38.89185517776982
            ],
            [
              -77.02142460951349,
              38.89183528872145
            ],
            [
              -77.02139911208354,
              38.890936066521164
            ]
          ]
        ]
      },
      "properties": {
        "tile_id": 582
      }
    },
    {
      "type": "Feature",
      "geometry": {
        "type": "Polygon",
        "coordinates": [
          [
            [
              -77.02025036776364,
              38.890955954934874
            ],
            [
              -77.01910162230904,
              38.89097583205607
            ],
            [
              -77.01912709080703,
              38.89187505552532
            ],
            [
              -77.02027585072764,
              38.89185517776982
            ],
            [
              -77.02025036776364,
              38.890955954934874
            ]
          ]
        ]
      },
      "properties": {
        "tile_id": 583
      }
    },
    {
      "type": "Feature",
      "geometry": {
        "type": "Polygon",
        "coordinates": [
          [
            [
              -77.01910162230904,
              38.89097583205607
            ],
            [
              -77.01795287572038,
              38.89099569788475
            ],
            [
              -77.01797832975234,
              38.891894921987905
            ],
            [
              -77.01912709080703,
              38.89187505552532
            ],
            [
              -77.01910162230904,
              38.89097583205607
            ]
          ]
        ]
      },
      "properties": {
        "tile_id": 584
      }
    },
    {
      "type": "Feature",
      "geometry": {
        "type": "Polygon",
        "coordinates": [
          [
            [
              -77.01795287572038,
              38.89099569788475
            ],
            [
              -77.01680412799833,
              38.89101555242083
            ],
            [
              -77.01682956756419,
              38.891914777157574
            ],
            [
              -77.01797832975234,
              38.891894921987905
            ],
            [
              -77.01795287572038,
              38.89099569788475
            ]
          ]
        ]
      },
      "properties": {
        "tile_id": 585
      }
    },
    {
      "type": "Feature",
      "geometry": {
        "type": "Polygon",
        "coordinates": [
          [
            [
              -77.01680412799833,
              38.89101555242083
            ],
            [
              -77.01565537914351,
              38.89103539566432
            ],
            [
              -77.0156808042432,
              38.891934621034274
            ],
            [
              -77.01682956756419,
              38.891914777157574
            ],
            [
              -77.01680412799833,
              38.89101555242083
            ]
          ]
        ]
      },
      "properties": {
        "tile_id": 586
      }
    },
    {
      "type": "Feature",
      "geometry": {
        "type": "Polygon",
        "coordinates": [
          [
            [
              -77.01565537914351,
              38.89103539566432
            ],
            [
              -77.01450662915657,
              38.891055227615176
            ],
            [
              -77.01453203979004,
              38.89195445361798
            ],
            [
              -77.0156808042432,
              38.891934621034274
            ],
            [
              -77.01565537914351,
              38.89103539566432
            ]
          ]
        ]
      },
      "properties": {
        "tile_id": 587
      }
    },
    {
      "type": "Feature",
      "geometry": {
        "type": "Polygon",
        "coordinates": [
          [
            [
              -77.01450662915657,
              38.891055227615176
            ],
            [
              -77.01335787803816,
              38.891075048273336
            ],
            [
              -77.01338327420535,
              38.89197427490865
            ],
            [
              -77.01453203979004,
              38.89195445361798
            ],
            [
              -77.01450662915657,
              38.891055227615176
            ]
          ]
        ]
      },
      "properties": {
        "tile_id": 588
      }
    },
    {
      "type": "Feature",
      "geometry": {
        "type": "Polygon",
        "coordinates": [
          [
            [
              -77.01335787803816,
              38.891075048273336
            ],
            [
              -77.01220912578891,
              38.89109485763881
            ],
            [
              -77.01223450748978,
              38.89199408490625
            ],
            [
              -77.01338327420535,
              38.89197427490865
            ],
            [
              -77.01335787803816,
              38.891075048273336
            ]
          ]
        ]
      },
      "properties": {
        "tile_id": 589
      }
    },
    {
      "type": "Feature",
      "geometry": {
        "type": "Polygon",
        "coordinates": [
          [
            [
              -77.01220912578891,
              38.89109485763881
            ],
            [
              -77.01106037240947,
              38.89111465571154
            ],
            [
              -77.01108573964396,
              38.89201388361075
            ],
            [
              -77.01223450748978,
              38.89199408490625
            ],
            [
              -77.01220912578891,
              38.89109485763881
            ]
          ]
        ]
      },
      "properties": {
        "tile_id": 590
      }
    },
    {
      "type": "Feature",
      "geometry": {
        "type": "Polygon",
        "coordinates": [
          [
            [
              -77.01106037240947,
              38.89111465571154
            ],
            [
              -77.00991161790049,
              38.89113444249149
            ],
            [
              -77.00993697066853,
              38.89203367102212
            ],
            [
              -77.01108573964396,
              38.89201388361075
            ],
            [
              -77.01106037240947,
              38.89111465571154
            ]
          ]
        ]
      },
      "properties": {
        "tile_id": 591
      }
    },
    {
      "type": "Feature",
      "geometry": {
        "type": "Polygon",
        "coordinates": [
          [
            [
              -77.00991161790049,
              38.89113444249149
            ],
            [
              -77.0087628622626,
              38.89115421797864
            ],
            [
              -77.00878820056414,
              38.89205344714031
            ],
            [
              -77.00993697066853,
              38.89203367102212
            ],
            [
              -77.00991161790049,
              38.89113444249149
            ]
          ]
        ]
      },
      "properties": {
        "tile_id": 592
      }
    },
    {
      "type": "Feature",
      "geometry": {
        "type": "Polygon",
        "coordinates": [
          [
            [
              -77.0087628622626,
              38.89115421797864
            ],
            [
              -77.00761410549646,
              38.891173982172944
            ],
            [
              -77.00763942933146,
              38.89207321196532
            ],
            [
              -77.00878820056414,
              38.89205344714031
            ],
            [
              -77.0087628622626,
              38.89115421797864
            ]
          ]
        ]
      },
      "properties": {
        "tile_id": 593
      }
    },
    {
      "type": "Feature",
      "geometry": {
        "type": "Polygon",
        "coordinates": [
          [
            [
              -77.00761410549646,
              38.891173982172944
            ],
            [
              -77.00646534760268,
              38.89119373507439
            ],
            [
              -77.00649065697108,
              38.89209296549708
            ],
            [
              -77.00763942933146,
              38.89207321196532
            ],
            [
              -77.00761410549646,
              38.891173982172944
            ]
          ]
        ]
      },
      "properties": {
        "tile_id": 594
      }
    },
    {
      "type": "Feature",
      "geometry": {
        "type": "Polygon",
        "coordinates": [
          [
            [
              -77.00646534760268,
              38.89119373507439
            ],
            [
              -77.00531658858196,
              38.8912134766829
            ],
            [
              -77.0053418834837,
              38.89211270773558
            ],
            [
              -77.00649065697108,
              38.89209296549708
            ],
            [
              -77.00646534760268,
              38.89119373507439
            ]
          ]
        ]
      },
      "properties": {
        "tile_id": 595
      }
    },
    {
      "type": "Feature",
      "geometry": {
        "type": "Polygon",
        "coordinates": [
          [
            [
              -77.00531658858196,
              38.8912134766829
            ],
            [
              -77.00416782843489,
              38.891233206998486
            ],
            [
              -77.00419310886991,
              38.89213243868079
            ],
            [
              -77.0053418834837,
              38.89211270773558
            ],
            [
              -77.00531658858196,
              38.8912134766829
            ]
          ]
        ]
      },
      "properties": {
        "tile_id": 596
      }
    },
    {
      "type": "Feature",
      "geometry": {
        "type": "Polygon",
        "coordinates": [
          [
            [
              -77.00416782843489,
              38.891233206998486
            ],
            [
              -77.00301906716214,
              38.89125292602111
            ],
            [
              -77.00304433313039,
              38.89215215833265
            ],
            [
              -77.00419310886991,
              38.89213243868079
            ],
            [
              -77.00416782843489,
              38.891233206998486
            ]
          ]
        ]
      },
      "properties": {
        "tile_id": 597
      }
    },
    {
      "type": "Feature",
      "geometry": {
        "type": "Polygon",
        "coordinates": [
          [
            [
              -77.00301906716214,
              38.89125292602111
            ],
            [
              -77.00187030476435,
              38.89127263375071
            ],
            [
              -77.00189555626577,
              38.89217186669114
            ],
            [
              -77.00304433313039,
              38.89215215833265
            ],
            [
              -77.00301906716214,
              38.89125292602111
            ]
          ]
        ]
      },
      "properties": {
        "tile_id": 598
      }
    },
    {
      "type": "Feature",
      "geometry": {
        "type": "Polygon",
        "coordinates": [
          [
            [
              -77.00187030476435,
              38.89127263375071
            ],
            [
              -77.00072154124214,
              38.89129233018727
            ],
            [
              -77.00074677827669,
              38.89219156375625
            ],
            [
              -77.00189555626577,
              38.89217186669114
            ],
            [
              -77.00187030476435,
              38.89127263375071
            ]
          ]
        ]
      },
      "properties": {
        "tile_id": 599
      }
    },
    {
      "type": "Feature",
      "geometry": {
        "type": "Polygon",
        "coordinates": [
          [
            [
              -77.00072154124214,
              38.89129233018727
            ],
            [
              -76.99957277659618,
              38.89131201533076
            ],
            [
              -76.9995979991638,
              38.89221124952791
            ],
            [
              -77.00074677827669,
              38.89219156375625
            ],
            [
              -77.00072154124214,
              38.89129233018727
            ]
          ]
        ]
      },
      "properties": {
        "tile_id": 600
      }
    },
    {
      "type": "Feature",
      "geometry": {
        "type": "Polygon",
        "coordinates": [
          [
            [
              -76.99957277659618,
              38.89131201533076
            ],
            [
              -76.99842401082711,
              38.89133168918115
            ],
            [
              -76.99844921892775,
              38.892230924006114
            ],
            [
              -76.9995979991638,
              38.89221124952791
            ],
            [
              -76.99957277659618,
              38.89131201533076
            ]
          ]
        ]
      },
      "properties": {
        "tile_id": 601
      }
    },
    {
      "type": "Feature",
      "geometry": {
        "type": "Polygon",
        "coordinates": [
          [
            [
              -76.99842401082711,
              38.89133168918115
            ],
            [
              -76.99727524393558,
              38.8913513517384
            ],
            [
              -76.99730043756917,
              38.892250587190816
            ],
            [
              -76.99844921892775,
              38.892230924006114
            ],
            [
              -76.99842401082711,
              38.89133168918115
            ]
          ]
        ]
      },
      "properties": {
        "tile_id": 602
      }
    },
    {
      "type": "Feature",
      "geometry": {
        "type": "Polygon",
        "coordinates": [
          [
            [
              -76.99727524393558,
              38.8913513517384
            ],
            [
              -76.99612647592221,
              38.89137100300247
            ],
            [
              -76.9961516550887,
              38.89227023908197
            ],
            [
              -76.99730043756917,
              38.892250587190816
            ],
            [
              -76.99727524393558,
              38.8913513517384
            ]
          ]
        ]
      },
      "properties": {
        "tile_id": 603
      }
    },
    {
      "type": "Feature",
      "geometry": {
        "type": "Polygon",
        "coordinates": [
          [
            [
              -76.99612647592221,
              38.89137100300247
            ],
            [
              -76.99497770678767,
              38.891390642973334
            ],
            [
              -76.995002871487,
              38.89228987967958
            ],
            [
              -76.99615165508871,
              38.89227023908197
            ],
            [
              -76.99612647592221,
              38.89137100300247
            ]
          ]
        ]
      },
      "properties": {
        "tile_id": 604
      }
    },
    {
      "type": "Feature",
      "geometry": {
        "type": "Polygon",
        "coordinates": [
          [
            [
              -76.99497770678767,
              38.891390642973334
            ],
            [
              -76.99382893653258,
              38.89141027165096
            ],
            [
              -76.99385408676471,
              38.89230950898357
            ],
            [
              -76.995002871487,
              38.89228987967958
            ],
            [
              -76.99497770678767,
              38.891390642973334
            ]
          ]
        ]
      },
      "properties": {
        "tile_id": 605
      }
    },
    {
      "type": "Feature",
      "geometry": {
        "type": "Polygon",
        "coordinates": [
          [
            [
              -76.99382893653258,
              38.89141027165096
            ],
            [
              -76.99268016515758,
              38.891429889035315
            ],
            [
              -76.99270530092247,
              38.89232912699395
            ],
            [
              -76.99385408676471,
              38.89230950898357
            ],
            [
              -76.99382893653258,
              38.89141027165096
            ]
          ]
        ]
      },
      "properties": {
        "tile_id": 606
      }
    },
    {
      "type": "Feature",
      "geometry": {
        "type": "Polygon",
        "coordinates": [
          [
            [
              -76.99268016515758,
              38.891429889035315
            ],
            [
              -76.99153139266335,
              38.89144949512636
            ],
            [
              -76.99155651396092,
              38.89234873371064
            ],
            [
              -76.99270530092247,
              38.89232912699395
            ],
            [
              -76.99268016515758,
              38.891429889035315
            ]
          ]
        ]
      },
      "properties": {
        "tile_id": 607
      }
    },
    {
      "type": "Feature",
      "geometry": {
        "type": "Polygon",
        "coordinates": [
          [
            [
              -77.02946588918746,
              38.89169574918549
            ],
            [
              -77.02831713836287,
              38.89171571728297
            ],
            [
              -77.02834272373025,
              38.89261493551471
            ],
            [
              -77.02949148902105,
              38.89259496678004
            ],
            [
              -77.02946588918746,
              38.89169574918549
            ]
          ]
        ]
      },
      "properties": {
        "tile_id": 608
      }
    },
    {
      "type": "Feature",
      "geometry": {
        "type": "Polygon",
        "coordinates": [
          [
            [
              -77.02831713836287,
              38.89171571728297
            ],
            [
              -77.027168386399,
              38.891735674087826
            ],
            [
              -77.02719395730014,
              38.89263489295639
            ],
            [
              -77.02834272373025,
              38.89261493551471
            ],
            [
              -77.02831713836287,
              38.89171571728297
            ]
          ]
        ]
      },
      "properties": {
        "tile_id": 609
      }
    },
    {
      "type": "Feature",
      "geometry": {
        "type": "Polygon",
        "coordinates": [
          [
            [
              -77.02716838639901,
              38.891735674087826
            ],
            [
              -77.02601963329654,
              38.89175561960001
            ],
            [
              -77.02604518973136,
              38.89265483910504
            ],
            [
              -77.02719395730014,
              38.89263489295639
            ],
            [
              -77.02716838639901,
              38.891735674087826
            ]
          ]
        ]
      },
      "properties": {
        "tile_id": 610
      }
    },
    {
      "type": "Feature",
      "geometry": {
        "type": "Polygon",
        "coordinates": [
          [
            [
              -77.02601963329654,
              38.89175561960001
            ],
            [
              -77.02487087905612,
              38.8917755538195
            ],
            [
              -77.02489642102458,
              38.89267477396065
            ],
            [
              -77.02604518973136,
              38.89265483910504
            ],
            [
              -77.02601963329654,
              38.89175561960001
            ]
          ]
        ]
      },
      "properties": {
        "tile_id": 611
      }
    },
    {
      "type": "Feature",
      "geometry": {
        "type": "Polygon",
        "coordinates": [
          [
            [
              -77.02487087905612,
              38.8917755538195
            ],
            [
              -77.02372212367837,
              38.89179547674626
            ],
            [
              -77.0237476511804,
              38.892694697523154
            ],
            [
              -77.02489642102458,
              38.89267477396065
            ],
            [
              -77.02487087905612,
              38.8917755538195
            ]
          ]
        ]
      },
      "properties": {
        "tile_id": 612
      }
    },
    {
      "type": "Feature",
      "geometry": {
        "type": "Polygon",
        "coordinates": [
          [
            [
              -77.02372212367837,
              38.89179547674626
            ],
            [
              -77.02257336716394,
              38.89181538838025
            ],
            [
              -77.0225988801995,
              38.892714609792534
            ],
            [
              -77.0237476511804,
              38.892694697523154
            ],
            [
              -77.02372212367837,
              38.89179547674626
            ]
          ]
        ]
      },
      "properties": {
        "tile_id": 613
      }
    },
    {
      "type": "Feature",
      "geometry": {
        "type": "Polygon",
        "coordinates": [
          [
            [
              -77.02257336716394,
              38.89181538838025
            ],
            [
              -77.02142460951349,
              38.89183528872145
            ],
            [
              -77.02145010808252,
              38.89273451076876
            ],
            [
              -77.0225988801995,
              38.892714609792534
            ],
            [
              -77.02257336716394,
              38.89181538838025
            ]
          ]
        ]
      },
      "properties": {
        "tile_id": 614
      }
    },
    {
      "type": "Feature",
      "geometry": {
        "type": "Polygon",
        "coordinates": [
          [
            [
              -77.02142460951349,
              38.89183528872145
            ],
            [
              -77.02027585072764,
              38.89185517776982
            ],
            [
              -77.02030133483007,
              38.892754400451814
            ],
            [
              -77.02145010808252,
              38.89273451076876
            ],
            [
              -77.02142460951349,
              38.89183528872145
            ]
          ]
        ]
      },
      "properties": {
        "tile_id": 615
      }
    },
    {
      "type": "Feature",
      "geometry": {
        "type": "Polygon",
        "coordinates": [
          [
            [
              -77.02027585072764,
              38.89185517776982
            ],
            [
              -77.01912709080703,
              38.89187505552532
            ],
            [
              -77.01915256044283,
              38.8927742788416
            ],
            [
              -77.02030133483007,
              38.892754400451814
            ],
            [
              -77.02027585072764,
              38.89185517776982
            ]
          ]
        ]
      },
      "properties": {
        "tile_id": 616
      }
    },
    {
      "type": "Feature",
      "geometry": {
        "type": "Polygon",
        "coordinates": [
          [
            [
              -77.01912709080703,
              38.89187505552532
            ],
            [
              -77.01797832975234,
              38.891894921987905
            ],
            [
              -77.01800378492143,
              38.892794145938154
            ],
            [
              -77.01915256044283,
              38.8927742788416
            ],
            [
              -77.01912709080703,
              38.89187505552532
            ]
          ]
        ]
      },
      "properties": {
        "tile_id": 617
      }
    },
    {
      "type": "Feature",
      "geometry": {
        "type": "Polygon",
        "coordinates": [
          [
            [
              -77.01797832975234,
              38.891894921987905
            ],
            [
              -77.01682956756419,
              38.891914777157574
            ],
            [
              -77.01685500826652,
              38.892814001741414
            ],
            [
              -77.01800378492143,
              38.892794145938154
            ],
            [
              -77.01797832975234,
              38.891894921987905
            ]
          ]
        ]
      },
      "properties": {
        "tile_id": 618
      }
    },
    {
      "type": "Feature",
      "geometry": {
        "type": "Polygon",
        "coordinates": [
          [
            [
              -77.01682956756419,
              38.891914777157574
            ],
            [
              -77.0156808042432,
              38.891934621034274
            ],
            [
              -77.01570623047873,
              38.89283384625135
            ],
            [
              -77.01685500826652,
              38.892814001741414
            ],
            [
              -77.01682956756419,
              38.891914777157574
            ]
          ]
        ]
      },
      "properties": {
        "tile_id": 619
      }
    },
    {
      "type": "Feature",
      "geometry": {
        "type": "Polygon",
        "coordinates": [
          [
            [
              -77.0156808042432,
              38.891934621034274
            ],
            [
              -77.01453203979004,
              38.89195445361798
            ],
            [
              -77.0145574515587,
              38.89285367946791
            ],
            [
              -77.01570623047873,
              38.89283384625135
            ],
            [
              -77.0156808042432,
              38.891934621034274
            ]
          ]
        ]
      },
      "properties": {
        "tile_id": 620
      }
    },
    {
      "type": "Feature",
      "geometry": {
        "type": "Polygon",
        "coordinates": [
          [
            [
              -77.01453203979004,
              38.89195445361798
            ],
            [
              -77.01338327420535,
              38.89197427490865
            ],
            [
              -77.0134086715071,
              38.892873501391094
            ],
            [
              -77.0145574515587,
              38.89285367946791
            ],
            [
              -77.01453203979004,
              38.89195445361798
            ]
          ]
        ]
      },
      "properties": {
        "tile_id": 621
      }
    },
    {
      "type": "Feature",
      "geometry": {
        "type": "Polygon",
        "coordinates": [
          [
            [
              -77.01338327420535,
              38.89197427490865
            ],
            [
              -77.01223450748978,
              38.89199408490625
            ],
            [
              -77.01225989032454,
              38.892893312020846
            ],
            [
              -77.0134086715071,
              38.892873501391094
            ],
            [
              -77.01338327420535,
              38.89197427490865
            ]
          ]
        ]
      },
      "properties": {
        "tile_id": 622
      }
    },
    {
      "type": "Feature",
      "geometry": {
        "type": "Polygon",
        "coordinates": [
          [
            [
              -77.01223450748978,
              38.89199408490625
            ],
            [
              -77.01108573964396,
              38.89201388361075
            ],
            [
              -77.0111111080117,
              38.89291311135713
            ],
            [
              -77.01225989032454,
              38.892893312020846
            ],
            [
              -77.01223450748978,
              38.89199408490625
            ]
          ]
        ]
      },
      "properties": {
        "tile_id": 623
      }
    },
    {
      "type": "Feature",
      "geometry": {
        "type": "Polygon",
        "coordinates": [
          [
            [
              -77.01108573964396,
              38.89201388361075
            ],
            [
              -77.00993697066853,
              38.89203367102212
            ],
            [
              -77.00996232456919,
              38.89293289939993
            ],
            [
              -77.0111111080117,
              38.89291311135713
            ],
            [
              -77.01108573964396,
              38.89201388361075
            ]
          ]
        ]
      },
      "properties": {
        "tile_id": 624
      }
    },
    {
      "type": "Feature",
      "geometry": {
        "type": "Polygon",
        "coordinates": [
          [
            [
              -77.00993697066853,
              38.89203367102212
            ],
            [
              -77.00878820056414,
              38.89205344714031
            ],
            [
              -77.00881353999767,
              38.8929526761492
            ],
            [
              -77.00996232456919,
              38.89293289939993
            ],
            [
              -77.00993697066853,
              38.89203367102212
            ]
          ]
        ]
      },
      "properties": {
        "tile_id": 625
      }
    },
    {
      "type": "Feature",
      "geometry": {
        "type": "Polygon",
        "coordinates": [
          [
            [
              -77.00878820056414,
              38.89205344714031
            ],
            [
              -77.00763942933146,
              38.89207321196532
            ],
            [
              -77.00766475429778,
              38.89297244160491
            ],
            [
              -77.00881353999767,
              38.8929526761492
            ],
            [
              -77.00878820056414,
              38.89205344714031
            ]
          ]
        ]
      },
      "properties": {
        "tile_id": 626
      }
    },
    {
      "type": "Feature",
      "geometry": {
        "type": "Polygon",
        "coordinates": [
          [
            [
              -77.00763942933146,
              38.89207321196532
            ],
            [
              -77.00649065697108,
              38.89209296549708
            ],
            [
              -77.00651596747016,
              38.89299219576702
            ],
            [
              -77.00766475429778,
              38.89297244160491
            ],
            [
              -77.00763942933146,
              38.89207321196532
            ]
          ]
        ]
      },
      "properties": {
        "tile_id": 627
      }
    },
    {
      "type": "Feature",
      "geometry": {
        "type": "Polygon",
        "coordinates": [
          [
            [
              -77.00649065697108,
              38.89209296549708
            ],
            [
              -77.0053418834837,
              38.89211270773558
            ],
            [
              -77.00536717951546,
              38.89301193863552
            ],
            [
              -77.00651596747016,
              38.89299219576702
            ],
            [
              -77.00649065697108,
              38.89209296549708
            ]
          ]
        ]
      },
      "properties": {
        "tile_id": 628
      }
    },
    {
      "type": "Feature",
      "geometry": {
        "type": "Polygon",
        "coordinates": [
          [
            [
              -77.0053418834837,
              38.89211270773558
            ],
            [
              -77.00419310886991,
              38.89213243868079
            ],
            [
              -77.00421839043433,
              38.89303167021035
            ],
            [
              -77.00536717951546,
              38.89301193863552
            ],
            [
              -77.0053418834837,
              38.89211270773558
            ]
          ]
        ]
      },
      "properties": {
        "tile_id": 629
      }
    },
    {
      "type": "Feature",
      "geometry": {
        "type": "Polygon",
        "coordinates": [
          [
            [
              -77.00419310886991,
              38.89213243868079
            ],
            [
              -77.00304433313039,
              38.89215215833265
            ],
            [
              -77.00306960022739,
              38.893051390491486
            ],
            [
              -77.00421839043433,
              38.89303167021035
            ],
            [
              -77.00419310886991,
              38.89213243868079
            ]
          ]
        ]
      },
      "properties": {
        "tile_id": 630
      }
    },
    {
      "type": "Feature",
      "geometry": {
        "type": "Polygon",
        "coordinates": [
          [
            [
              -77.00304433313039,
              38.89215215833265
            ],
            [
              -77.00189555626577,
              38.89217186669114
            ],
            [
              -77.00192080889529,
              38.89307109947889
            ],
            [
              -77.00306960022739,
              38.893051390491486
            ],
            [
              -77.00304433313039,
              38.89215215833265
            ]
          ]
        ]
      },
      "properties": {
        "tile_id": 631
      }
    },
    {
      "type": "Feature",
      "geometry": {
        "type": "Polygon",
        "coordinates": [
          [
            [
              -77.00189555626577,
              38.89217186669114
            ],
            [
              -77.00074677827669,
              38.89219156375625
            ],
            [
              -77.0007720164387,
              38.89309079717254
            ],
            [
              -77.00192080889529,
              38.89307109947889
            ],
            [
              -77.00189555626577,
              38.89217186669114
            ]
          ]
        ]
      },
      "properties": {
        "tile_id": 632
      }
    },
    {
      "type": "Feature",
      "geometry": {
        "type": "Polygon",
        "coordinates": [
          [
            [
              -77.00074677827669,
              38.89219156375625
            ],
            [
              -76.9995979991638,
              38.89221124952791
            ],
            [
              -76.99962322285823,
              38.89311048357239
            ],
            [
              -77.0007720164387,
              38.89309079717254
            ],
            [
              -77.00074677827669,
              38.89219156375625
            ]
          ]
        ]
      },
      "properties": {
        "tile_id": 633
      }
    },
    {
      "type": "Feature",
      "geometry": {
        "type": "Polygon",
        "coordinates": [
          [
            [
              -76.9995979991638,
              38.89221124952791
            ],
            [
              -76.99844921892775,
              38.892230924006114
            ],
            [
              -76.99847442815455,
              38.89313015867843
            ],
            [
              -76.99962322285823,
              38.89311048357239
            ],
            [
              -76.9995979991638,
              38.89221124952791
            ]
          ]
        ]
      },
      "properties": {
        "tile_id": 634
      }
    },
    {
      "type": "Feature",
      "geometry": {
        "type": "Polygon",
        "coordinates": [
          [
            [
              -76.99844921892775,
              38.892230924006114
            ],
            [
              -76.99730043756917,
              38.892250587190816
            ],
            [
              -76.99732563232828,
              38.89314982249059
            ],
            [
              -76.99847442815455,
              38.89313015867843
            ],
            [
              -76.99844921892775,
              38.892230924006114
            ]
          ]
        ]
      },
      "properties": {
        "tile_id": 635
      }
    },
    {
      "type": "Feature",
      "geometry": {
        "type": "Polygon",
        "coordinates": [
          [
            [
              -76.99730043756917,
              38.892250587190816
            ],
            [
              -76.9961516550887,
              38.89227023908197
            ],
            [
              -76.99617683538008,
              38.89316947500887
            ],
            [
              -76.99732563232828,
              38.89314982249059
            ],
            [
              -76.99730043756917,
              38.892250587190816
            ]
          ]
        ]
      },
      "properties": {
        "tile_id": 636
      }
    },
    {
      "type": "Feature",
      "geometry": {
        "type": "Polygon",
        "coordinates": [
          [
            [
              -76.99615165508871,
              38.89227023908197
            ],
            [
              -76.995002871487,
              38.89228987967958
            ],
            [
              -76.99502803731058,
              38.89318911623321
            ],
            [
              -76.99617683538008,
              38.89316947500887
            ],
            [
              -76.99615165508871,
              38.89227023908197
            ]
          ]
        ]
      },
      "properties": {
        "tile_id": 637
      }
    },
    {
      "type": "Feature",
      "geometry": {
        "type": "Polygon",
        "coordinates": [
          [
            [
              -76.995002871487,
              38.89228987967958
            ],
            [
              -76.99385408676471,
              38.89230950898357
            ],
            [
              -76.99387923812043,
              38.89320874616361
            ],
            [
              -76.99502803731058,
              38.89318911623321
            ],
            [
              -76.995002871487,
              38.89228987967958
            ]
          ]
        ]
      },
      "properties": {
        "tile_id": 638
      }
    },
    {
      "type": "Feature",
      "geometry": {
        "type": "Polygon",
        "coordinates": [
          [
            [
              -76.99385408676471,
              38.89230950898357
            ],
            [
              -76.99270530092247,
              38.89232912699395
            ],
            [
              -76.99273043781028,
              38.8932283648
            ],
            [
              -76.99387923812043,
              38.89320874616361
            ],
            [
              -76.99385408676471,
              38.89230950898357
            ]
          ]
        ]
      },
      "properties": {
        "tile_id": 639
      }
    },
    {
      "type": "Feature",
      "geometry": {
        "type": "Polygon",
        "coordinates": [
          [
            [
              -76.99270530092247,
              38.89232912699395
            ],
            [
              -76.99155651396092,
              38.89234873371064
            ],
            [
              -76.99158163638076,
              38.89324797214237
            ],
            [
              -76.99273043781028,
              38.8932283648
            ],
            [
              -76.99270530092247,
              38.89232912699395
            ]
          ]
        ]
      },
      "properties": {
        "tile_id": 640
      }
    },
    {
      "type": "Feature",
      "geometry": {
        "type": "Polygon",
        "coordinates": [
          [
            [
              -77.02949148902105,
              38.89259496678004
            ],
            [
              -77.02834272373025,
              38.89261493551471
            ],
            [
              -77.02836831024064,
              38.8935141535934
            ],
            [
              -77.0295170899983,
              38.89349418422152
            ],
            [
              -77.02949148902105,
              38.89259496678004
            ]
          ]
        ]
      },
      "properties": {
        "tile_id": 641
      }
    },
    {
      "type": "Feature",
      "geometry": {
        "type": "Polygon",
        "coordinates": [
          [
            [
              -77.02834272373025,
              38.89261493551471
            ],
            [
              -77.02719395730014,
              38.89263489295639
            ],
            [
              -77.02721952934364,
              38.893534111671926
            ],
            [
              -77.02836831024064,
              38.8935141535934
            ],
            [
              -77.02834272373025,
              38.89261493551471
            ]
          ]
        ]
      },
      "properties": {
        "tile_id": 642
      }
    },
    {
      "type": "Feature",
      "geometry": {
        "type": "Polygon",
        "coordinates": [
          [
            [
              -77.02719395730014,
              38.89263489295639
            ],
            [
              -77.02604518973136,
              38.89265483910504
            ],
            [
              -77.0260707473079,
              38.89355405845707
            ],
            [
              -77.02721952934364,
              38.893534111671926
            ],
            [
              -77.02719395730014,
              38.89263489295639
            ]
          ]
        ]
      },
      "properties": {
        "tile_id": 643
      }
    },
    {
      "type": "Feature",
      "geometry": {
        "type": "Polygon",
        "coordinates": [
          [
            [
              -77.02604518973136,
              38.89265483910504
            ],
            [
              -77.02489642102458,
              38.89267477396065
            ],
            [
              -77.0249219641341,
              38.89357399394879
            ],
            [
              -77.0260707473079,
              38.89355405845707
            ],
            [
              -77.02604518973136,
              38.89265483910504
            ]
          ]
        ]
      },
      "properties": {
        "tile_id": 644
      }
    },
    {
      "type": "Feature",
      "geometry": {
        "type": "Polygon",
        "coordinates": [
          [
            [
              -77.02489642102458,
              38.89267477396065
            ],
            [
              -77.0237476511804,
              38.892694697523154
            ],
            [
              -77.02377317982287,
              38.89359391814707
            ],
            [
              -77.0249219641341,
              38.89357399394879
            ],
            [
              -77.02489642102458,
              38.89267477396065
            ]
          ]
        ]
      },
      "properties": {
        "tile_id": 645
      }
    },
    {
      "type": "Feature",
      "geometry": {
        "type": "Polygon",
        "coordinates": [
          [
            [
              -77.0237476511804,
              38.892694697523154
            ],
            [
              -77.0225988801995,
              38.892714609792534
            ],
            [
              -77.02262439437483,
              38.893613831051866
            ],
            [
              -77.02377317982287,
              38.89359391814707
            ],
            [
              -77.0237476511804,
              38.892694697523154
            ]
          ]
        ]
      },
      "properties": {
        "tile_id": 646
      }
    },
    {
      "type": "Feature",
      "geometry": {
        "type": "Polygon",
        "coordinates": [
          [
            [
              -77.0225988801995,
              38.892714609792534
            ],
            [
              -77.02145010808252,
              38.89273451076876
            ],
            [
              -77.02147560779066,
              38.89363373266313
            ],
            [
              -77.02262439437483,
              38.893613831051866
            ],
            [
              -77.0225988801995,
              38.892714609792534
            ]
          ]
        ]
      },
      "properties": {
        "tile_id": 647
      }
    },
    {
      "type": "Feature",
      "geometry": {
        "type": "Polygon",
        "coordinates": [
          [
            [
              -77.02145010808252,
              38.89273451076876
            ],
            [
              -77.02030133483007,
              38.892754400451814
            ],
            [
              -77.02032682007099,
              38.89365362298084
            ],
            [
              -77.02147560779066,
              38.89363373266313
            ],
            [
              -77.02145010808252,
              38.89273451076876
            ]
          ]
        ]
      },
      "properties": {
        "tile_id": 648
      }
    },
    {
      "type": "Feature",
      "geometry": {
        "type": "Polygon",
        "coordinates": [
          [
            [
              -77.02030133483007,
              38.892754400451814
            ],
            [
              -77.01915256044283,
              38.8927742788416
            ],
            [
              -77.01917803121647,
              38.893673502004994
            ],
            [
              -77.02032682007099,
              38.89365362298084
            ],
            [
              -77.02030133483007,
              38.892754400451814
            ]
          ]
        ]
      },
      "properties": {
        "tile_id": 649
      }
    },
    {
      "type": "Feature",
      "geometry": {
        "type": "Polygon",
        "coordinates": [
          [
            [
              -77.01915256044283,
              38.8927742788416
            ],
            [
              -77.01800378492143,
              38.892794145938154
            ],
            [
              -77.01802924122772,
              38.8936933697355
            ],
            [
              -77.01917803121647,
              38.893673502004994
            ],
            [
              -77.01915256044283,
              38.8927742788416
            ]
          ]
        ]
      },
      "properties": {
        "tile_id": 650
      }
    },
    {
      "type": "Feature",
      "geometry": {
        "type": "Polygon",
        "coordinates": [
          [
            [
              -77.01800378492143,
              38.892794145938154
            ],
            [
              -77.01685500826652,
              38.892814001741414
            ],
            [
              -77.0168804501054,
              38.89371322617236
            ],
            [
              -77.01802924122772,
              38.8936933697355
            ],
            [
              -77.01800378492143,
              38.892794145938154
            ]
          ]
        ]
      },
      "properties": {
        "tile_id": 651
      }
    },
    {
      "type": "Feature",
      "geometry": {
        "type": "Polygon",
        "coordinates": [
          [
            [
              -77.01685500826652,
              38.892814001741414
            ],
            [
              -77.01570623047873,
              38.89283384625135
            ],
            [
              -77.01573165785017,
              38.893733071315545
            ],
            [
              -77.0168804501054,
              38.89371322617236
            ],
            [
              -77.01685500826652,
              38.892814001741414
            ]
          ]
        ]
      },
      "properties": {
        "tile_id": 652
      }
    },
    {
      "type": "Feature",
      "geometry": {
        "type": "Polygon",
        "coordinates": [
          [
            [
              -77.01570623047873,
              38.89283384625135
            ],
            [
              -77.0145574515587,
              38.89285367946791
            ],
            [
              -77.01458286446264,
              38.89375290516499
            ],
            [
              -77.01573165785017,
              38.893733071315545
            ],
            [
              -77.01570623047873,
              38.89283384625135
            ]
          ]
        ]
      },
      "properties": {
        "tile_id": 653
      }
    },
    {
      "type": "Feature",
      "geometry": {
        "type": "Polygon",
        "coordinates": [
          [
            [
              -77.0145574515587,
              38.89285367946791
            ],
            [
              -77.0134086715071,
              38.892873501391094
            ],
            [
              -77.01343406994346,
              38.893772727720695
            ],
            [
              -77.01458286446264,
              38.89375290516499
            ],
            [
              -77.0145574515587,
              38.89285367946791
            ]
          ]
        ]
      },
      "properties": {
        "tile_id": 654
      }
    },
    {
      "type": "Feature",
      "geometry": {
        "type": "Polygon",
        "coordinates": [
          [
            [
              -77.0134086715071,
              38.892873501391094
            ],
            [
              -77.01225989032454,
              38.892893312020846
            ],
            [
              -77.01228527429328,
              38.89379253898261
            ],
            [
              -77.01343406994346,
              38.893772727720695
            ],
            [
              -77.0134086715071,
              38.892873501391094
            ]
          ]
        ]
      },
      "properties": {
        "tile_id": 655
      }
    },
    {
      "type": "Feature",
      "geometry": {
        "type": "Polygon",
        "coordinates": [
          [
            [
              -77.01225989032454,
              38.892893312020846
            ],
            [
              -77.0111111080117,
              38.89291311135713
            ],
            [
              -77.01113647751276,
              38.89381233895071
            ],
            [
              -77.01228527429328,
              38.89379253898261
            ],
            [
              -77.01225989032454,
              38.892893312020846
            ]
          ]
        ]
      },
      "properties": {
        "tile_id": 656
      }
    },
    {
      "type": "Feature",
      "geometry": {
        "type": "Polygon",
        "coordinates": [
          [
            [
              -77.0111111080117,
              38.89291311135713
            ],
            [
              -77.00996232456919,
              38.89293289939993
            ],
            [
              -77.00998767960252,
              38.893832127624954
            ],
            [
              -77.01113647751276,
              38.89381233895071
            ],
            [
              -77.0111111080117,
              38.89291311135713
            ]
          ]
        ]
      },
      "properties": {
        "tile_id": 657
      }
    },
    {
      "type": "Feature",
      "geometry": {
        "type": "Polygon",
        "coordinates": [
          [
            [
              -77.00996232456919,
              38.89293289939993
            ],
            [
              -77.00881353999767,
              38.8929526761492
            ],
            [
              -77.00883888056322,
              38.893851905005306
            ],
            [
              -77.00998767960253,
              38.893832127624954
            ],
            [
              -77.00996232456919,
              38.89293289939993
            ]
          ]
        ]
      },
      "properties": {
        "tile_id": 658
      }
    },
    {
      "type": "Feature",
      "geometry": {
        "type": "Polygon",
        "coordinates": [
          [
            [
              -77.00881353999767,
              38.8929526761492
            ],
            [
              -77.00766475429778,
              38.89297244160491
            ],
            [
              -77.00769008039549,
              38.89387167109174
            ],
            [
              -77.00883888056322,
              38.893851905005306
            ],
            [
              -77.00881353999767,
              38.8929526761492
            ]
          ]
        ]
      },
      "properties": {
        "tile_id": 659
      }
    },
    {
      "type": "Feature",
      "geometry": {
        "type": "Polygon",
        "coordinates": [
          [
            [
              -77.00766475429778,
              38.89297244160491
            ],
            [
              -77.00651596747016,
              38.89299219576702
            ],
            [
              -77.00654127909999,
              38.89389142588423
            ],
            [
              -77.00769008039549,
              38.89387167109174
            ],
            [
              -77.00766475429778,
              38.89297244160491
            ]
          ]
        ]
      },
      "properties": {
        "tile_id": 660
      }
    },
    {
      "type": "Feature",
      "geometry": {
        "type": "Polygon",
        "coordinates": [
          [
            [
              -77.00651596747016,
              38.89299219576702
            ],
            [
              -77.00536717951546,
              38.89301193863552
            ],
            [
              -77.00539247667733,
              38.89391116938271
            ],
            [
              -77.00654127909999,
              38.89389142588423
            ],
            [
              -77.00651596747016,
              38.89299219576702
            ]
          ]
        ]
      },
      "properties": {
        "tile_id": 661
      }
    },
    {
      "type": "Feature",
      "geometry": {
        "type": "Polygon",
        "coordinates": [
          [
            [
              -77.00536717951546,
              38.89301193863552
            ],
            [
              -77.00421839043433,
              38.89303167021035
            ],
            [
              -77.0042436731282,
              38.89393090158718
            ],
            [
              -77.00539247667733,
              38.89391116938271
            ],
            [
              -77.00536717951546,
              38.89301193863552
            ]
          ]
        ]
      },
      "properties": {
        "tile_id": 662
      }
    },
    {
      "type": "Feature",
      "geometry": {
        "type": "Polygon",
        "coordinates": [
          [
            [
              -77.00421839043433,
              38.89303167021035
            ],
            [
              -77.00306960022739,
              38.893051390491486
            ],
            [
              -77.00309486845319,
              38.893950622497606
            ],
            [
              -77.0042436731282,
              38.89393090158718
            ],
            [
              -77.00421839043433,
              38.89303167021035
            ]
          ]
        ]
      },
      "properties": {
        "tile_id": 663
      }
    },
    {
      "type": "Feature",
      "geometry": {
        "type": "Polygon",
        "coordinates": [
          [
            [
              -77.00306960022739,
              38.893051390491486
            ],
            [
              -77.00192080889529,
              38.89307109947889
            ],
            [
              -77.00194606265299,
              38.893970332113945
            ],
            [
              -77.00309486845319,
              38.893950622497606
            ],
            [
              -77.00306960022739,
              38.893051390491486
            ]
          ]
        ]
      },
      "properties": {
        "tile_id": 664
      }
    },
    {
      "type": "Feature",
      "geometry": {
        "type": "Polygon",
        "coordinates": [
          [
            [
              -77.00192080889529,
              38.89307109947889
            ],
            [
              -77.0007720164387,
              38.89309079717254
            ],
            [
              -77.00079725572823,
              38.89399003043614
            ],
            [
              -77.00194606265299,
              38.893970332113945
            ],
            [
              -77.00192080889529,
              38.89307109947889
            ]
          ]
        ]
      },
      "properties": {
        "tile_id": 665
      }
    },
    {
      "type": "Feature",
      "geometry": {
        "type": "Polygon",
        "coordinates": [
          [
            [
              -77.0007720164387,
              38.89309079717254
            ],
            [
              -76.99962322285823,
              38.89311048357239
            ],
            [
              -76.99964844767953,
              38.894009717464215
            ],
            [
              -77.00079725572823,
              38.89399003043614
            ],
            [
              -77.0007720164387,
              38.89309079717254
            ]
          ]
        ]
      },
      "properties": {
        "tile_id": 666
      }
    },
    {
      "type": "Feature",
      "geometry": {
        "type": "Polygon",
        "coordinates": [
          [
            [
              -76.99962322285823,
              38.89311048357239
            ],
            [
              -76.99847442815455,
              38.89313015867843
            ],
            [
              -76.99849963850757,
              38.89402939319809
            ],
            [
              -76.99964844767953,
              38.894009717464215
            ],
            [
              -76.99962322285823,
              38.89311048357239
            ]
          ]
        ]
      },
      "properties": {
        "tile_id": 667
      }
    },
    {
      "type": "Feature",
      "geometry": {
        "type": "Polygon",
        "coordinates": [
          [
            [
              -76.99847442815455,
              38.89313015867843
            ],
            [
              -76.99732563232828,
              38.89314982249059
            ],
            [
              -76.99735082821296,
              38.89404905763774
            ],
            [
              -76.99849963850757,
              38.89402939319809
            ],
            [
              -76.99847442815455,
              38.89313015867843
            ]
          ]
        ]
      },
      "properties": {
        "tile_id": 668
      }
    },
    {
      "type": "Feature",
      "geometry": {
        "type": "Polygon",
        "coordinates": [
          [
            [
              -76.99732563232828,
              38.89314982249059
            ],
            [
              -76.99617683538008,
              38.89316947500887
            ],
            [
              -76.99620201679637,
              38.89406871078314
            ],
            [
              -76.99735082821296,
              38.89404905763774
            ],
            [
              -76.99732563232828,
              38.89314982249059
            ]
          ]
        ]
      },
      "properties": {
        "tile_id": 669
      }
    },
    {
      "type": "Feature",
      "geometry": {
        "type": "Polygon",
        "coordinates": [
          [
            [
              -76.99617683538008,
              38.89316947500887
            ],
            [
              -76.99502803731058,
              38.89318911623321
            ],
            [
              -76.99505320425844,
              38.894088352634256
            ],
            [
              -76.99620201679637,
              38.89406871078314
            ],
            [
              -76.99617683538008,
              38.89316947500887
            ]
          ]
        ]
      },
      "properties": {
        "tile_id": 670
      }
    },
    {
      "type": "Feature",
      "geometry": {
        "type": "Polygon",
        "coordinates": [
          [
            [
              -76.99502803731058,
              38.89318911623321
            ],
            [
              -76.99387923812043,
              38.89320874616361
            ],
            [
              -76.99390439059978,
              38.89410798319104
            ],
            [
              -76.99505320425844,
              38.894088352634256
            ],
            [
              -76.99502803731058,
              38.89318911623321
            ]
          ]
        ]
      },
      "properties": {
        "tile_id": 671
      }
    },
    {
      "type": "Feature",
      "geometry": {
        "type": "Polygon",
        "coordinates": [
          [
            [
              -76.99387923812043,
              38.89320874616361
            ],
            [
              -76.99273043781028,
              38.8932283648
            ],
            [
              -76.99275557582109,
              38.894127602453494
            ],
            [
              -76.99390439059978,
              38.89410798319104
            ],
            [
              -76.99387923812043,
              38.89320874616361
            ]
          ]
        ]
      },
      "properties": {
        "tile_id": 672
      }
    },
    {
      "type": "Feature",
      "geometry": {
        "type": "Polygon",
        "coordinates": [
          [
            [
              -76.99273043781028,
              38.8932283648
            ],
            [
              -76.99158163638076,
              38.89324797214237
            ],
            [
              -76.99160675992297,
              38.89414721042154
            ],
            [
              -76.99275557582109,
              38.894127602453494
            ],
            [
              -76.99273043781028,
              38.8932283648
            ]
          ]
        ]
      },
      "properties": {
        "tile_id": 673
      }
    },
    {
      "type": "Feature",
      "geometry": {
        "type": "Polygon",
        "coordinates": [
          [
            [
              -77.0295170899983,
              38.89349418422152
            ],
            [
              -77.02836831024064,
              38.8935141535934
            ],
            [
              -77.02839389789409,
              38.894413371519015
            ],
            [
              -77.02954269211924,
              38.89439340150992
            ],
            [
              -77.0295170899983,
              38.89349418422152
            ]
          ]
        ]
      },
      "properties": {
        "tile_id": 674
      }
    },
    {
      "type": "Feature",
      "geometry": {
        "type": "Polygon",
        "coordinates": [
          [
            [
              -77.02836831024064,
              38.8935141535934
            ],
            [
              -77.02721952934364,
              38.893534111671926
            ],
            [
              -77.02724510252953,
              38.894433330234406
            ],
            [
              -77.02839389789409,
              38.894413371519015
            ],
            [
              -77.02836831024064,
              38.8935141535934
            ]
          ]
        ]
      },
      "properties": {
        "tile_id": 675
      }
    },
    {
      "type": "Feature",
      "geometry": {
        "type": "Polygon",
        "coordinates": [
          [
            [
              -77.02721952934364,
              38.893534111671926
            ],
            [
              -77.0260707473079,
              38.89355405845707
            ],
            [
              -77.0260963060262,
              38.89445327765606
            ],
            [
              -77.02724510252953,
              38.894433330234406
            ],
            [
              -77.02721952934364,
              38.893534111671926
            ]
          ]
        ]
      },
      "properties": {
        "tile_id": 676
      }
    },
    {
      "type": "Feature",
      "geometry": {
        "type": "Polygon",
        "coordinates": [
          [
            [
              -77.0260707473079,
              38.89355405845707
            ],
            [
              -77.0249219641341,
              38.89357399394879
            ],
            [
              -77.02494750838474,
              38.894473213783925
            ],
            [
              -77.0260963060262,
              38.89445327765606
            ],
            [
              -77.0260707473079,
              38.89355405845707
            ]
          ]
        ]
      },
      "properties": {
        "tile_id": 677
      }
    },
    {
      "type": "Feature",
      "geometry": {
        "type": "Polygon",
        "coordinates": [
          [
            [
              -77.0249219641341,
              38.89357399394879
            ],
            [
              -77.02377317982287,
              38.89359391814707
            ],
            [
              -77.0237987096058,
              38.894493138617975
            ],
            [
              -77.02494750838474,
              38.894473213783925
            ],
            [
              -77.0249219641341,
              38.89357399394879
            ]
          ]
        ]
      },
      "properties": {
        "tile_id": 678
      }
    },
    {
      "type": "Feature",
      "geometry": {
        "type": "Polygon",
        "coordinates": [
          [
            [
              -77.02377317982287,
              38.89359391814707
            ],
            [
              -77.02262439437483,
              38.893613831051866
            ],
            [
              -77.02264990968999,
              38.89451305215819
            ],
            [
              -77.0237987096058,
              38.894493138617975
            ],
            [
              -77.02377317982287,
              38.89359391814707
            ]
          ]
        ]
      },
      "properties": {
        "tile_id": 679
      }
    },
    {
      "type": "Feature",
      "geometry": {
        "type": "Polygon",
        "coordinates": [
          [
            [
              -77.02262439437483,
              38.893613831051866
            ],
            [
              -77.02147560779066,
              38.89363373266313
            ],
            [
              -77.021501108638,
              38.89453295440452
            ],
            [
              -77.02264990968999,
              38.89451305215819
            ],
            [
              -77.02262439437483,
              38.893613831051866
            ]
          ]
        ]
      },
      "properties": {
        "tile_id": 680
      }
    },
    {
      "type": "Feature",
      "geometry": {
        "type": "Polygon",
        "coordinates": [
          [
            [
              -77.02147560779066,
              38.89363373266313
            ],
            [
              -77.02032682007099,
              38.89365362298084
            ],
            [
              -77.02035230645046,
              38.89455284535694
            ],
            [
              -77.021501108638,
              38.89453295440452
            ],
            [
              -77.02147560779066,
              38.89363373266313
            ]
          ]
        ]
      },
      "properties": {
        "tile_id": 681
      }
    },
    {
      "type": "Feature",
      "geometry": {
        "type": "Polygon",
        "coordinates": [
          [
            [
              -77.02032682007099,
              38.89365362298084
            ],
            [
              -77.01917803121647,
              38.893673502004994
            ],
            [
              -77.019203503128,
              38.894572725015415
            ],
            [
              -77.02035230645046,
              38.89455284535694
            ],
            [
              -77.02032682007099,
              38.89365362298084
            ]
          ]
        ]
      },
      "properties": {
        "tile_id": 682
      }
    },
    {
      "type": "Feature",
      "geometry": {
        "type": "Polygon",
        "coordinates": [
          [
            [
              -77.01917803121647,
              38.893673502004994
            ],
            [
              -77.01802924122772,
              38.8936933697355
            ],
            [
              -77.01805469867126,
              38.894592593379905
            ],
            [
              -77.019203503128,
              38.894572725015415
            ],
            [
              -77.01917803121647,
              38.893673502004994
            ]
          ]
        ]
      },
      "properties": {
        "tile_id": 683
      }
    },
    {
      "type": "Feature",
      "geometry": {
        "type": "Polygon",
        "coordinates": [
          [
            [
              -77.01802924122772,
              38.8936933697355
            ],
            [
              -77.0168804501054,
              38.89371322617236
            ],
            [
              -77.01690589308089,
              38.894612450450396
            ],
            [
              -77.01805469867126,
              38.894592593379905
            ],
            [
              -77.01802924122772,
              38.8936933697355
            ]
          ]
        ]
      },
      "properties": {
        "tile_id": 684
      }
    },
    {
      "type": "Feature",
      "geometry": {
        "type": "Polygon",
        "coordinates": [
          [
            [
              -77.0168804501054,
              38.89371322617236
            ],
            [
              -77.01573165785017,
              38.893733071315545
            ],
            [
              -77.01575708635755,
              38.894632296226824
            ],
            [
              -77.01690589308089,
              38.894612450450396
            ],
            [
              -77.0168804501054,
              38.89371322617236
            ]
          ]
        ]
      },
      "properties": {
        "tile_id": 685
      }
    },
    {
      "type": "Feature",
      "geometry": {
        "type": "Polygon",
        "coordinates": [
          [
            [
              -77.01573165785017,
              38.893733071315545
            ],
            [
              -77.01458286446264,
              38.89375290516499
            ],
            [
              -77.01460827850187,
              38.89465213070918
            ],
            [
              -77.01575708635755,
              38.894632296226824
            ],
            [
              -77.01573165785017,
              38.893733071315545
            ]
          ]
        ]
      },
      "properties": {
        "tile_id": 686
      }
    },
    {
      "type": "Feature",
      "geometry": {
        "type": "Polygon",
        "coordinates": [
          [
            [
              -77.01458286446264,
              38.89375290516499
            ],
            [
              -77.01343406994346,
              38.893772727720695
            ],
            [
              -77.01345946951449,
              38.89467195389743
            ],
            [
              -77.01460827850187,
              38.89465213070918
            ],
            [
              -77.01458286446264,
              38.89375290516499
            ]
          ]
        ]
      },
      "properties": {
        "tile_id": 687
      }
    },
    {
      "type": "Feature",
      "geometry": {
        "type": "Polygon",
        "coordinates": [
          [
            [
              -77.01343406994346,
              38.893772727720695
            ],
            [
              -77.01228527429328,
              38.89379253898261
            ],
            [
              -77.01231065939605,
              38.89469176579153
            ],
            [
              -77.01345946951449,
              38.89467195389743
            ],
            [
              -77.01343406994346,
              38.893772727720695
            ]
          ]
        ]
      },
      "properties": {
        "tile_id": 688
      }
    },
    {
      "type": "Feature",
      "geometry": {
        "type": "Polygon",
        "coordinates": [
          [
            [
              -77.01228527429328,
              38.89379253898261
            ],
            [
              -77.01113647751276,
              38.89381233895071
            ],
            [
              -77.01116184814721,
              38.89471156639144
            ],
            [
              -77.01231065939605,
              38.89469176579153
            ],
            [
              -77.01228527429328,
              38.89379253898261
            ]
          ]
        ]
      },
      "properties": {
        "tile_id": 689
      }
    },
    {
      "type": "Feature",
      "geometry": {
        "type": "Polygon",
        "coordinates": [
          [
            [
              -77.01113647751276,
              38.89381233895071
            ],
            [
              -77.00998767960252,
              38.893832127624954
            ],
            [
              -77.0100130357686,
              38.89473135569715
            ],
            [
              -77.01116184814721,
              38.89471156639144
            ],
            [
              -77.01113647751276,
              38.89381233895071
            ]
          ]
        ]
      },
      "properties": {
        "tile_id": 690
      }
    },
    {
      "type": "Feature",
      "geometry": {
        "type": "Polygon",
        "coordinates": [
          [
            [
              -77.00998767960253,
              38.893832127624954
            ],
            [
              -77.00883888056322,
              38.893851905005306
            ],
            [
              -77.00886422226087,
              38.8947511337086
            ],
            [
              -77.0100130357686,
              38.89473135569715
            ],
            [
              -77.00998767960253,
              38.893832127624954
            ]
          ]
        ]
      },
      "properties": {
        "tile_id": 691
      }
    },
    {
      "type": "Feature",
      "geometry": {
        "type": "Polygon",
        "coordinates": [
          [
            [
              -77.00883888056322,
              38.893851905005306
            ],
            [
              -77.00769008039549,
              38.89387167109174
            ],
            [
              -77.00771540762464,
              38.89477090042578
            ],
            [
              -77.00886422226087,
              38.8947511337086
            ],
            [
              -77.00883888056322,
              38.893851905005306
            ]
          ]
        ]
      },
      "properties": {
        "tile_id": 692
      }
    },
    {
      "type": "Feature",
      "geometry": {
        "type": "Polygon",
        "coordinates": [
          [
            [
              -77.00769008039549,
              38.89387167109174
            ],
            [
              -77.00654127909999,
              38.89389142588423
            ],
            [
              -77.00656659186059,
              38.89479065584864
            ],
            [
              -77.00771540762464,
              38.89477090042578
            ],
            [
              -77.00769008039549,
              38.89387167109174
            ]
          ]
        ]
      },
      "properties": {
        "tile_id": 693
      }
    },
    {
      "type": "Feature",
      "geometry": {
        "type": "Polygon",
        "coordinates": [
          [
            [
              -77.00654127909999,
              38.89389142588423
            ],
            [
              -77.00539247667733,
              38.89391116938271
            ],
            [
              -77.00541777496935,
              38.89481039997717
            ],
            [
              -77.00656659186059,
              38.89479065584864
            ],
            [
              -77.00654127909999,
              38.89389142588423
            ]
          ]
        ]
      },
      "properties": {
        "tile_id": 694
      }
    },
    {
      "type": "Feature",
      "geometry": {
        "type": "Polygon",
        "coordinates": [
          [
            [
              -77.00539247667733,
              38.89391116938271
            ],
            [
              -77.0042436731282,
              38.89393090158718
            ],
            [
              -77.00426895695156,
              38.8948301328113
            ],
            [
              -77.00541777496935,
              38.89481039997717
            ],
            [
              -77.00539247667733,
              38.89391116938271
            ]
          ]
        ]
      },
      "properties": {
        "tile_id": 695
      }
    },
    {
      "type": "Feature",
      "geometry": {
        "type": "Polygon",
        "coordinates": [
          [
            [
              -77.0042436731282,
              38.89393090158718
            ],
            [
              -77.00309486845319,
              38.893950622497606
            ],
            [
              -77.00312013780787,
              38.89484985435101
            ],
            [
              -77.00426895695156,
              38.8948301328113
            ],
            [
              -77.0042436731282,
              38.89393090158718
            ]
          ]
        ]
      },
      "properties": {
        "tile_id": 696
      }
    },
    {
      "type": "Feature",
      "geometry": {
        "type": "Polygon",
        "coordinates": [
          [
            [
              -77.00309486845319,
              38.893950622497606
            ],
            [
              -77.00194606265299,
              38.893970332113945
            ],
            [
              -77.0019713175389,
              38.89486956459629
            ],
            [
              -77.00312013780787,
              38.89484985435101
            ],
            [
              -77.00309486845319,
              38.893950622497606
            ]
          ]
        ]
      },
      "properties": {
        "tile_id": 697
      }
    },
    {
      "type": "Feature",
      "geometry": {
        "type": "Polygon",
        "coordinates": [
          [
            [
              -77.00194606265299,
              38.893970332113945
            ],
            [
              -77.00079725572823,
              38.89399003043614
            ],
            [
              -77.00082249614532,
              38.894889263547086
            ],
            [
              -77.0019713175389,
              38.89486956459629
            ],
            [
              -77.00194606265299,
              38.893970332113945
            ]
          ]
        ]
      },
      "properties": {
        "tile_id": 698
      }
    },
    {
      "type": "Feature",
      "geometry": {
        "type": "Polygon",
        "coordinates": [
          [
            [
              -77.00079725572823,
              38.89399003043614
            ],
            [
              -76.99964844767953,
              38.894009717464215
            ],
            [
              -76.99967367362775,
              38.89490895120336
            ],
            [
              -77.00082249614532,
              38.894889263547086
            ],
            [
              -77.00079725572823,
              38.89399003043614
            ]
          ]
        ]
      },
      "properties": {
        "tile_id": 699
      }
    },
    {
      "type": "Feature",
      "geometry": {
        "type": "Polygon",
        "coordinates": [
          [
            [
              -76.99964844767953,
              38.894009717464215
            ],
            [
              -76.99849963850757,
              38.89402939319809
            ],
            [
              -76.99852484998686,
              38.8949286275651
            ],
            [
              -76.99967367362775,
              38.89490895120336
            ],
            [
              -76.99964844767953,
              38.894009717464215
            ]
          ]
        ]
      },
      "properties": {
        "tile_id": 700
      }
    },
    {
      "type": "Feature",
      "geometry": {
        "type": "Polygon",
        "coordinates": [
          [
            [
              -76.99849963850757,
              38.89402939319809
            ],
            [
              -76.99735082821296,
              38.89404905763774
            ],
            [
              -76.99737602522329,
              38.89494829263225
            ],
            [
              -76.99852484998686,
              38.8949286275651
            ],
            [
              -76.99849963850757,
              38.89402939319809
            ]
          ]
        ]
      },
      "properties": {
        "tile_id": 701
      }
    },
    {
      "type": "Feature",
      "geometry": {
        "type": "Polygon",
        "coordinates": [
          [
            [
              -76.99735082821296,
              38.89404905763774
            ],
            [
              -76.99620201679637,
              38.89406871078314
            ],
            [
              -76.99622719933767,
              38.89496794640479
            ],
            [
              -76.99737602522329,
              38.89494829263225
            ],
            [
              -76.99735082821296,
              38.89404905763774
            ]
          ]
        ]
      },
      "properties": {
        "tile_id": 702
      }
    },
    {
      "type": "Feature",
      "geometry": {
        "type": "Polygon",
        "coordinates": [
          [
            [
              -76.99620201679637,
              38.89406871078314
            ],
            [
              -76.99505320425844,
              38.894088352634256
            ],
            [
              -76.99507837233064,
              38.89498758888268
            ],
            [
              -76.99622719933767,
              38.89496794640479
            ],
            [
              -76.99620201679637,
              38.89406871078314
            ]
          ]
        ]
      },
      "properties": {
        "tile_id": 703
      }
    },
    {
      "type": "Feature",
      "geometry": {
        "type": "Polygon",
        "coordinates": [
          [
            [
              -76.99505320425844,
              38.894088352634256
            ],
            [
              -76.99390439059978,
              38.89410798319104
            ],
            [
              -76.99392954420286,
              38.89500722006589
            ],
            [
              -76.99507837233064,
              38.89498758888268
            ],
            [
              -76.99505320425844,
              38.894088352634256
            ]
          ]
        ]
      },
      "properties": {
        "tile_id": 704
      }
    },
    {
      "type": "Feature",
      "geometry": {
        "type": "Polygon",
        "coordinates": [
          [
            [
              -76.99390439059978,
              38.89410798319104
            ],
            [
              -76.99275557582109,
              38.894127602453494
            ],
            [
              -76.99278071495495,
              38.8950268399544
            ],
            [
              -76.99392954420286,
              38.89500722006589
            ],
            [
              -76.99390439059978,
              38.89410798319104
            ]
          ]
        ]
      },
      "properties": {
        "tile_id": 705
      }
    },
    {
      "type": "Feature",
      "geometry": {
        "type": "Polygon",
        "coordinates": [
          [
            [
              -76.99275557582109,
              38.894127602453494
            ],
            [
              -76.99160675992297,
              38.89414721042154
            ],
            [
              -76.99163188458758,
              38.89504644854814
            ],
            [
              -76.99278071495495,
              38.8950268399544
            ],
            [
              -76.99275557582109,
              38.894127602453494
            ]
          ]
        ]
      },
      "properties": {
        "tile_id": 706
      }
    },
    {
      "type": "Feature",
      "geometry": {
        "type": "Polygon",
        "coordinates": [
          [
            [
              -77.02954269211924,
              38.894393401509916
            ],
            [
              -77.02839389789409,
              38.894413371519015
            ],
            [
              -77.02841948669067,
              38.89531258929158
            ],
            [
              -77.02956829538394,
              38.89529261864524
            ],
            [
              -77.02954269211924,
              38.894393401509916
            ]
          ]
        ]
      },
      "properties": {
        "tile_id": 707
      }
    },
    {
      "type": "Feature",
      "geometry": {
        "type": "Polygon",
        "coordinates": [
          [
            [
              -77.02839389789409,
              38.894413371519015
            ],
            [
              -77.02724510252953,
              38.894433330234406
            ],
            [
              -77.02727067685791,
              38.89533254864384
            ],
            [
              -77.02841948669067,
              38.89531258929158
            ],
            [
              -77.02839389789409,
              38.894413371519015
            ]
          ]
        ]
      },
      "properties": {
        "tile_id": 708
      }
    },
    {
      "type": "Feature",
      "geometry": {
        "type": "Polygon",
        "coordinates": [
          [
            [
              -77.02724510252953,
              38.894433330234406
            ],
            [
              -77.0260963060262,
              38.89445327765605
            ],
            [
              -77.02612186588632,
              38.895352496702
            ],
            [
              -77.02727067685791,
              38.89533254864384
            ],
            [
              -77.02724510252953,
              38.894433330234406
            ]
          ]
        ]
      },
      "properties": {
        "tile_id": 709
      }
    },
    {
      "type": "Feature",
      "geometry": {
        "type": "Polygon",
        "coordinates": [
          [
            [
              -77.0260963060262,
              38.89445327765605
            ],
            [
              -77.02494750838474,
              38.89447321378392
            ],
            [
              -77.02497305377656,
              38.89537243346603
            ],
            [
              -77.02612186588632,
              38.895352496702
            ],
            [
              -77.0260963060262,
              38.89445327765605
            ]
          ]
        ]
      },
      "properties": {
        "tile_id": 710
      }
    },
    {
      "type": "Feature",
      "geometry": {
        "type": "Polygon",
        "coordinates": [
          [
            [
              -77.02494750838474,
              38.89447321378392
            ],
            [
              -77.0237987096058,
              38.89449313861797
            ],
            [
              -77.02382424052925,
              38.89539235893589
            ],
            [
              -77.02497305377656,
              38.89537243346603
            ],
            [
              -77.02494750838474,
              38.89447321378392
            ]
          ]
        ]
      },
      "properties": {
        "tile_id": 711
      }
    },
    {
      "type": "Feature",
      "geometry": {
        "type": "Polygon",
        "coordinates": [
          [
            [
              -77.0237987096058,
              38.89449313861797
            ],
            [
              -77.02264990968999,
              38.89451305215818
            ],
            [
              -77.02267542614506,
              38.89541227311153
            ],
            [
              -77.02382424052925,
              38.89539235893589
            ],
            [
              -77.0237987096058,
              38.89449313861797
            ]
          ]
        ]
      },
      "properties": {
        "tile_id": 712
      }
    },
    {
      "type": "Feature",
      "geometry": {
        "type": "Polygon",
        "coordinates": [
          [
            [
              -77.02264990968999,
              38.89451305215818
            ],
            [
              -77.021501108638,
              38.89453295440451
            ],
            [
              -77.02152661062459,
              38.895432175992944
            ],
            [
              -77.02267542614506,
              38.89541227311153
            ],
            [
              -77.02264990968999,
              38.89451305215818
            ]
          ]
        ]
      },
      "properties": {
        "tile_id": 713
      }
    },
    {
      "type": "Feature",
      "geometry": {
        "type": "Polygon",
        "coordinates": [
          [
            [
              -77.021501108638,
              38.89453295440451
            ],
            [
              -77.02035230645046,
              38.894552845356934
            ],
            [
              -77.0203777939685,
              38.895452067580074
            ],
            [
              -77.02152661062459,
              38.895432175992944
            ],
            [
              -77.021501108638,
              38.89453295440451
            ]
          ]
        ]
      },
      "properties": {
        "tile_id": 714
      }
    },
    {
      "type": "Feature",
      "geometry": {
        "type": "Polygon",
        "coordinates": [
          [
            [
              -77.02035230645046,
              38.894552845356934
            ],
            [
              -77.019203503128,
              38.89457272501541
            ],
            [
              -77.01922897617747,
              38.89547194787291
            ],
            [
              -77.0203777939685,
              38.895452067580074
            ],
            [
              -77.02035230645046,
              38.894552845356934
            ]
          ]
        ]
      },
      "properties": {
        "tile_id": 715
      }
    },
    {
      "type": "Feature",
      "geometry": {
        "type": "Polygon",
        "coordinates": [
          [
            [
              -77.019203503128,
              38.89457272501541
            ],
            [
              -77.01805469867126,
              38.894592593379905
            ],
            [
              -77.0180801572521,
              38.895491816871406
            ],
            [
              -77.01922897617747,
              38.89547194787291
            ],
            [
              -77.019203503128,
              38.89457272501541
            ]
          ]
        ]
      },
      "properties": {
        "tile_id": 716
      }
    },
    {
      "type": "Feature",
      "geometry": {
        "type": "Polygon",
        "coordinates": [
          [
            [
              -77.01805469867126,
              38.894592593379905
            ],
            [
              -77.01690589308089,
              38.89461245045039
            ],
            [
              -77.01693133719306,
              38.89551167457552
            ],
            [
              -77.0180801572521,
              38.895491816871406
            ],
            [
              -77.01805469867126,
              38.894592593379905
            ]
          ]
        ]
      },
      "properties": {
        "tile_id": 717
      }
    },
    {
      "type": "Feature",
      "geometry": {
        "type": "Polygon",
        "coordinates": [
          [
            [
              -77.01690589308089,
              38.89461245045039
            ],
            [
              -77.01575708635755,
              38.894632296226824
            ],
            [
              -77.01578251600095,
              38.89553152098524
            ],
            [
              -77.01693133719306,
              38.89551167457552
            ],
            [
              -77.01690589308089,
              38.89461245045039
            ]
          ]
        ]
      },
      "properties": {
        "tile_id": 718
      }
    },
    {
      "type": "Feature",
      "geometry": {
        "type": "Polygon",
        "coordinates": [
          [
            [
              -77.01575708635755,
              38.894632296226824
            ],
            [
              -77.01460827850187,
              38.894652130709176
            ],
            [
              -77.01463369367647,
              38.89555135610051
            ],
            [
              -77.01578251600095,
              38.89553152098524
            ],
            [
              -77.01575708635755,
              38.894632296226824
            ]
          ]
        ]
      },
      "properties": {
        "tile_id": 719
      }
    },
    {
      "type": "Feature",
      "geometry": {
        "type": "Polygon",
        "coordinates": [
          [
            [
              -77.01460827850187,
              38.894652130709176
            ],
            [
              -77.01345946951449,
              38.89467195389742
            ],
            [
              -77.01348487022025,
              38.89557117992132
            ],
            [
              -77.01463369367647,
              38.89555135610051
            ],
            [
              -77.01460827850187,
              38.894652130709176
            ]
          ]
        ]
      },
      "properties": {
        "tile_id": 720
      }
    },
    {
      "type": "Feature",
      "geometry": {
        "type": "Polygon",
        "coordinates": [
          [
            [
              -77.01345946951449,
              38.89467195389742
            ],
            [
              -77.01231065939605,
              38.89469176579152
            ],
            [
              -77.0123360456329,
              38.89559099244761
            ],
            [
              -77.01348487022025,
              38.89557117992132
            ],
            [
              -77.01345946951449,
              38.89467195389742
            ]
          ]
        ]
      },
      "properties": {
        "tile_id": 721
      }
    },
    {
      "type": "Feature",
      "geometry": {
        "type": "Polygon",
        "coordinates": [
          [
            [
              -77.01231065939605,
              38.89469176579152
            ],
            [
              -77.01116184814721,
              38.89471156639144
            ],
            [
              -77.01118721991509,
              38.89561079367936
            ],
            [
              -77.0123360456329,
              38.89559099244761
            ],
            [
              -77.01231065939605,
              38.89469176579152
            ]
          ]
        ]
      },
      "properties": {
        "tile_id": 722
      }
    },
    {
      "type": "Feature",
      "geometry": {
        "type": "Polygon",
        "coordinates": [
          [
            [
              -77.01116184814721,
              38.89471156639144
            ],
            [
              -77.0100130357686,
              38.89473135569714
            ],
            [
              -77.01003839306746,
              38.895630583616544
            ],
            [
              -77.01118721991509,
              38.89561079367936
            ],
            [
              -77.01116184814721,
              38.89471156639144
            ]
          ]
        ]
      },
      "properties": {
        "tile_id": 723
      }
    },
    {
      "type": "Feature",
      "geometry": {
        "type": "Polygon",
        "coordinates": [
          [
            [
              -77.0100130357686,
              38.89473135569714
            ],
            [
              -77.00886422226087,
              38.894751133708596
            ],
            [
              -77.00888956509064,
              38.89565036225911
            ],
            [
              -77.01003839306746,
              38.895630583616544
            ],
            [
              -77.0100130357686,
              38.89473135569714
            ]
          ]
        ]
      },
      "properties": {
        "tile_id": 724
      }
    },
    {
      "type": "Feature",
      "geometry": {
        "type": "Polygon",
        "coordinates": [
          [
            [
              -77.00886422226087,
              38.894751133708596
            ],
            [
              -77.00771540762464,
              38.89477090042577
            ],
            [
              -77.00774073598531,
              38.89567012960705
            ],
            [
              -77.00888956509064,
              38.89565036225911
            ],
            [
              -77.00886422226087,
              38.894751133708596
            ]
          ]
        ]
      },
      "properties": {
        "tile_id": 725
      }
    },
    {
      "type": "Feature",
      "geometry": {
        "type": "Polygon",
        "coordinates": [
          [
            [
              -77.00771540762464,
              38.89477090042577
            ],
            [
              -77.00656659186059,
              38.89479065584863
            ],
            [
              -77.00659190575206,
              38.895689885660296
            ],
            [
              -77.00774073598531,
              38.89567012960705
            ],
            [
              -77.00771540762464,
              38.89477090042577
            ]
          ]
        ]
      },
      "properties": {
        "tile_id": 726
      }
    },
    {
      "type": "Feature",
      "geometry": {
        "type": "Polygon",
        "coordinates": [
          [
            [
              -77.00656659186059,
              38.89479065584863
            ],
            [
              -77.00541777496935,
              38.89481039997715
            ],
            [
              -77.00544307439158,
              38.89570963041885
            ],
            [
              -77.00659190575206,
              38.895689885660296
            ],
            [
              -77.00656659186059,
              38.89479065584863
            ]
          ]
        ]
      },
      "properties": {
        "tile_id": 727
      }
    },
    {
      "type": "Feature",
      "geometry": {
        "type": "Polygon",
        "coordinates": [
          [
            [
              -77.00541777496935,
              38.89481039997715
            ],
            [
              -77.00426895695156,
              38.89483013281129
            ],
            [
              -77.00429424190449,
              38.895729363882666
            ],
            [
              -77.0054430743916,
              38.89570963041885
            ],
            [
              -77.00541777496935,
              38.89481039997715
            ]
          ]
        ]
      },
      "properties": {
        "tile_id": 728
      }
    },
    {
      "type": "Feature",
      "geometry": {
        "type": "Polygon",
        "coordinates": [
          [
            [
              -77.00426895695156,
              38.89483013281129
            ],
            [
              -77.00312013780787,
              38.89484985435101
            ],
            [
              -77.00314540829145,
              38.8957490860517
            ],
            [
              -77.00429424190449,
              38.895729363882666
            ],
            [
              -77.00426895695156,
              38.89483013281129
            ]
          ]
        ]
      },
      "properties": {
        "tile_id": 729
      }
    },
    {
      "type": "Feature",
      "geometry": {
        "type": "Polygon",
        "coordinates": [
          [
            [
              -77.00312013780787,
              38.89484985435101
            ],
            [
              -77.0019713175389,
              38.894869564596284
            ],
            [
              -77.00199657355307,
              38.895768796925935
            ],
            [
              -77.00314540829145,
              38.8957490860517
            ],
            [
              -77.00312013780787,
              38.89484985435101
            ]
          ]
        ]
      },
      "properties": {
        "tile_id": 730
      }
    },
    {
      "type": "Feature",
      "geometry": {
        "type": "Polygon",
        "coordinates": [
          [
            [
              -77.0019713175389,
              38.894869564596284
            ],
            [
              -77.00082249614532,
              38.89488926354708
            ],
            [
              -77.00084773769002,
              38.89578849650532
            ],
            [
              -77.00199657355307,
              38.895768796925935
            ],
            [
              -77.0019713175389,
              38.894869564596284
            ]
          ]
        ]
      },
      "properties": {
        "tile_id": 731
      }
    },
    {
      "type": "Feature",
      "geometry": {
        "type": "Polygon",
        "coordinates": [
          [
            [
              -77.00082249614532,
              38.89488926354708
            ],
            [
              -76.99967367362775,
              38.894908951203355
            ],
            [
              -76.99969890070295,
              38.89580818478984
            ],
            [
              -77.00084773769002,
              38.89578849650532
            ],
            [
              -77.00082249614532,
              38.89488926354708
            ]
          ]
        ]
      },
      "properties": {
        "tile_id": 732
      }
    },
    {
      "type": "Feature",
      "geometry": {
        "type": "Polygon",
        "coordinates": [
          [
            [
              -76.99967367362775,
              38.894908951203355
            ],
            [
              -76.99852484998686,
              38.89492862756509
            ],
            [
              -76.9985500625925,
              38.895827861779445
            ],
            [
              -76.99969890070295,
              38.89580818478984
            ],
            [
              -76.99967367362775,
              38.894908951203355
            ]
          ]
        ]
      },
      "properties": {
        "tile_id": 733
      }
    },
    {
      "type": "Feature",
      "geometry": {
        "type": "Polygon",
        "coordinates": [
          [
            [
              -76.99852484998686,
              38.89492862756509
            ],
            [
              -76.99737602522329,
              38.89494829263224
            ],
            [
              -76.99740122335929,
              38.89584752747412
            ],
            [
              -76.9985500625925,
              38.895827861779445
            ],
            [
              -76.99852484998686,
              38.89492862756509
            ]
          ]
        ]
      },
      "properties": {
        "tile_id": 734
      }
    },
    {
      "type": "Feature",
      "geometry": {
        "type": "Polygon",
        "coordinates": [
          [
            [
              -76.99737602522329,
              38.89494829263224
            ],
            [
              -76.99622719933767,
              38.89496794640478
            ],
            [
              -76.99625238300399,
              38.89586718187382
            ],
            [
              -76.99740122335929,
              38.89584752747412
            ],
            [
              -76.99737602522329,
              38.89494829263224
            ]
          ]
        ]
      },
      "properties": {
        "tile_id": 735
      }
    },
    {
      "type": "Feature",
      "geometry": {
        "type": "Polygon",
        "coordinates": [
          [
            [
              -76.99622719933767,
              38.89496794640478
            ],
            [
              -76.99507837233064,
              38.89498758888267
            ],
            [
              -76.99510354152723,
              38.895886824978504
            ],
            [
              -76.99625238300399,
              38.89586718187382
            ],
            [
              -76.99622719933767,
              38.89496794640478
            ]
          ]
        ]
      },
      "properties": {
        "tile_id": 736
      }
    },
    {
      "type": "Feature",
      "geometry": {
        "type": "Polygon",
        "coordinates": [
          [
            [
              -76.99507837233064,
              38.89498758888267
            ],
            [
              -76.99392954420286,
              38.895007220065885
            ],
            [
              -76.99395469892966,
              38.895906456788154
            ],
            [
              -76.99510354152723,
              38.895886824978504
            ],
            [
              -76.99507837233064,
              38.89498758888267
            ]
          ]
        ]
      },
      "properties": {
        "tile_id": 737
      }
    },
    {
      "type": "Feature",
      "geometry": {
        "type": "Polygon",
        "coordinates": [
          [
            [
              -76.99392954420286,
              38.895007220065885
            ],
            [
              -76.99278071495495,
              38.89502683995439
            ],
            [
              -76.99280585521191,
              38.89592607730272
            ],
            [
              -76.99395469892966,
              38.895906456788154
            ],
            [
              -76.99392954420286,
              38.895007220065885
            ]
          ]
        ]
      },
      "properties": {
        "tile_id": 738
      }
    },
    {
      "type": "Feature",
      "geometry": {
        "type": "Polygon",
        "coordinates": [
          [
            [
              -76.99278071495495,
              38.89502683995439
            ],
            [
              -76.99163188458758,
              38.89504644854814
            ],
            [
              -76.99165701037465,
              38.895945686522204
            ],
            [
              -76.99280585521191,
              38.89592607730272
            ],
            [
              -76.99278071495495,
              38.89502683995439
            ]
          ]
        ]
      },
      "properties": {
        "tile_id": 739
      }
    },
    {
      "type": "Feature",
      "geometry": {
        "type": "Polygon",
        "coordinates": [
          [
            [
              -77.02956829538394,
              38.89529261864524
            ],
            [
              -77.02841948669067,
              38.89531258929158
            ],
            [
              -77.0284450766304,
              38.89621180691109
            ],
            [
              -77.02959389979246,
              38.89619183562749
            ],
            [
              -77.02956829538394,
              38.89529261864524
            ]
          ]
        ]
      },
      "properties": {
        "tile_id": 740
      }
    },
    {
      "type": "Feature",
      "geometry": {
        "type": "Polygon",
        "coordinates": [
          [
            [
              -77.02841948669067,
              38.89531258929158
            ],
            [
              -77.02727067685791,
              38.89533254864384
            ],
            [
              -77.02729625232881,
              38.89623176690025
            ],
            [
              -77.0284450766304,
              38.89621180691109
            ],
            [
              -77.02841948669067,
              38.89531258929158
            ]
          ]
        ]
      },
      "properties": {
        "tile_id": 741
      }
    },
    {
      "type": "Feature",
      "geometry": {
        "type": "Polygon",
        "coordinates": [
          [
            [
              -77.02727067685791,
              38.89533254864384
            ],
            [
              -77.02612186588632,
              38.895352496702
            ],
            [
              -77.02614742688833,
              38.89625171559495
            ],
            [
              -77.02729625232881,
              38.89623176690025
            ],
            [
              -77.02727067685791,
              38.89533254864384
            ]
          ]
        ]
      },
      "properties": {
        "tile_id": 742
      }
    },
    {
      "type": "Feature",
      "geometry": {
        "type": "Polygon",
        "coordinates": [
          [
            [
              -77.02612186588632,
              38.895352496702
            ],
            [
              -77.02497305377656,
              38.89537243346603
            ],
            [
              -77.02499860030962,
              38.896271652995146
            ],
            [
              -77.02614742688833,
              38.89625171559495
            ],
            [
              -77.02612186588632,
              38.895352496702
            ]
          ]
        ]
      },
      "properties": {
        "tile_id": 743
      }
    },
    {
      "type": "Feature",
      "geometry": {
        "type": "Polygon",
        "coordinates": [
          [
            [
              -77.02497305377656,
              38.89537243346603
            ],
            [
              -77.02382424052925,
              38.89539235893589
            ],
            [
              -77.02384977259332,
              38.896291579100804
            ],
            [
              -77.02499860030963,
              38.896271652995146
            ],
            [
              -77.02497305377656,
              38.89537243346603
            ]
          ]
        ]
      },
      "properties": {
        "tile_id": 744
      }
    },
    {
      "type": "Feature",
      "geometry": {
        "type": "Polygon",
        "coordinates": [
          [
            [
              -77.02382424052925,
              38.89539235893589
            ],
            [
              -77.02267542614506,
              38.89541227311153
            ],
            [
              -77.02270094374005,
              38.8963114939119
            ],
            [
              -77.02384977259332,
              38.896291579100804
            ],
            [
              -77.02382424052925,
              38.89539235893589
            ]
          ]
        ]
      },
      "properties": {
        "tile_id": 745
      }
    },
    {
      "type": "Feature",
      "geometry": {
        "type": "Polygon",
        "coordinates": [
          [
            [
              -77.02267542614506,
              38.89541227311153
            ],
            [
              -77.02152661062459,
              38.895432175992944
            ],
            [
              -77.02155211375047,
              38.896331397428405
            ],
            [
              -77.02270094374005,
              38.8963114939119
            ],
            [
              -77.02267542614506,
              38.89541227311153
            ]
          ]
        ]
      },
      "properties": {
        "tile_id": 746
      }
    },
    {
      "type": "Feature",
      "geometry": {
        "type": "Polygon",
        "coordinates": [
          [
            [
              -77.02152661062459,
              38.895432175992944
            ],
            [
              -77.0203777939685,
              38.895452067580074
            ],
            [
              -77.02040328262522,
              38.89635128965028
            ],
            [
              -77.02155211375047,
              38.896331397428405
            ],
            [
              -77.02152661062459,
              38.895432175992944
            ]
          ]
        ]
      },
      "properties": {
        "tile_id": 747
      }
    },
    {
      "type": "Feature",
      "geometry": {
        "type": "Polygon",
        "coordinates": [
          [
            [
              -77.0203777939685,
              38.895452067580074
            ],
            [
              -77.01922897617747,
              38.89547194787291
            ],
            [
              -77.01925445036495,
              38.89637117057749
            ],
            [
              -77.02040328262522,
              38.89635128965028
            ],
            [
              -77.0203777939685,
              38.895452067580074
            ]
          ]
        ]
      },
      "properties": {
        "tile_id": 748
      }
    },
    {
      "type": "Feature",
      "geometry": {
        "type": "Polygon",
        "coordinates": [
          [
            [
              -77.01922897617747,
              38.89547194787291
            ],
            [
              -77.0180801572521,
              38.895491816871406
            ],
            [
              -77.01810561697032,
              38.89639104020999
            ],
            [
              -77.01925445036495,
              38.89637117057749
            ],
            [
              -77.01922897617747,
              38.89547194787291
            ]
          ]
        ]
      },
      "properties": {
        "tile_id": 749
      }
    },
    {
      "type": "Feature",
      "geometry": {
        "type": "Polygon",
        "coordinates": [
          [
            [
              -77.0180801572521,
              38.895491816871406
            ],
            [
              -77.01693133719306,
              38.89551167457552
            ],
            [
              -77.01695678244192,
              38.89641089854776
            ],
            [
              -77.01810561697032,
              38.89639104020999
            ],
            [
              -77.0180801572521,
              38.895491816871406
            ]
          ]
        ]
      },
      "properties": {
        "tile_id": 750
      }
    },
    {
      "type": "Feature",
      "geometry": {
        "type": "Polygon",
        "coordinates": [
          [
            [
              -77.01693133719306,
              38.89551167457552
            ],
            [
              -77.01578251600095,
              38.89553152098524
            ],
            [
              -77.01580794678044,
              38.89643074559077
            ],
            [
              -77.01695678244192,
              38.89641089854776
            ],
            [
              -77.01693133719306,
              38.89551167457552
            ]
          ]
        ]
      },
      "properties": {
        "tile_id": 751
      }
    },
    {
      "type": "Feature",
      "geometry": {
        "type": "Polygon",
        "coordinates": [
          [
            [
              -77.01578251600095,
              38.89553152098524
            ],
            [
              -77.01463369367647,
              38.89555135610051
            ],
            [
              -77.01465910998651,
              38.896450581338975
            ],
            [
              -77.01580794678044,
              38.89643074559077
            ],
            [
              -77.01578251600095,
              38.89553152098524
            ]
          ]
        ]
      },
      "properties": {
        "tile_id": 752
      }
    },
    {
      "type": "Feature",
      "geometry": {
        "type": "Polygon",
        "coordinates": [
          [
            [
              -77.01463369367647,
              38.89555135610051
            ],
            [
              -77.01348487022025,
              38.89557117992132
            ],
            [
              -77.01351027206077,
              38.89647040579234
            ],
            [
              -77.01465910998651,
              38.896450581338975
            ],
            [
              -77.01463369367647,
              38.89555135610051
            ]
          ]
        ]
      },
      "properties": {
        "tile_id": 753
      }
    },
    {
      "type": "Feature",
      "geometry": {
        "type": "Polygon",
        "coordinates": [
          [
            [
              -77.01348487022025,
              38.89557117992132
            ],
            [
              -77.0123360456329,
              38.89559099244761
            ],
            [
              -77.01236143300387,
              38.89649021895086
            ],
            [
              -77.01351027206077,
              38.89647040579234
            ],
            [
              -77.01348487022025,
              38.89557117992132
            ]
          ]
        ]
      },
      "properties": {
        "tile_id": 754
      }
    },
    {
      "type": "Feature",
      "geometry": {
        "type": "Polygon",
        "coordinates": [
          [
            [
              -77.0123360456329,
              38.89559099244761
            ],
            [
              -77.01118721991509,
              38.89561079367936
            ],
            [
              -77.01121259281645,
              38.89651002081447
            ],
            [
              -77.01236143300387,
              38.89649021895086
            ],
            [
              -77.0123360456329,
              38.89559099244761
            ]
          ]
        ]
      },
      "properties": {
        "tile_id": 755
      }
    },
    {
      "type": "Feature",
      "geometry": {
        "type": "Polygon",
        "coordinates": [
          [
            [
              -77.01118721991509,
              38.89561079367936
            ],
            [
              -77.01003839306746,
              38.895630583616544
            ],
            [
              -77.01006375149916,
              38.89652981138314
            ],
            [
              -77.01121259281645,
              38.89651002081447
            ],
            [
              -77.01118721991509,
              38.89561079367936
            ]
          ]
        ]
      },
      "properties": {
        "tile_id": 756
      }
    },
    {
      "type": "Feature",
      "geometry": {
        "type": "Polygon",
        "coordinates": [
          [
            [
              -77.01003839306746,
              38.895630583616544
            ],
            [
              -77.00888956509064,
              38.89565036225911
            ],
            [
              -77.00891490905262,
              38.89654959065684
            ],
            [
              -77.01006375149916,
              38.89652981138314
            ],
            [
              -77.01003839306746,
              38.895630583616544
            ]
          ]
        ]
      },
      "properties": {
        "tile_id": 757
      }
    },
    {
      "type": "Feature",
      "geometry": {
        "type": "Polygon",
        "coordinates": [
          [
            [
              -77.00888956509064,
              38.89565036225911
            ],
            [
              -77.00774073598531,
              38.89567012960705
            ],
            [
              -77.00776606547751,
              38.896569358635546
            ],
            [
              -77.00891490905262,
              38.89654959065684
            ],
            [
              -77.00888956509064,
              38.89565036225911
            ]
          ]
        ]
      },
      "properties": {
        "tile_id": 758
      }
    },
    {
      "type": "Feature",
      "geometry": {
        "type": "Polygon",
        "coordinates": [
          [
            [
              -77.00774073598531,
              38.89567012960705
            ],
            [
              -77.00659190575206,
              38.895689885660296
            ],
            [
              -77.00661722077444,
              38.89658911531921
            ],
            [
              -77.00776606547751,
              38.896569358635546
            ],
            [
              -77.00774073598531,
              38.89567012960705
            ]
          ]
        ]
      },
      "properties": {
        "tile_id": 759
      }
    },
    {
      "type": "Feature",
      "geometry": {
        "type": "Polygon",
        "coordinates": [
          [
            [
              -77.00659190575206,
              38.895689885660296
            ],
            [
              -77.00544307439158,
              38.89570963041885
            ],
            [
              -77.00546837494406,
              38.896608860707815
            ],
            [
              -77.00661722077444,
              38.89658911531921
            ],
            [
              -77.00659190575206,
              38.895689885660296
            ]
          ]
        ]
      },
      "properties": {
        "tile_id": 760
      }
    },
    {
      "type": "Feature",
      "geometry": {
        "type": "Polygon",
        "coordinates": [
          [
            [
              -77.0054430743916,
              38.89570963041885
            ],
            [
              -77.00429424190449,
              38.895729363882666
            ],
            [
              -77.00431952798704,
              38.89662859480132
            ],
            [
              -77.00546837494406,
              38.896608860707815
            ],
            [
              -77.0054430743916,
              38.89570963041885
            ]
          ]
        ]
      },
      "properties": {
        "tile_id": 761
      }
    },
    {
      "type": "Feature",
      "geometry": {
        "type": "Polygon",
        "coordinates": [
          [
            [
              -77.00429424190449,
              38.895729363882666
            ],
            [
              -77.00314540829145,
              38.8957490860517
            ],
            [
              -77.00317067990399,
              38.89664831759969
            ],
            [
              -77.00431952798704,
              38.89662859480132
            ],
            [
              -77.00429424190449,
              38.895729363882666
            ]
          ]
        ]
      },
      "properties": {
        "tile_id": 762
      }
    },
    {
      "type": "Feature",
      "geometry": {
        "type": "Polygon",
        "coordinates": [
          [
            [
              -77.00314540829145,
              38.8957490860517
            ],
            [
              -77.00199657355307,
              38.895768796925935
            ],
            [
              -77.00202183069557,
              38.896668029102884
            ],
            [
              -77.00317067990399,
              38.89664831759969
            ],
            [
              -77.00314540829145,
              38.8957490860517
            ]
          ]
        ]
      },
      "properties": {
        "tile_id": 763
      }
    },
    {
      "type": "Feature",
      "geometry": {
        "type": "Polygon",
        "coordinates": [
          [
            [
              -77.00199657355307,
              38.895768796925935
            ],
            [
              -77.00084773769002,
              38.89578849650532
            ],
            [
              -77.00087298036243,
              38.896687729310905
            ],
            [
              -77.00202183069557,
              38.896668029102884
            ],
            [
              -77.00199657355307,
              38.895768796925935
            ]
          ]
        ]
      },
      "properties": {
        "tile_id": 764
      }
    },
    {
      "type": "Feature",
      "geometry": {
        "type": "Polygon",
        "coordinates": [
          [
            [
              -77.00084773769002,
              38.89578849650532
            ],
            [
              -76.99969890070295,
              38.89580818478984
            ],
            [
              -76.9997241289052,
              38.89670741822366
            ],
            [
              -77.00087298036243,
              38.896687729310905
            ],
            [
              -77.00084773769002,
              38.89578849650532
            ]
          ]
        ]
      },
      "properties": {
        "tile_id": 765
      }
    },
    {
      "type": "Feature",
      "geometry": {
        "type": "Polygon",
        "coordinates": [
          [
            [
              -76.99969890070295,
              38.89580818478984
            ],
            [
              -76.9985500625925,
              38.895827861779445
            ],
            [
              -76.99857527632453,
              38.89672709584117
            ],
            [
              -76.9997241289052,
              38.89670741822366
            ],
            [
              -76.99969890070295,
              38.89580818478984
            ]
          ]
        ]
      },
      "properties": {
        "tile_id": 766
      }
    },
    {
      "type": "Feature",
      "geometry": {
        "type": "Polygon",
        "coordinates": [
          [
            [
              -76.9985500625925,
              38.895827861779445
            ],
            [
              -76.99740122335929,
              38.89584752747412
            ],
            [
              -76.99742642262105,
              38.89674676216337
            ],
            [
              -76.99857527632453,
              38.89672709584117
            ],
            [
              -76.9985500625925,
              38.895827861779445
            ]
          ]
        ]
      },
      "properties": {
        "tile_id": 767
      }
    },
    {
      "type": "Feature",
      "geometry": {
        "type": "Polygon",
        "coordinates": [
          [
            [
              -76.99740122335929,
              38.89584752747412
            ],
            [
              -76.99625238300399,
              38.89586718187382
            ],
            [
              -76.99627756779542,
              38.896766417190236
            ],
            [
              -76.99742642262105,
              38.89674676216337
            ],
            [
              -76.99740122335929,
              38.89584752747412
            ]
          ]
        ]
      },
      "properties": {
        "tile_id": 768
      }
    },
    {
      "type": "Feature",
      "geometry": {
        "type": "Polygon",
        "coordinates": [
          [
            [
              -76.99625238300399,
              38.89586718187382
            ],
            [
              -76.99510354152723,
              38.895886824978504
            ],
            [
              -76.99512871184828,
              38.896786060921734
            ],
            [
              -76.99627756779542,
              38.896766417190236
            ],
            [
              -76.99625238300399,
              38.89586718187382
            ]
          ]
        ]
      },
      "properties": {
        "tile_id": 769
      }
    },
    {
      "type": "Feature",
      "geometry": {
        "type": "Polygon",
        "coordinates": [
          [
            [
              -76.99510354152723,
              38.895886824978504
            ],
            [
              -76.99395469892966,
              38.895906456788154
            ],
            [
              -76.99397985478026,
              38.89680569335784
            ],
            [
              -76.99512871184828,
              38.896786060921734
            ],
            [
              -76.99510354152723,
              38.895886824978504
            ]
          ]
        ]
      },
      "properties": {
        "tile_id": 770
      }
    },
    {
      "type": "Feature",
      "geometry": {
        "type": "Polygon",
        "coordinates": [
          [
            [
              -76.99395469892966,
              38.895906456788154
            ],
            [
              -76.99280585521191,
              38.89592607730272
            ],
            [
              -76.99283099659205,
              38.89682531449851
            ],
            [
              -76.99397985478026,
              38.89680569335784
            ],
            [
              -76.99395469892966,
              38.895906456788154
            ]
          ]
        ]
      },
      "properties": {
        "tile_id": 771
      }
    },
    {
      "type": "Feature",
      "geometry": {
        "type": "Polygon",
        "coordinates": [
          [
            [
              -76.99280585521191,
              38.89592607730272
            ],
            [
              -76.99165701037465,
              38.895945686522204
            ],
            [
              -76.99168213728422,
              38.896844924343704
            ],
            [
              -76.99283099659205,
              38.89682531449851
            ],
            [
              -76.99280585521191,
              38.89592607730272
            ]
          ]
        ]
      },
      "properties": {
        "tile_id": 772
      }
    },
    {
      "type": "Feature",
      "geometry": {
        "type": "Polygon",
        "coordinates": [
          [
            [
              -77.02959389979246,
              38.89619183562749
            ],
            [
              -77.0284450766304,
              38.89621180691109
            ],
            [
              -77.02847066771336,
              38.89711102437753
            ],
            [
              -77.02961950534485,
              38.89709105245668
            ],
            [
              -77.02959389979246,
              38.89619183562749
            ]
          ]
        ]
      },
      "properties": {
        "tile_id": 773
      }
    },
    {
      "type": "Feature",
      "geometry": {
        "type": "Polygon",
        "coordinates": [
          [
            [
              -77.0284450766304,
              38.89621180691109
            ],
            [
              -77.02729625232881,
              38.89623176690025
            ],
            [
              -77.02732182894229,
              38.8971309850036
            ],
            [
              -77.02847066771336,
              38.89711102437753
            ],
            [
              -77.0284450766304,
              38.89621180691109
            ]
          ]
        ]
      },
      "properties": {
        "tile_id": 774
      }
    },
    {
      "type": "Feature",
      "geometry": {
        "type": "Polygon",
        "coordinates": [
          [
            [
              -77.02729625232881,
              38.89623176690025
            ],
            [
              -77.02614742688833,
              38.89625171559495
            ],
            [
              -77.02617298903228,
              38.897150934334846
            ],
            [
              -77.02732182894229,
              38.8971309850036
            ],
            [
              -77.02729625232881,
              38.89623176690025
            ]
          ]
        ]
      },
      "properties": {
        "tile_id": 775
      }
    },
    {
      "type": "Feature",
      "geometry": {
        "type": "Polygon",
        "coordinates": [
          [
            [
              -77.02614742688833,
              38.89625171559495
            ],
            [
              -77.02499860030962,
              38.896271652995146
            ],
            [
              -77.02502414798397,
              38.897170872371234
            ],
            [
              -77.02617298903228,
              38.897150934334846
            ],
            [
              -77.02614742688833,
              38.89625171559495
            ]
          ]
        ]
      },
      "properties": {
        "tile_id": 776
      }
    },
    {
      "type": "Feature",
      "geometry": {
        "type": "Polygon",
        "coordinates": [
          [
            [
              -77.02499860030963,
              38.896271652995146
            ],
            [
              -77.02384977259332,
              38.896291579100804
            ],
            [
              -77.02387530579801,
              38.89719079911273
            ],
            [
              -77.02502414798397,
              38.897170872371234
            ],
            [
              -77.02499860030963,
              38.896271652995146
            ]
          ]
        ]
      },
      "properties": {
        "tile_id": 777
      }
    },
    {
      "type": "Feature",
      "geometry": {
        "type": "Polygon",
        "coordinates": [
          [
            [
              -77.02384977259332,
              38.896291579100804
            ],
            [
              -77.02270094374005,
              38.8963114939119
            ],
            [
              -77.02272646247503,
              38.8972107145593
            ],
            [
              -77.02387530579801,
              38.89719079911273
            ],
            [
              -77.02384977259332,
              38.896291579100804
            ]
          ]
        ]
      },
      "properties": {
        "tile_id": 778
      }
    },
    {
      "type": "Feature",
      "geometry": {
        "type": "Polygon",
        "coordinates": [
          [
            [
              -77.02270094374005,
              38.8963114939119
            ],
            [
              -77.02155211375047,
              38.896331397428405
            ],
            [
              -77.0215776180157,
              38.8972306187109
            ],
            [
              -77.02272646247503,
              38.8972107145593
            ],
            [
              -77.02270094374005,
              38.8963114939119
            ]
          ]
        ]
      },
      "properties": {
        "tile_id": 779
      }
    },
    {
      "type": "Feature",
      "geometry": {
        "type": "Polygon",
        "coordinates": [
          [
            [
              -77.02155211375047,
              38.896331397428405
            ],
            [
              -77.02040328262522,
              38.89635128965028
            ],
            [
              -77.02042877242064,
              38.89725051156753
            ],
            [
              -77.0215776180157,
              38.8972306187109
            ],
            [
              -77.02155211375047,
              38.896331397428405
            ]
          ]
        ]
      },
      "properties": {
        "tile_id": 780
      }
    },
    {
      "type": "Feature",
      "geometry": {
        "type": "Polygon",
        "coordinates": [
          [
            [
              -77.02040328262522,
              38.89635128965028
            ],
            [
              -77.01925445036495,
              38.89637117057749
            ],
            [
              -77.01927992569051,
              38.89727039312912
            ],
            [
              -77.02042877242064,
              38.89725051156753
            ],
            [
              -77.02040328262522,
              38.89635128965028
            ]
          ]
        ]
      },
      "properties": {
        "tile_id": 781
      }
    },
    {
      "type": "Feature",
      "geometry": {
        "type": "Polygon",
        "coordinates": [
          [
            [
              -77.01925445036495,
              38.89637117057749
            ],
            [
              -77.01810561697032,
              38.89639104020999
            ],
            [
              -77.01813107782593,
              38.897290263395654
            ],
            [
              -77.01927992569051,
              38.89727039312912
            ],
            [
              -77.01925445036495,
              38.89637117057749
            ]
          ]
        ]
      },
      "properties": {
        "tile_id": 782
      }
    },
    {
      "type": "Feature",
      "geometry": {
        "type": "Polygon",
        "coordinates": [
          [
            [
              -77.01810561697032,
              38.89639104020999
            ],
            [
              -77.01695678244192,
              38.89641089854776
            ],
            [
              -77.01698222882757,
              38.897310122367095
            ],
            [
              -77.01813107782593,
              38.897290263395654
            ],
            [
              -77.01810561697032,
              38.89639104020999
            ]
          ]
        ]
      },
      "properties": {
        "tile_id": 783
      }
    },
    {
      "type": "Feature",
      "geometry": {
        "type": "Polygon",
        "coordinates": [
          [
            [
              -77.01695678244192,
              38.89641089854776
            ],
            [
              -77.01580794678044,
              38.89643074559077
            ],
            [
              -77.01583337869606,
              38.89732997004341
            ],
            [
              -77.01698222882757,
              38.897310122367095
            ],
            [
              -77.01695678244192,
              38.89641089854776
            ]
          ]
        ]
      },
      "properties": {
        "tile_id": 784
      }
    },
    {
      "type": "Feature",
      "geometry": {
        "type": "Polygon",
        "coordinates": [
          [
            [
              -77.01580794678044,
              38.89643074559077
            ],
            [
              -77.01465910998651,
              38.896450581338975
            ],
            [
              -77.01468452743204,
              38.897349806424565
            ],
            [
              -77.01583337869606,
              38.89732997004341
            ],
            [
              -77.01580794678044,
              38.89643074559077
            ]
          ]
        ]
      },
      "properties": {
        "tile_id": 785
      }
    },
    {
      "type": "Feature",
      "geometry": {
        "type": "Polygon",
        "coordinates": [
          [
            [
              -77.01465910998651,
              38.896450581338975
            ],
            [
              -77.01351027206077,
              38.89647040579234
            ],
            [
              -77.01353567503614,
              38.89736963151053
            ],
            [
              -77.01468452743204,
              38.897349806424565
            ],
            [
              -77.01465910998651,
              38.896450581338975
            ]
          ]
        ]
      },
      "properties": {
        "tile_id": 786
      }
    },
    {
      "type": "Feature",
      "geometry": {
        "type": "Polygon",
        "coordinates": [
          [
            [
              -77.01351027206077,
              38.89647040579234
            ],
            [
              -77.01236143300387,
              38.89649021895086
            ],
            [
              -77.01238682150904,
              38.897389445301265
            ],
            [
              -77.01353567503614,
              38.89736963151053
            ],
            [
              -77.01351027206077,
              38.89647040579234
            ]
          ]
        ]
      },
      "properties": {
        "tile_id": 787
      }
    },
    {
      "type": "Feature",
      "geometry": {
        "type": "Polygon",
        "coordinates": [
          [
            [
              -77.01236143300387,
              38.89649021895086
            ],
            [
              -77.01121259281645,
              38.89651002081447
            ],
            [
              -77.01123796685135,
              38.89740924779673
            ],
            [
              -77.01238682150904,
              38.897389445301265
            ],
            [
              -77.01236143300387,
              38.89649021895086
            ]
          ]
        ]
      },
      "properties": {
        "tile_id": 788
      }
    },
    {
      "type": "Feature",
      "geometry": {
        "type": "Polygon",
        "coordinates": [
          [
            [
              -77.01121259281645,
              38.89651002081447
            ],
            [
              -77.01006375149916,
              38.89652981138314
            ],
            [
              -77.01008911106375,
              38.89742903899692
            ],
            [
              -77.01123796685135,
              38.89740924779673
            ],
            [
              -77.01121259281645,
              38.89651002081447
            ]
          ]
        ]
      },
      "properties": {
        "tile_id": 789
      }
    },
    {
      "type": "Feature",
      "geometry": {
        "type": "Polygon",
        "coordinates": [
          [
            [
              -77.01006375149916,
              38.89652981138314
            ],
            [
              -77.00891490905262,
              38.89654959065684
            ],
            [
              -77.00894025414685,
              38.897448818901765
            ],
            [
              -77.01008911106375,
              38.89742903899692
            ],
            [
              -77.01006375149916,
              38.89652981138314
            ]
          ]
        ]
      },
      "properties": {
        "tile_id": 790
      }
    },
    {
      "type": "Feature",
      "geometry": {
        "type": "Polygon",
        "coordinates": [
          [
            [
              -77.00891490905262,
              38.89654959065684
            ],
            [
              -77.00776606547751,
              38.896569358635546
            ],
            [
              -77.00779139610131,
              38.89746858751126
            ],
            [
              -77.00894025414685,
              38.897448818901765
            ],
            [
              -77.00891490905262,
              38.89654959065684
            ]
          ]
        ]
      },
      "properties": {
        "tile_id": 791
      }
    },
    {
      "type": "Feature",
      "geometry": {
        "type": "Polygon",
        "coordinates": [
          [
            [
              -77.00776606547751,
              38.896569358635546
            ],
            [
              -77.00661722077444,
              38.89658911531921
            ],
            [
              -77.00664253692777,
              38.89748834482536
            ],
            [
              -77.00779139610131,
              38.89746858751126
            ],
            [
              -77.00776606547751,
              38.896569358635546
            ]
          ]
        ]
      },
      "properties": {
        "tile_id": 792
      }
    },
    {
      "type": "Feature",
      "geometry": {
        "type": "Polygon",
        "coordinates": [
          [
            [
              -77.00661722077444,
              38.89658911531921
            ],
            [
              -77.00546837494406,
              38.896608860707815
            ],
            [
              -77.00549367662687,
              38.89750809084403
            ],
            [
              -77.00664253692777,
              38.89748834482536
            ],
            [
              -77.00661722077444,
              38.89658911531921
            ]
          ]
        ]
      },
      "properties": {
        "tile_id": 793
      }
    },
    {
      "type": "Feature",
      "geometry": {
        "type": "Polygon",
        "coordinates": [
          [
            [
              -77.00546837494406,
              38.896608860707815
            ],
            [
              -77.00431952798704,
              38.89662859480132
            ],
            [
              -77.00434481519925,
              38.89752782556724
            ],
            [
              -77.00549367662687,
              38.89750809084403
            ],
            [
              -77.00546837494406,
              38.896608860707815
            ]
          ]
        ]
      },
      "properties": {
        "tile_id": 794
      }
    },
    {
      "type": "Feature",
      "geometry": {
        "type": "Polygon",
        "coordinates": [
          [
            [
              -77.00431952798704,
              38.89662859480132
            ],
            [
              -77.00317067990399,
              38.89664831759969
            ],
            [
              -77.00319595264557,
              38.89754754899496
            ],
            [
              -77.00434481519925,
              38.89752782556724
            ],
            [
              -77.00431952798704,
              38.89662859480132
            ]
          ]
        ]
      },
      "properties": {
        "tile_id": 795
      }
    },
    {
      "type": "Feature",
      "geometry": {
        "type": "Polygon",
        "coordinates": [
          [
            [
              -77.00317067990399,
              38.89664831759969
            ],
            [
              -77.00202183069557,
              38.896668029102884
            ],
            [
              -77.00204708896645,
              38.89756726112714
            ],
            [
              -77.00319595264557,
              38.89754754899496
            ],
            [
              -77.00317067990399,
              38.89664831759969
            ]
          ]
        ]
      },
      "properties": {
        "tile_id": 796
      }
    },
    {
      "type": "Feature",
      "geometry": {
        "type": "Polygon",
        "coordinates": [
          [
            [
              -77.00202183069557,
              38.896668029102884
            ],
            [
              -77.00087298036243,
              38.896687729310905
            ],
            [
              -77.00089822416255,
              38.89758696196378
            ],
            [
              -77.00204708896645,
              38.89756726112714
            ],
            [
              -77.00202183069557,
              38.896668029102884
            ]
          ]
        ]
      },
      "properties": {
        "tile_id": 797
      }
    },
    {
      "type": "Feature",
      "geometry": {
        "type": "Polygon",
        "coordinates": [
          [
            [
              -77.00087298036243,
              38.896687729310905
            ],
            [
              -76.9997241289052,
              38.89670741822366
            ],
            [
              -76.99974935823452,
              38.8976066515048
            ],
            [
              -77.00089822416255,
              38.89758696196378
            ],
            [
              -77.00087298036243,
              38.896687729310905
            ]
          ]
        ]
      },
      "properties": {
        "tile_id": 798
      }
    },
    {
      "type": "Feature",
      "geometry": {
        "type": "Polygon",
        "coordinates": [
          [
            [
              -76.9997241289052,
              38.89670741822366
            ],
            [
              -76.99857527632453,
              38.89672709584117
            ],
            [
              -76.99860049118297,
              38.897626329750224
            ],
            [
              -76.99974935823452,
              38.8976066515048
            ],
            [
              -76.9997241289052,
              38.89670741822366
            ]
          ]
        ]
      },
      "properties": {
        "tile_id": 799
      }
    },
    {
      "type": "Feature",
      "geometry": {
        "type": "Polygon",
        "coordinates": [
          [
            [
              -76.99857527632453,
              38.89672709584117
            ],
            [
              -76.99742642262105,
              38.89674676216337
            ],
            [
              -76.9974516230086,
              38.897645996699964
            ],
            [
              -76.99860049118298,
              38.897626329750224
            ],
            [
              -76.99857527632453,
              38.89672709584117
            ]
          ]
        ]
      },
      "properties": {
        "tile_id": 800
      }
    },
    {
      "type": "Feature",
      "geometry": {
        "type": "Polygon",
        "coordinates": [
          [
            [
              -76.99742642262105,
              38.89674676216337
            ],
            [
              -76.99627756779542,
              38.896766417190236
            ],
            [
              -76.996302753712,
              38.89766565235403
            ],
            [
              -76.9974516230086,
              38.897645996699964
            ],
            [
              -76.99742642262105,
              38.89674676216337
            ]
          ]
        ]
      },
      "properties": {
        "tile_id": 801
      }
    },
    {
      "type": "Feature",
      "geometry": {
        "type": "Polygon",
        "coordinates": [
          [
            [
              -76.99627756779542,
              38.896766417190236
            ],
            [
              -76.99512871184828,
              38.896786060921734
            ],
            [
              -76.99515388329384,
              38.89768529671236
            ],
            [
              -76.996302753712,
              38.89766565235403
            ],
            [
              -76.99627756779542,
              38.896766417190236
            ]
          ]
        ]
      },
      "properties": {
        "tile_id": 802
      }
    },
    {
      "type": "Feature",
      "geometry": {
        "type": "Polygon",
        "coordinates": [
          [
            [
              -76.99512871184828,
              38.896786060921734
            ],
            [
              -76.99397985478026,
              38.89680569335784
            ],
            [
              -76.99400501175475,
              38.89770492977492
            ],
            [
              -76.99515388329384,
              38.89768529671236
            ],
            [
              -76.99512871184828,
              38.896786060921734
            ]
          ]
        ]
      },
      "properties": {
        "tile_id": 803
      }
    },
    {
      "type": "Feature",
      "geometry": {
        "type": "Polygon",
        "coordinates": [
          [
            [
              -76.99397985478026,
              38.89680569335784
            ],
            [
              -76.99283099659205,
              38.89682531449851
            ],
            [
              -76.99285613909538,
              38.89772455154169
            ],
            [
              -76.99400501175475,
              38.89770492977492
            ],
            [
              -76.99397985478026,
              38.89680569335784
            ]
          ]
        ]
      },
      "properties": {
        "tile_id": 804
      }
    },
    {
      "type": "Feature",
      "geometry": {
        "type": "Polygon",
        "coordinates": [
          [
            [
              -76.99283099659205,
              38.89682531449851
            ],
            [
              -76.99168213728422,
              38.896844924343704
            ],
            [
              -76.99170726531638,
              38.89774416201265
            ],
            [
              -76.99285613909538,
              38.89772455154169
            ],
            [
              -76.99283099659205,
              38.89682531449851
            ]
          ]
        ]
      },
      "properties": {
        "tile_id": 805
      }
    },
    {
      "type": "Feature",
      "geometry": {
        "type": "Polygon",
        "coordinates": [
          [
            [
              -77.02961950534485,
              38.89709105245668
            ],
            [
              -77.02847066771336,
              38.89711102437753
            ],
            [
              -77.02849625993962,
              38.89801024169091
            ],
            [
              -77.02964511204115,
              38.89799026913276
            ],
            [
              -77.02961950534485,
              38.89709105245668
            ]
          ]
        ]
      },
      "properties": {
        "tile_id": 806
      }
    },
    {
      "type": "Feature",
      "geometry": {
        "type": "Polygon",
        "coordinates": [
          [
            [
              -77.02847066771336,
              38.89711102437753
            ],
            [
              -77.02732182894229,
              38.8971309850036
            ],
            [
              -77.0273474066984,
              38.898030202953905
            ],
            [
              -77.02849625993962,
              38.89801024169091
            ],
            [
              -77.02847066771336,
              38.89711102437753
            ]
          ]
        ]
      },
      "properties": {
        "tile_id": 807
      }
    },
    {
      "type": "Feature",
      "geometry": {
        "type": "Polygon",
        "coordinates": [
          [
            [
              -77.02732182894229,
              38.8971309850036
            ],
            [
              -77.02617298903228,
              38.897150934334846
            ],
            [
              -77.02619855231822,
              38.898050152921705
            ],
            [
              -77.0273474066984,
              38.898030202953905
            ],
            [
              -77.02732182894229,
              38.8971309850036
            ]
          ]
        ]
      },
      "properties": {
        "tile_id": 808
      }
    },
    {
      "type": "Feature",
      "geometry": {
        "type": "Polygon",
        "coordinates": [
          [
            [
              -77.02617298903228,
              38.897150934334846
            ],
            [
              -77.02502414798397,
              38.897170872371234
            ],
            [
              -77.02504969679967,
              38.89807009159429
            ],
            [
              -77.02619855231822,
              38.898050152921705
            ],
            [
              -77.02617298903228,
              38.897150934334846
            ]
          ]
        ]
      },
      "properties": {
        "tile_id": 809
      }
    },
    {
      "type": "Feature",
      "geometry": {
        "type": "Polygon",
        "coordinates": [
          [
            [
              -77.02502414798397,
              38.897170872371234
            ],
            [
              -77.02387530579801,
              38.89719079911273
            ],
            [
              -77.02390084014341,
              38.898090018971644
            ],
            [
              -77.02504969679967,
              38.89807009159429
            ],
            [
              -77.02502414798397,
              38.897170872371234
            ]
          ]
        ]
      },
      "properties": {
        "tile_id": 810
      }
    },
    {
      "type": "Feature",
      "geometry": {
        "type": "Polygon",
        "coordinates": [
          [
            [
              -77.02387530579801,
              38.89719079911273
            ],
            [
              -77.02272646247503,
              38.8972107145593
            ],
            [
              -77.02275198235009,
              38.8981099350537
            ],
            [
              -77.02390084014341,
              38.898090018971644
            ],
            [
              -77.02387530579801,
              38.89719079911273
            ]
          ]
        ]
      },
      "properties": {
        "tile_id": 811
      }
    },
    {
      "type": "Feature",
      "geometry": {
        "type": "Polygon",
        "coordinates": [
          [
            [
              -77.02272646247503,
              38.8972107145593
            ],
            [
              -77.0215776180157,
              38.8972306187109
            ],
            [
              -77.02160312342035,
              38.89812983984042
            ],
            [
              -77.02275198235009,
              38.8981099350537
            ],
            [
              -77.02272646247503,
              38.8972107145593
            ]
          ]
        ]
      },
      "properties": {
        "tile_id": 812
      }
    },
    {
      "type": "Feature",
      "geometry": {
        "type": "Polygon",
        "coordinates": [
          [
            [
              -77.0215776180157,
              38.8972306187109
            ],
            [
              -77.02042877242064,
              38.89725051156753
            ],
            [
              -77.02045426335484,
              38.89814973333181
            ],
            [
              -77.02160312342035,
              38.89812983984042
            ],
            [
              -77.0215776180157,
              38.8972306187109
            ]
          ]
        ]
      },
      "properties": {
        "tile_id": 813
      }
    },
    {
      "type": "Feature",
      "geometry": {
        "type": "Polygon",
        "coordinates": [
          [
            [
              -77.02042877242064,
              38.89725051156753
            ],
            [
              -77.01927992569051,
              38.89727039312912
            ],
            [
              -77.01930540215417,
              38.898169615527806
            ],
            [
              -77.02045426335484,
              38.89814973333181
            ],
            [
              -77.02042877242064,
              38.89725051156753
            ]
          ]
        ]
      },
      "properties": {
        "tile_id": 814
      }
    },
    {
      "type": "Feature",
      "geometry": {
        "type": "Polygon",
        "coordinates": [
          [
            [
              -77.01927992569051,
              38.89727039312912
            ],
            [
              -77.01813107782593,
              38.897290263395654
            ],
            [
              -77.01815653981902,
              38.898189486428386
            ],
            [
              -77.01930540215417,
              38.898169615527806
            ],
            [
              -77.01927992569051,
              38.89727039312912
            ]
          ]
        ]
      },
      "properties": {
        "tile_id": 815
      }
    },
    {
      "type": "Feature",
      "geometry": {
        "type": "Polygon",
        "coordinates": [
          [
            [
              -77.01813107782593,
              38.897290263395654
            ],
            [
              -77.01698222882757,
              38.897310122367095
            ],
            [
              -77.01700767635003,
              38.89820934603351
            ],
            [
              -77.01815653981902,
              38.898189486428386
            ],
            [
              -77.01813107782593,
              38.897290263395654
            ]
          ]
        ]
      },
      "properties": {
        "tile_id": 816
      }
    },
    {
      "type": "Feature",
      "geometry": {
        "type": "Polygon",
        "coordinates": [
          [
            [
              -77.01698222882757,
              38.897310122367095
            ],
            [
              -77.01583337869606,
              38.89732997004341
            ],
            [
              -77.01585881174783,
              38.89822919434315
            ],
            [
              -77.01700767635003,
              38.89820934603351
            ],
            [
              -77.01698222882757,
              38.897310122367095
            ]
          ]
        ]
      },
      "properties": {
        "tile_id": 817
      }
    },
    {
      "type": "Feature",
      "geometry": {
        "type": "Polygon",
        "coordinates": [
          [
            [
              -77.01583337869606,
              38.89732997004341
            ],
            [
              -77.01468452743204,
              38.897349806424565
            ],
            [
              -77.01470994601308,
              38.89824903135727
            ],
            [
              -77.01585881174783,
              38.89822919434315
            ],
            [
              -77.01583337869606,
              38.89732997004341
            ]
          ]
        ]
      },
      "properties": {
        "tile_id": 818
      }
    },
    {
      "type": "Feature",
      "geometry": {
        "type": "Polygon",
        "coordinates": [
          [
            [
              -77.01468452743204,
              38.897349806424565
            ],
            [
              -77.01353567503614,
              38.89736963151053
            ],
            [
              -77.0135610791464,
              38.89826885707584
            ],
            [
              -77.01470994601308,
              38.89824903135727
            ],
            [
              -77.01468452743204,
              38.897349806424565
            ]
          ]
        ]
      },
      "properties": {
        "tile_id": 819
      }
    },
    {
      "type": "Feature",
      "geometry": {
        "type": "Polygon",
        "coordinates": [
          [
            [
              -77.01353567503614,
              38.89736963151053
            ],
            [
              -77.01238682150904,
              38.897389445301265
            ],
            [
              -77.01241221114846,
              38.89828867149881
            ],
            [
              -77.0135610791464,
              38.89826885707584
            ],
            [
              -77.01353567503614,
              38.89736963151053
            ]
          ]
        ]
      },
      "properties": {
        "tile_id": 820
      }
    },
    {
      "type": "Feature",
      "geometry": {
        "type": "Polygon",
        "coordinates": [
          [
            [
              -77.01238682150904,
              38.897389445301265
            ],
            [
              -77.01123796685135,
              38.89740924779673
            ],
            [
              -77.01126334201987,
              38.89830847462616
            ],
            [
              -77.01241221114846,
              38.89828867149881
            ],
            [
              -77.01238682150904,
              38.897389445301265
            ]
          ]
        ]
      },
      "properties": {
        "tile_id": 821
      }
    },
    {
      "type": "Feature",
      "geometry": {
        "type": "Polygon",
        "coordinates": [
          [
            [
              -77.01123796685135,
              38.89740924779673
            ],
            [
              -77.01008911106375,
              38.89742903899692
            ],
            [
              -77.01011447176131,
              38.89832826645787
            ],
            [
              -77.01126334201987,
              38.89830847462616
            ],
            [
              -77.01123796685135,
              38.89740924779673
            ]
          ]
        ]
      },
      "properties": {
        "tile_id": 822
      }
    },
    {
      "type": "Feature",
      "geometry": {
        "type": "Polygon",
        "coordinates": [
          [
            [
              -77.01008911106375,
              38.89742903899692
            ],
            [
              -77.00894025414685,
              38.897448818901765
            ],
            [
              -77.0089656003734,
              38.898348046993895
            ],
            [
              -77.01011447176131,
              38.89832826645787
            ],
            [
              -77.01008911106375,
              38.89742903899692
            ]
          ]
        ]
      },
      "properties": {
        "tile_id": 823
      }
    },
    {
      "type": "Feature",
      "geometry": {
        "type": "Polygon",
        "coordinates": [
          [
            [
              -77.00894025414685,
              38.897448818901765
            ],
            [
              -77.00779139610131,
              38.89746858751126
            ],
            [
              -77.00781672785678,
              38.898367816234185
            ],
            [
              -77.0089656003734,
              38.898348046993895
            ],
            [
              -77.00894025414685,
              38.897448818901765
            ]
          ]
        ]
      },
      "properties": {
        "tile_id": 824
      }
    },
    {
      "type": "Feature",
      "geometry": {
        "type": "Polygon",
        "coordinates": [
          [
            [
              -77.00779139610131,
              38.89746858751126
            ],
            [
              -77.00664253692777,
              38.89748834482536
            ],
            [
              -77.00666785421213,
              38.89838757417873
            ],
            [
              -77.00781672785679,
              38.898367816234185
            ],
            [
              -77.00779139610131,
              38.89746858751126
            ]
          ]
        ]
      },
      "properties": {
        "tile_id": 825
      }
    },
    {
      "type": "Feature",
      "geometry": {
        "type": "Polygon",
        "coordinates": [
          [
            [
              -77.00664253692777,
              38.89748834482536
            ],
            [
              -77.00549367662687,
              38.89750809084403
            ],
            [
              -77.00551897944004,
              38.89840732082749
            ],
            [
              -77.00666785421213,
              38.89838757417873
            ],
            [
              -77.00664253692777,
              38.89748834482536
            ]
          ]
        ]
      },
      "properties": {
        "tile_id": 826
      }
    },
    {
      "type": "Feature",
      "geometry": {
        "type": "Polygon",
        "coordinates": [
          [
            [
              -77.00549367662687,
              38.89750809084403
            ],
            [
              -77.00434481519925,
              38.89752782556724
            ],
            [
              -77.00437010354119,
              38.89842705618042
            ],
            [
              -77.00551897944004,
              38.89840732082749
            ],
            [
              -77.00549367662687,
              38.89750809084403
            ]
          ]
        ]
      },
      "properties": {
        "tile_id": 827
      }
    },
    {
      "type": "Feature",
      "geometry": {
        "type": "Polygon",
        "coordinates": [
          [
            [
              -77.00434481519925,
              38.89752782556724
            ],
            [
              -77.00319595264557,
              38.89754754899496
            ],
            [
              -77.00322122651622,
              38.8984467802375
            ],
            [
              -77.00437010354119,
              38.89842705618042
            ],
            [
              -77.00434481519925,
              38.89752782556724
            ]
          ]
        ]
      },
      "properties": {
        "tile_id": 828
      }
    },
    {
      "type": "Feature",
      "geometry": {
        "type": "Polygon",
        "coordinates": [
          [
            [
              -77.00319595264557,
              38.89754754899496
            ],
            [
              -77.00204708896645,
              38.89756726112714
            ],
            [
              -77.00207234836577,
              38.89846649299869
            ],
            [
              -77.00322122651622,
              38.8984467802375
            ],
            [
              -77.00319595264557,
              38.89754754899496
            ]
          ]
        ]
      },
      "properties": {
        "tile_id": 829
      }
    },
    {
      "type": "Feature",
      "geometry": {
        "type": "Polygon",
        "coordinates": [
          [
            [
              -77.00204708896645,
              38.89756726112714
            ],
            [
              -77.00089822416255,
              38.89758696196378
            ],
            [
              -77.00092346909047,
              38.89848619446397
            ],
            [
              -77.00207234836577,
              38.89846649299869
            ],
            [
              -77.00204708896645,
              38.89756726112714
            ]
          ]
        ]
      },
      "properties": {
        "tile_id": 830
      }
    },
    {
      "type": "Feature",
      "geometry": {
        "type": "Polygon",
        "coordinates": [
          [
            [
              -77.00089822416255,
              38.89758696196378
            ],
            [
              -76.99974935823452,
              38.8976066515048
            ],
            [
              -76.99977458869098,
              38.89850588463327
            ],
            [
              -77.00092346909047,
              38.89848619446397
            ],
            [
              -77.00089822416255,
              38.89758696196378
            ]
          ]
        ]
      },
      "properties": {
        "tile_id": 831
      }
    },
    {
      "type": "Feature",
      "geometry": {
        "type": "Polygon",
        "coordinates": [
          [
            [
              -76.99974935823452,
              38.8976066515048
            ],
            [
              -76.99860049118297,
              38.897626329750224
            ],
            [
              -76.99862570716795,
              38.89852556350662
            ],
            [
              -76.99977458869098,
              38.89850588463327
            ],
            [
              -76.99974935823452,
              38.8976066515048
            ]
          ]
        ]
      },
      "properties": {
        "tile_id": 832
      }
    },
    {
      "type": "Feature",
      "geometry": {
        "type": "Polygon",
        "coordinates": [
          [
            [
              -76.99860049118298,
              38.897626329750224
            ],
            [
              -76.9974516230086,
              38.897645996699964
            ],
            [
              -76.997476824522,
              38.89854523108393
            ],
            [
              -76.99862570716795,
              38.89852556350662
            ],
            [
              -76.99860049118298,
              38.897626329750224
            ]
          ]
        ]
      },
      "properties": {
        "tile_id": 833
      }
    },
    {
      "type": "Feature",
      "geometry": {
        "type": "Polygon",
        "coordinates": [
          [
            [
              -76.9974516230086,
              38.897645996699964
            ],
            [
              -76.996302753712,
              38.89766565235403
            ],
            [
              -76.99632794075377,
              38.89856488736518
            ],
            [
              -76.997476824522,
              38.89854523108393
            ],
            [
              -76.9974516230086,
              38.897645996699964
            ]
          ]
        ]
      },
      "properties": {
        "tile_id": 834
      }
    },
    {
      "type": "Feature",
      "geometry": {
        "type": "Polygon",
        "coordinates": [
          [
            [
              -76.996302753712,
              38.89766565235403
            ],
            [
              -76.99515388329384,
              38.89768529671236
            ],
            [
              -76.99517905586396,
              38.89858453235036
            ],
            [
              -76.99632794075377,
              38.89856488736518
            ],
            [
              -76.996302753712,
              38.89766565235403
            ]
          ]
        ]
      },
      "properties": {
        "tile_id": 835
      }
    },
    {
      "type": "Feature",
      "geometry": {
        "type": "Polygon",
        "coordinates": [
          [
            [
              -76.99515388329384,
              38.89768529671236
            ],
            [
              -76.99400501175475,
              38.89770492977492
            ],
            [
              -76.99403016985313,
              38.8986041660394
            ],
            [
              -76.99517905586396,
              38.89858453235036
            ],
            [
              -76.99515388329384,
              38.89768529671236
            ]
          ]
        ]
      },
      "properties": {
        "tile_id": 836
      }
    },
    {
      "type": "Feature",
      "geometry": {
        "type": "Polygon",
        "coordinates": [
          [
            [
              -76.99400501175475,
              38.89770492977492
            ],
            [
              -76.99285613909538,
              38.89772455154169
            ],
            [
              -76.99288128272198,
              38.8986237884323
            ],
            [
              -76.99403016985313,
              38.8986041660394
            ],
            [
              -76.99400501175475,
              38.89770492977492
            ]
          ]
        ]
      },
      "properties": {
        "tile_id": 837
      }
    },
    {
      "type": "Feature",
      "geometry": {
        "type": "Polygon",
        "coordinates": [
          [
            [
              -76.99285613909538,
              38.89772455154169
            ],
            [
              -76.99170726531638,
              38.89774416201265
            ],
            [
              -76.99173239447116,
              38.898643399529014
            ],
            [
              -76.99288128272198,
              38.8986237884323
            ],
            [
              -76.99285613909538,
              38.89772455154169
            ]
          ]
        ]
      },
      "properties": {
        "tile_id": 838
      }
    },
    {
      "type": "Feature",
      "geometry": {
        "type": "Polygon",
        "coordinates": [
          [
            [
              -77.02964511204115,
              38.89799026913276
            ],
            [
              -77.02849625993962,
              38.89801024169091
            ],
            [
              -77.02852185330919,
              38.898909458851215
            ],
            [
              -77.02967071988147,
              38.89888948565578
            ],
            [
              -77.02964511204115,
              38.89799026913276
            ]
          ]
        ]
      },
      "properties": {
        "tile_id": 839
      }
    },
    {
      "type": "Feature",
      "geometry": {
        "type": "Polygon",
        "coordinates": [
          [
            [
              -77.02849625993962,
              38.89801024169091
            ],
            [
              -77.0273474066984,
              38.898030202953905
            ],
            [
              -77.02737298559721,
              38.89892942075115
            ],
            [
              -77.02852185330919,
              38.898909458851215
            ],
            [
              -77.02849625993962,
              38.89801024169091
            ]
          ]
        ]
      },
      "properties": {
        "tile_id": 840
      }
    },
    {
      "type": "Feature",
      "geometry": {
        "type": "Polygon",
        "coordinates": [
          [
            [
              -77.0273474066984,
              38.898030202953905
            ],
            [
              -77.02619855231822,
              38.898050152921705
            ],
            [
              -77.02622411674619,
              38.89894937135554
            ],
            [
              -77.02737298559721,
              38.89892942075115
            ],
            [
              -77.0273474066984,
              38.898030202953905
            ]
          ]
        ]
      },
      "properties": {
        "tile_id": 841
      }
    },
    {
      "type": "Feature",
      "geometry": {
        "type": "Polygon",
        "coordinates": [
          [
            [
              -77.02619855231822,
              38.898050152921705
            ],
            [
              -77.02504969679967,
              38.89807009159429
            ],
            [
              -77.02507524675676,
              38.89896931066434
            ],
            [
              -77.02622411674619,
              38.89894937135554
            ],
            [
              -77.02619855231822,
              38.898050152921705
            ]
          ]
        ]
      },
      "properties": {
        "tile_id": 842
      }
    },
    {
      "type": "Feature",
      "geometry": {
        "type": "Polygon",
        "coordinates": [
          [
            [
              -77.02504969679967,
              38.89807009159429
            ],
            [
              -77.02390084014341,
              38.898090018971644
            ],
            [
              -77.02392637562956,
              38.89898923867755
            ],
            [
              -77.02507524675676,
              38.89896931066434
            ],
            [
              -77.02504969679967,
              38.89807009159429
            ]
          ]
        ]
      },
      "properties": {
        "tile_id": 843
      }
    },
    {
      "type": "Feature",
      "geometry": {
        "type": "Polygon",
        "coordinates": [
          [
            [
              -77.02390084014341,
              38.898090018971644
            ],
            [
              -77.02275198235009,
              38.8981099350537
            ],
            [
              -77.02277750336525,
              38.8990091553951
            ],
            [
              -77.02392637562956,
              38.89898923867755
            ],
            [
              -77.02390084014341,
              38.898090018971644
            ]
          ]
        ]
      },
      "properties": {
        "tile_id": 844
      }
    },
    {
      "type": "Feature",
      "geometry": {
        "type": "Polygon",
        "coordinates": [
          [
            [
              -77.02275198235009,
              38.8981099350537
            ],
            [
              -77.02160312342035,
              38.89812983984042
            ],
            [
              -77.02162862996445,
              38.89902906081698
            ],
            [
              -77.02277750336525,
              38.8990091553951
            ],
            [
              -77.02275198235009,
              38.8981099350537
            ]
          ]
        ]
      },
      "properties": {
        "tile_id": 845
      }
    },
    {
      "type": "Feature",
      "geometry": {
        "type": "Polygon",
        "coordinates": [
          [
            [
              -77.02160312342035,
              38.89812983984042
            ],
            [
              -77.02045426335484,
              38.89814973333181
            ],
            [
              -77.02047975542783,
              38.89904895494315
            ],
            [
              -77.02162862996445,
              38.89902906081698
            ],
            [
              -77.02160312342035,
              38.89812983984042
            ]
          ]
        ]
      },
      "properties": {
        "tile_id": 846
      }
    },
    {
      "type": "Feature",
      "geometry": {
        "type": "Polygon",
        "coordinates": [
          [
            [
              -77.02045426335484,
              38.89814973333181
            ],
            [
              -77.01930540215417,
              38.898169615527806
            ],
            [
              -77.01933087975603,
              38.899068837773555
            ],
            [
              -77.02047975542783,
              38.89904895494315
            ],
            [
              -77.02045426335484,
              38.89814973333181
            ]
          ]
        ]
      },
      "properties": {
        "tile_id": 847
      }
    },
    {
      "type": "Feature",
      "geometry": {
        "type": "Polygon",
        "coordinates": [
          [
            [
              -77.01930540215417,
              38.898169615527806
            ],
            [
              -77.01815653981902,
              38.898189486428386
            ],
            [
              -77.01818200294966,
              38.8990887093082
            ],
            [
              -77.01933087975603,
              38.899068837773555
            ],
            [
              -77.01930540215417,
              38.898169615527806
            ]
          ]
        ]
      },
      "properties": {
        "tile_id": 848
      }
    },
    {
      "type": "Feature",
      "geometry": {
        "type": "Polygon",
        "coordinates": [
          [
            [
              -77.01815653981902,
              38.898189486428386
            ],
            [
              -77.01700767635003,
              38.89820934603351
            ],
            [
              -77.01703312500939,
              38.89910856954702
            ],
            [
              -77.01818200294966,
              38.8990887093082
            ],
            [
              -77.01815653981902,
              38.898189486428386
            ]
          ]
        ]
      },
      "properties": {
        "tile_id": 849
      }
    },
    {
      "type": "Feature",
      "geometry": {
        "type": "Polygon",
        "coordinates": [
          [
            [
              -77.01700767635003,
              38.89820934603351
            ],
            [
              -77.01585881174783,
              38.89822919434315
            ],
            [
              -77.01588424593587,
              38.89912841849
            ],
            [
              -77.01703312500939,
              38.89910856954702
            ],
            [
              -77.01700767635003,
              38.89820934603351
            ]
          ]
        ]
      },
      "properties": {
        "tile_id": 850
      }
    },
    {
      "type": "Feature",
      "geometry": {
        "type": "Polygon",
        "coordinates": [
          [
            [
              -77.01585881174783,
              38.89822919434315
            ],
            [
              -77.01470994601308,
              38.89824903135727
            ],
            [
              -77.01473536572972,
              38.8991482561371
            ],
            [
              -77.01588424593587,
              38.89912841849
            ],
            [
              -77.01585881174783,
              38.89822919434315
            ]
          ]
        ]
      },
      "properties": {
        "tile_id": 851
      }
    },
    {
      "type": "Feature",
      "geometry": {
        "type": "Polygon",
        "coordinates": [
          [
            [
              -77.01470994601308,
              38.89824903135727
            ],
            [
              -77.0135610791464,
              38.89826885707584
            ],
            [
              -77.01358648439161,
              38.899168082488295
            ],
            [
              -77.01473536572972,
              38.8991482561371
            ],
            [
              -77.01470994601308,
              38.89824903135727
            ]
          ]
        ]
      },
      "properties": {
        "tile_id": 852
      }
    },
    {
      "type": "Feature",
      "geometry": {
        "type": "Polygon",
        "coordinates": [
          [
            [
              -77.0135610791464,
              38.89826885707584
            ],
            [
              -77.01241221114846,
              38.89828867149881
            ],
            [
              -77.01243760192216,
              38.89918789754353
            ],
            [
              -77.01358648439161,
              38.899168082488295
            ],
            [
              -77.0135610791464,
              38.89826885707584
            ]
          ]
        ]
      },
      "properties": {
        "tile_id": 853
      }
    },
    {
      "type": "Feature",
      "geometry": {
        "type": "Polygon",
        "coordinates": [
          [
            [
              -77.01241221114846,
              38.89828867149881
            ],
            [
              -77.01126334201987,
              38.89830847462616
            ],
            [
              -77.01128871832204,
              38.89920770130278
            ],
            [
              -77.01243760192216,
              38.89918789754353
            ],
            [
              -77.01241221114846,
              38.89828867149881
            ]
          ]
        ]
      },
      "properties": {
        "tile_id": 854
      }
    },
    {
      "type": "Feature",
      "geometry": {
        "type": "Polygon",
        "coordinates": [
          [
            [
              -77.01126334201987,
              38.89830847462616
            ],
            [
              -77.01011447176131,
              38.89832826645787
            ],
            [
              -77.01013983359186,
              38.89922749376603
            ],
            [
              -77.01128871832204,
              38.89920770130278
            ],
            [
              -77.01126334201987,
              38.89830847462616
            ]
          ]
        ]
      },
      "properties": {
        "tile_id": 855
      }
    },
    {
      "type": "Feature",
      "geometry": {
        "type": "Polygon",
        "coordinates": [
          [
            [
              -77.01011447176131,
              38.89832826645787
            ],
            [
              -77.0089656003734,
              38.898348046993895
            ],
            [
              -77.0089909477323,
              38.89924727493322
            ],
            [
              -77.01013983359186,
              38.89922749376603
            ],
            [
              -77.01011447176131,
              38.89832826645787
            ]
          ]
        ]
      },
      "properties": {
        "tile_id": 856
      }
    },
    {
      "type": "Feature",
      "geometry": {
        "type": "Polygon",
        "coordinates": [
          [
            [
              -77.0089656003734,
              38.898348046993895
            ],
            [
              -77.00781672785678,
              38.898367816234185
            ],
            [
              -77.00784206074397,
              38.89926704480434
            ],
            [
              -77.0089909477323,
              38.89924727493322
            ],
            [
              -77.0089656003734,
              38.898348046993895
            ]
          ]
        ]
      },
      "properties": {
        "tile_id": 857
      }
    },
    {
      "type": "Feature",
      "geometry": {
        "type": "Polygon",
        "coordinates": [
          [
            [
              -77.00781672785679,
              38.898367816234185
            ],
            [
              -77.00666785421213,
              38.89838757417873
            ],
            [
              -77.00669317262754,
              38.89928680337933
            ],
            [
              -77.00784206074397,
              38.89926704480434
            ],
            [
              -77.00781672785679,
              38.898367816234185
            ]
          ]
        ]
      },
      "properties": {
        "tile_id": 858
      }
    },
    {
      "type": "Feature",
      "geometry": {
        "type": "Polygon",
        "coordinates": [
          [
            [
              -77.00666785421213,
              38.89838757417873
            ],
            [
              -77.00551897944004,
              38.89840732082749
            ],
            [
              -77.00554428338364,
              38.899306550658196
            ],
            [
              -77.00669317262754,
              38.89928680337933
            ],
            [
              -77.00666785421213,
              38.89838757417873
            ]
          ]
        ]
      },
      "properties": {
        "tile_id": 859
      }
    },
    {
      "type": "Feature",
      "geometry": {
        "type": "Polygon",
        "coordinates": [
          [
            [
              -77.00551897944004,
              38.89840732082749
            ],
            [
              -77.00437010354119,
              38.89842705618042
            ],
            [
              -77.00439539301291,
              38.899326286640864
            ],
            [
              -77.00554428338364,
              38.899306550658196
            ],
            [
              -77.00551897944004,
              38.89840732082749
            ]
          ]
        ]
      },
      "properties": {
        "tile_id": 860
      }
    },
    {
      "type": "Feature",
      "geometry": {
        "type": "Polygon",
        "coordinates": [
          [
            [
              -77.00437010354119,
              38.89842705618042
            ],
            [
              -77.00322122651622,
              38.8984467802375
            ],
            [
              -77.00324650151602,
              38.899346011327324
            ],
            [
              -77.00439539301291,
              38.899326286640864
            ],
            [
              -77.00437010354119,
              38.89842705618042
            ]
          ]
        ]
      },
      "properties": {
        "tile_id": 861
      }
    },
    {
      "type": "Feature",
      "geometry": {
        "type": "Polygon",
        "coordinates": [
          [
            [
              -77.00322122651622,
              38.8984467802375
            ],
            [
              -77.00207234836577,
              38.89846649299869
            ],
            [
              -77.00209760889358,
              38.89936572471755
            ],
            [
              -77.00324650151602,
              38.899346011327324
            ],
            [
              -77.00322122651622,
              38.8984467802375
            ]
          ]
        ]
      },
      "properties": {
        "tile_id": 862
      }
    },
    {
      "type": "Feature",
      "geometry": {
        "type": "Polygon",
        "coordinates": [
          [
            [
              -77.00207234836577,
              38.89846649299869
            ],
            [
              -77.00092346909047,
              38.89848619446397
            ],
            [
              -77.00094871514624,
              38.89938542681146
            ],
            [
              -77.00209760889358,
              38.89936572471755
            ],
            [
              -77.00207234836577,
              38.89846649299869
            ]
          ]
        ]
      },
      "properties": {
        "tile_id": 863
      }
    },
    {
      "type": "Feature",
      "geometry": {
        "type": "Polygon",
        "coordinates": [
          [
            [
              -77.00092346909047,
              38.89848619446397
            ],
            [
              -76.99977458869098,
              38.89850588463327
            ],
            [
              -76.99979982027465,
              38.89940511760908
            ],
            [
              -77.00094871514624,
              38.89938542681146
            ],
            [
              -77.00092346909047,
              38.89848619446397
            ]
          ]
        ]
      },
      "properties": {
        "tile_id": 864
      }
    },
    {
      "type": "Feature",
      "geometry": {
        "type": "Polygon",
        "coordinates": [
          [
            [
              -76.99977458869098,
              38.89850588463327
            ],
            [
              -76.99862570716795,
              38.89852556350662
            ],
            [
              -76.99865092427946,
              38.899424797110356
            ],
            [
              -76.99979982027465,
              38.89940511760908
            ],
            [
              -76.99977458869098,
              38.89850588463327
            ]
          ]
        ]
      },
      "properties": {
        "tile_id": 865
      }
    },
    {
      "type": "Feature",
      "geometry": {
        "type": "Polygon",
        "coordinates": [
          [
            [
              -76.99862570716795,
              38.89852556350662
            ],
            [
              -76.997476824522,
              38.89854523108393
            ],
            [
              -76.9975020271613,
              38.89944446531525
            ],
            [
              -76.99865092427946,
              38.899424797110356
            ],
            [
              -76.99862570716795,
              38.89852556350662
            ]
          ]
        ]
      },
      "properties": {
        "tile_id": 866
      }
    },
    {
      "type": "Feature",
      "geometry": {
        "type": "Polygon",
        "coordinates": [
          [
            [
              -76.997476824522,
              38.89854523108393
            ],
            [
              -76.99632794075377,
              38.89856488736518
            ],
            [
              -76.99635312892082,
              38.89946412222371
            ],
            [
              -76.9975020271613,
              38.89944446531525
            ],
            [
              -76.997476824522,
              38.89854523108393
            ]
          ]
        ]
      },
      "properties": {
        "tile_id": 867
      }
    },
    {
      "type": "Feature",
      "geometry": {
        "type": "Polygon",
        "coordinates": [
          [
            [
              -76.99632794075377,
              38.89856488736518
            ],
            [
              -76.99517905586396,
              38.89858453235036
            ],
            [
              -76.99520422955867,
              38.89948376783574
            ],
            [
              -76.99635312892082,
              38.89946412222371
            ],
            [
              -76.99632794075377,
              38.89856488736518
            ]
          ]
        ]
      },
      "properties": {
        "tile_id": 868
      }
    },
    {
      "type": "Feature",
      "geometry": {
        "type": "Polygon",
        "coordinates": [
          [
            [
              -76.99517905586396,
              38.89858453235036
            ],
            [
              -76.99403016985313,
              38.8986041660394
            ],
            [
              -76.9940553290755,
              38.899503402151296
            ],
            [
              -76.99520422955867,
              38.89948376783574
            ],
            [
              -76.99517905586396,
              38.89858453235036
            ]
          ]
        ]
      },
      "properties": {
        "tile_id": 869
      }
    },
    {
      "type": "Feature",
      "geometry": {
        "type": "Polygon",
        "coordinates": [
          [
            [
              -76.99403016985313,
              38.8986041660394
            ],
            [
              -76.99288128272198,
              38.8986237884323
            ],
            [
              -76.99290642747192,
              38.89952302517034
            ],
            [
              -76.9940553290755,
              38.899503402151296
            ],
            [
              -76.99403016985313,
              38.8986041660394
            ]
          ]
        ]
      },
      "properties": {
        "tile_id": 870
      }
    },
    {
      "type": "Feature",
      "geometry": {
        "type": "Polygon",
        "coordinates": [
          [
            [
              -76.99288128272198,
              38.8986237884323
            ],
            [
              -76.99173239447116,
              38.898643399529014
            ],
            [
              -76.9917575247486,
              38.899542636892825
            ],
            [
              -76.99290642747192,
              38.89952302517034
            ],
            [
              -76.99288128272198,
              38.8986237884323
            ]
          ]
        ]
      },
      "properties": {
        "tile_id": 871
      }
    },
    {
      "type": "Feature",
      "geometry": {
        "type": "Polygon",
        "coordinates": [
          [
            [
              -77.02967071988147,
              38.898889485655765
            ],
            [
              -77.02852185330919,
              38.8989094588512
            ],
            [
              -77.02854744782216,
              38.89980867585845
            ],
            [
              -77.0296963288658,
              38.89978870202569
            ],
            [
              -77.02967071988147,
              38.898889485655765
            ]
          ]
        ]
      },
      "properties": {
        "tile_id": 872
      }
    },
    {
      "type": "Feature",
      "geometry": {
        "type": "Polygon",
        "coordinates": [
          [
            [
              -77.02852185330919,
              38.8989094588512
            ],
            [
              -77.02737298559721,
              38.89892942075114
            ],
            [
              -77.02739856563878,
              38.899828638395334
            ],
            [
              -77.02854744782216,
              38.89980867585845
            ],
            [
              -77.02852185330919,
              38.8989094588512
            ]
          ]
        ]
      },
      "properties": {
        "tile_id": 873
      }
    },
    {
      "type": "Feature",
      "geometry": {
        "type": "Polygon",
        "coordinates": [
          [
            [
              -77.02737298559721,
              38.89892942075114
            ],
            [
              -77.02622411674619,
              38.89894937135553
            ],
            [
              -77.02624968231628,
              38.89984858963632
            ],
            [
              -77.02739856563878,
              38.899828638395334
            ],
            [
              -77.02737298559721,
              38.89892942075114
            ]
          ]
        ]
      },
      "properties": {
        "tile_id": 874
      }
    },
    {
      "type": "Feature",
      "geometry": {
        "type": "Polygon",
        "coordinates": [
          [
            [
              -77.02622411674619,
              38.89894937135553
            ],
            [
              -77.02507524675676,
              38.89896931066433
            ],
            [
              -77.02510079785532,
              38.89986852958136
            ],
            [
              -77.02624968231628,
              38.89984858963632
            ],
            [
              -77.02622411674619,
              38.89894937135553
            ]
          ]
        ]
      },
      "properties": {
        "tile_id": 875
      }
    },
    {
      "type": "Feature",
      "geometry": {
        "type": "Polygon",
        "coordinates": [
          [
            [
              -77.02507524675676,
              38.89896931066433
            ],
            [
              -77.02392637562956,
              38.89898923867753
            ],
            [
              -77.02395191225654,
              38.89988845823044
            ],
            [
              -77.02510079785532,
              38.89986852958136
            ],
            [
              -77.02507524675676,
              38.89896931066433
            ]
          ]
        ]
      },
      "properties": {
        "tile_id": 876
      }
    },
    {
      "type": "Feature",
      "geometry": {
        "type": "Polygon",
        "coordinates": [
          [
            [
              -77.02392637562956,
              38.89898923867753
            ],
            [
              -77.02277750336525,
              38.89900915539509
            ],
            [
              -77.02280302552057,
              38.899908375583514
            ],
            [
              -77.02395191225654,
              38.89988845823044
            ],
            [
              -77.02392637562956,
              38.89898923867753
            ]
          ]
        ]
      },
      "properties": {
        "tile_id": 877
      }
    },
    {
      "type": "Feature",
      "geometry": {
        "type": "Polygon",
        "coordinates": [
          [
            [
              -77.02277750336525,
              38.89900915539509
            ],
            [
              -77.02162862996445,
              38.899029060816964
            ],
            [
              -77.02165413764807,
              38.89992828164054
            ],
            [
              -77.02280302552057,
              38.899908375583514
            ],
            [
              -77.02277750336525,
              38.89900915539509
            ]
          ]
        ]
      },
      "properties": {
        "tile_id": 878
      }
    },
    {
      "type": "Feature",
      "geometry": {
        "type": "Polygon",
        "coordinates": [
          [
            [
              -77.02162862996445,
              38.899029060816964
            ],
            [
              -77.02047975542783,
              38.89904895494313
            ],
            [
              -77.02050524863971,
              38.8999481764015
            ],
            [
              -77.02165413764807,
              38.89992828164054
            ],
            [
              -77.02162862996445,
              38.899029060816964
            ]
          ]
        ]
      },
      "properties": {
        "tile_id": 879
      }
    },
    {
      "type": "Feature",
      "geometry": {
        "type": "Polygon",
        "coordinates": [
          [
            [
              -77.02047975542783,
              38.89904895494313
            ],
            [
              -77.01933087975603,
              38.89906883777355
            ],
            [
              -77.01935635849608,
              38.89996805986636
            ],
            [
              -77.02050524863971,
              38.8999481764015
            ],
            [
              -77.02047975542783,
              38.89904895494313
            ]
          ]
        ]
      },
      "properties": {
        "tile_id": 880
      }
    },
    {
      "type": "Feature",
      "geometry": {
        "type": "Polygon",
        "coordinates": [
          [
            [
              -77.01933087975603,
              38.89906883777355
            ],
            [
              -77.01818200294966,
              38.89908870930818
            ],
            [
              -77.01820746721786,
              38.899987932035074
            ],
            [
              -77.01935635849608,
              38.89996805986636
            ],
            [
              -77.01933087975603,
              38.89906883777355
            ]
          ]
        ]
      },
      "properties": {
        "tile_id": 881
      }
    },
    {
      "type": "Feature",
      "geometry": {
        "type": "Polygon",
        "coordinates": [
          [
            [
              -77.01818200294966,
              38.89908870930818
            ],
            [
              -77.01703312500939,
              38.89910856954701
            ],
            [
              -77.01705857480567,
              38.900007792907616
            ],
            [
              -77.01820746721786,
              38.899987932035074
            ],
            [
              -77.01818200294966,
              38.89908870930818
            ]
          ]
        ]
      },
      "properties": {
        "tile_id": 882
      }
    },
    {
      "type": "Feature",
      "geometry": {
        "type": "Polygon",
        "coordinates": [
          [
            [
              -77.01703312500939,
              38.89910856954701
            ],
            [
              -77.01588424593587,
              38.899128418489994
            ],
            [
              -77.01590968126017,
              38.90002764248395
            ],
            [
              -77.01705857480567,
              38.900007792907616
            ],
            [
              -77.01703312500939,
              38.89910856954701
            ]
          ]
        ]
      },
      "properties": {
        "tile_id": 883
      }
    },
    {
      "type": "Feature",
      "geometry": {
        "type": "Polygon",
        "coordinates": [
          [
            [
              -77.01588424593587,
              38.899128418489994
            ],
            [
              -77.01473536572972,
              38.89914825613709
            ],
            [
              -77.01476078658202,
              38.90004748076404
            ],
            [
              -77.01590968126018,
              38.90002764248395
            ],
            [
              -77.01588424593587,
              38.899128418489994
            ]
          ]
        ]
      },
      "properties": {
        "tile_id": 884
      }
    },
    {
      "type": "Feature",
      "geometry": {
        "type": "Polygon",
        "coordinates": [
          [
            [
              -77.01473536572972,
              38.89914825613709
            ],
            [
              -77.01358648439161,
              38.89916808248827
            ],
            [
              -77.01361189077181,
              38.90006730774786
            ],
            [
              -77.01476078658202,
              38.90004748076404
            ],
            [
              -77.01473536572972,
              38.89914825613709
            ]
          ]
        ]
      },
      "properties": {
        "tile_id": 885
      }
    },
    {
      "type": "Feature",
      "geometry": {
        "type": "Polygon",
        "coordinates": [
          [
            [
              -77.01358648439161,
              38.89916808248827
            ],
            [
              -77.01243760192216,
              38.89918789754351
            ],
            [
              -77.01246299383023,
              38.90008712343537
            ],
            [
              -77.01361189077181,
              38.90006730774786
            ],
            [
              -77.01358648439161,
              38.89916808248827
            ]
          ]
        ]
      },
      "properties": {
        "tile_id": 886
      }
    },
    {
      "type": "Feature",
      "geometry": {
        "type": "Polygon",
        "coordinates": [
          [
            [
              -77.01243760192216,
              38.89918789754351
            ],
            [
              -77.01128871832204,
              38.89920770130277
            ],
            [
              -77.01131409575791,
              38.90010692782654
            ],
            [
              -77.01246299383023,
              38.90008712343537
            ],
            [
              -77.01243760192216,
              38.89918789754351
            ]
          ]
        ]
      },
      "properties": {
        "tile_id": 887
      }
    },
    {
      "type": "Feature",
      "geometry": {
        "type": "Polygon",
        "coordinates": [
          [
            [
              -77.01128871832204,
              38.89920770130277
            ],
            [
              -77.01013983359186,
              38.89922749376601
            ],
            [
              -77.01016519655549,
              38.90012672092135
            ],
            [
              -77.01131409575791,
              38.90010692782654
            ],
            [
              -77.01128871832204,
              38.89920770130277
            ]
          ]
        ]
      },
      "properties": {
        "tile_id": 888
      }
    },
    {
      "type": "Feature",
      "geometry": {
        "type": "Polygon",
        "coordinates": [
          [
            [
              -77.01013983359186,
              38.89922749376601
            ],
            [
              -77.0089909477323,
              38.89924727493321
            ],
            [
              -77.00901629622362,
              38.90014650271974
            ],
            [
              -77.01016519655549,
              38.90012672092135
            ],
            [
              -77.01013983359186,
              38.89922749376601
            ]
          ]
        ]
      },
      "properties": {
        "tile_id": 889
      }
    },
    {
      "type": "Feature",
      "geometry": {
        "type": "Polygon",
        "coordinates": [
          [
            [
              -77.0089909477323,
              38.89924727493321
            ],
            [
              -77.00784206074397,
              38.899267044804326
            ],
            [
              -77.00786739476294,
              38.900166273221686
            ],
            [
              -77.00901629622362,
              38.90014650271974
            ],
            [
              -77.0089909477323,
              38.89924727493321
            ]
          ]
        ]
      },
      "properties": {
        "tile_id": 890
      }
    },
    {
      "type": "Feature",
      "geometry": {
        "type": "Polygon",
        "coordinates": [
          [
            [
              -77.00784206074397,
              38.899267044804326
            ],
            [
              -77.00669317262754,
              38.899286803379326
            ],
            [
              -77.00671849217409,
              38.900186032427165
            ],
            [
              -77.00786739476294,
              38.900166273221686
            ],
            [
              -77.00784206074397,
              38.899267044804326
            ]
          ]
        ]
      },
      "properties": {
        "tile_id": 891
      }
    },
    {
      "type": "Feature",
      "geometry": {
        "type": "Polygon",
        "coordinates": [
          [
            [
              -77.00669317262754,
              38.899286803379326
            ],
            [
              -77.00554428338364,
              38.89930655065819
            ],
            [
              -77.00556958845772,
              38.90020578033613
            ],
            [
              -77.00671849217409,
              38.900186032427165
            ],
            [
              -77.00669317262754,
              38.899286803379326
            ]
          ]
        ]
      },
      "properties": {
        "tile_id": 892
      }
    },
    {
      "type": "Feature",
      "geometry": {
        "type": "Polygon",
        "coordinates": [
          [
            [
              -77.00554428338364,
              38.89930655065819
            ],
            [
              -77.00439539301291,
              38.89932628664086
            ],
            [
              -77.00442068361447,
              38.90022551694857
            ],
            [
              -77.00556958845772,
              38.90020578033613
            ],
            [
              -77.00554428338364,
              38.89930655065819
            ]
          ]
        ]
      },
      "properties": {
        "tile_id": 893
      }
    },
    {
      "type": "Feature",
      "geometry": {
        "type": "Polygon",
        "coordinates": [
          [
            [
              -77.00439539301291,
              38.89932628664086
            ],
            [
              -77.00324650151602,
              38.89934601132731
            ],
            [
              -77.00327177764498,
              38.90024524226442
            ],
            [
              -77.00442068361447,
              38.90022551694857
            ],
            [
              -77.00439539301291,
              38.89932628664086
            ]
          ]
        ]
      },
      "properties": {
        "tile_id": 894
      }
    },
    {
      "type": "Feature",
      "geometry": {
        "type": "Polygon",
        "coordinates": [
          [
            [
              -77.00324650151602,
              38.89934601132731
            ],
            [
              -77.00209760889358,
              38.899365724717526
            ],
            [
              -77.00212287054991,
              38.90026495628366
            ],
            [
              -77.00327177764498,
              38.90024524226442
            ],
            [
              -77.00324650151602,
              38.89934601132731
            ]
          ]
        ]
      },
      "properties": {
        "tile_id": 895
      }
    },
    {
      "type": "Feature",
      "geometry": {
        "type": "Polygon",
        "coordinates": [
          [
            [
              -77.00209760889358,
              38.899365724717526
            ],
            [
              -77.00094871514624,
              38.899385426811456
            ],
            [
              -77.0009739623299,
              38.90028465900627
            ],
            [
              -77.00212287054991,
              38.90026495628366
            ],
            [
              -77.00209760889358,
              38.899365724717526
            ]
          ]
        ]
      },
      "properties": {
        "tile_id": 896
      }
    },
    {
      "type": "Feature",
      "geometry": {
        "type": "Polygon",
        "coordinates": [
          [
            [
              -77.00094871514624,
              38.899385426811456
            ],
            [
              -76.99979982027465,
              38.89940511760907
            ],
            [
              -76.99982505298556,
              38.900304350432194
            ],
            [
              -77.0009739623299,
              38.90028465900627
            ],
            [
              -77.00094871514624,
              38.899385426811456
            ]
          ]
        ]
      },
      "properties": {
        "tile_id": 897
      }
    },
    {
      "type": "Feature",
      "geometry": {
        "type": "Polygon",
        "coordinates": [
          [
            [
              -76.99979982027465,
              38.89940511760907
            ],
            [
              -76.99865092427946,
              38.89942479711034
            ],
            [
              -76.99867614251758,
              38.90032403056142
            ],
            [
              -76.99982505298556,
              38.900304350432194
            ],
            [
              -76.99979982027465,
              38.89940511760907
            ]
          ]
        ]
      },
      "properties": {
        "tile_id": 898
      }
    },
    {
      "type": "Feature",
      "geometry": {
        "type": "Polygon",
        "coordinates": [
          [
            [
              -76.99865092427946,
              38.89942479711034
            ],
            [
              -76.9975020271613,
              38.89944446531524
            ],
            [
              -76.99752723092656,
              38.9003436993939
            ],
            [
              -76.99867614251758,
              38.90032403056142
            ],
            [
              -76.99865092427946,
              38.89942479711034
            ]
          ]
        ]
      },
      "properties": {
        "tile_id": 899
      }
    },
    {
      "type": "Feature",
      "geometry": {
        "type": "Polygon",
        "coordinates": [
          [
            [
              -76.9975020271613,
              38.89944446531524
            ],
            [
              -76.99635312892082,
              38.8994641222237
            ],
            [
              -76.99637831821319,
              38.90036335692961
            ],
            [
              -76.99752723092656,
              38.9003436993939
            ],
            [
              -76.9975020271613,
              38.89944446531524
            ]
          ]
        ]
      },
      "properties": {
        "tile_id": 900
      }
    },
    {
      "type": "Feature",
      "geometry": {
        "type": "Polygon",
        "coordinates": [
          [
            [
              -76.99635312892082,
              38.8994641222237
            ],
            [
              -76.99520422955867,
              38.89948376783573
            ],
            [
              -76.99522940437807,
              38.900383003168514
            ],
            [
              -76.99637831821319,
              38.90036335692961
            ],
            [
              -76.99635312892082,
              38.8994641222237
            ]
          ]
        ]
      },
      "properties": {
        "tile_id": 901
      }
    },
    {
      "type": "Feature",
      "geometry": {
        "type": "Polygon",
        "coordinates": [
          [
            [
              -76.99520422955867,
              38.89948376783573
            ],
            [
              -76.9940553290755,
              38.899503402151275
            ],
            [
              -76.99408048942188,
              38.90040263811058
            ],
            [
              -76.99522940437807,
              38.900383003168514
            ],
            [
              -76.99520422955867,
              38.89948376783573
            ]
          ]
        ]
      },
      "properties": {
        "tile_id": 902
      }
    },
    {
      "type": "Feature",
      "geometry": {
        "type": "Polygon",
        "coordinates": [
          [
            [
              -76.9940553290755,
              38.899503402151275
            ],
            [
              -76.99290642747192,
              38.89952302517032
            ],
            [
              -76.99293157334525,
              38.90042226175577
            ],
            [
              -76.99408048942188,
              38.90040263811058
            ],
            [
              -76.9940553290755,
              38.899503402151275
            ]
          ]
        ]
      },
      "properties": {
        "tile_id": 903
      }
    },
    {
      "type": "Feature",
      "geometry": {
        "type": "Polygon",
        "coordinates": [
          [
            [
              -76.99290642747192,
              38.89952302517032
            ],
            [
              -76.9917575247486,
              38.899542636892804
            ],
            [
              -76.99178265614879,
              38.90044187410405
            ],
            [
              -76.99293157334525,
              38.90042226175577
            ],
            [
              -76.99290642747192,
              38.89952302517032
            ]
          ]
        ]
      },
      "properties": {
        "tile_id": 904
      }
    },
    {
      "type": "Feature",
      "geometry": {
        "type": "Polygon",
        "coordinates": [
          [
            [
              -77.0296963288658,
              38.89978870202569
            ],
            [
              -77.02854744782216,
              38.89980867585845
            ],
            [
              -77.02857304347859,
              38.90070789271262
            ],
            [
              -77.02972193899424,
              38.900687918242525
            ],
            [
              -77.0296963288658,
              38.89978870202569
            ]
          ]
        ]
      },
      "properties": {
        "tile_id": 905
      }
    },
    {
      "type": "Feature",
      "geometry": {
        "type": "Polygon",
        "coordinates": [
          [
            [
              -77.02854744782216,
              38.89980867585845
            ],
            [
              -77.02739856563878,
              38.899828638395334
            ],
            [
              -77.02742414682312,
              38.90072785588648
            ],
            [
              -77.02857304347859,
              38.90070789271262
            ],
            [
              -77.02854744782216,
              38.89980867585845
            ]
          ]
        ]
      },
      "properties": {
        "tile_id": 906
      }
    },
    {
      "type": "Feature",
      "geometry": {
        "type": "Polygon",
        "coordinates": [
          [
            [
              -77.02739856563878,
              38.899828638395334
            ],
            [
              -77.02624968231628,
              38.89984858963632
            ],
            [
              -77.02627524902852,
              38.90074780776407
            ],
            [
              -77.02742414682312,
              38.90072785588648
            ],
            [
              -77.02739856563878,
              38.899828638395334
            ]
          ]
        ]
      },
      "properties": {
        "tile_id": 907
      }
    },
    {
      "type": "Feature",
      "geometry": {
        "type": "Polygon",
        "coordinates": [
          [
            [
              -77.02624968231628,
              38.89984858963632
            ],
            [
              -77.02510079785532,
              38.89986852958136
            ],
            [
              -77.02512635009538,
              38.900767748345366
            ],
            [
              -77.02627524902852,
              38.90074780776407
            ],
            [
              -77.02624968231628,
              38.89984858963632
            ]
          ]
        ]
      },
      "properties": {
        "tile_id": 908
      }
    },
    {
      "type": "Feature",
      "geometry": {
        "type": "Polygon",
        "coordinates": [
          [
            [
              -77.02510079785532,
              38.89986852958136
            ],
            [
              -77.02395191225654,
              38.89988845823044
            ],
            [
              -77.02397745002436,
              38.90078767763034
            ],
            [
              -77.02512635009538,
              38.900767748345366
            ],
            [
              -77.02510079785532,
              38.89986852958136
            ]
          ]
        ]
      },
      "properties": {
        "tile_id": 909
      }
    },
    {
      "type": "Feature",
      "geometry": {
        "type": "Polygon",
        "coordinates": [
          [
            [
              -77.02395191225654,
              38.89988845823044
            ],
            [
              -77.02280302552057,
              38.899908375583514
            ],
            [
              -77.02282854881611,
              38.90080759561894
            ],
            [
              -77.02397745002436,
              38.90078767763034
            ],
            [
              -77.02395191225654,
              38.89988845823044
            ]
          ]
        ]
      },
      "properties": {
        "tile_id": 910
      }
    },
    {
      "type": "Feature",
      "geometry": {
        "type": "Polygon",
        "coordinates": [
          [
            [
              -77.02280302552057,
              38.899908375583514
            ],
            [
              -77.02165413764807,
              38.89992828164054
            ],
            [
              -77.02167964647128,
              38.90082750231115
            ],
            [
              -77.02282854881611,
              38.90080759561894
            ],
            [
              -77.02280302552057,
              38.899908375583514
            ]
          ]
        ]
      },
      "properties": {
        "tile_id": 911
      }
    },
    {
      "type": "Feature",
      "geometry": {
        "type": "Polygon",
        "coordinates": [
          [
            [
              -77.02165413764807,
              38.89992828164054
            ],
            [
              -77.02050524863971,
              38.8999481764015
            ],
            [
              -77.02053074299052,
              38.90084739770692
            ],
            [
              -77.02167964647128,
              38.90082750231115
            ],
            [
              -77.02165413764807,
              38.89992828164054
            ]
          ]
        ]
      },
      "properties": {
        "tile_id": 912
      }
    },
    {
      "type": "Feature",
      "geometry": {
        "type": "Polygon",
        "coordinates": [
          [
            [
              -77.02050524863971,
              38.8999481764015
            ],
            [
              -77.01935635849608,
              38.89996805986636
            ],
            [
              -77.01938183837443,
              38.90086728180623
            ],
            [
              -77.02053074299052,
              38.90084739770692
            ],
            [
              -77.02050524863971,
              38.8999481764015
            ]
          ]
        ]
      },
      "properties": {
        "tile_id": 913
      }
    },
    {
      "type": "Feature",
      "geometry": {
        "type": "Polygon",
        "coordinates": [
          [
            [
              -77.01935635849608,
              38.89996805986636
            ],
            [
              -77.01820746721786,
              38.899987932035074
            ],
            [
              -77.0182329326237,
              38.90088715460903
            ],
            [
              -77.01938183837443,
              38.90086728180623
            ],
            [
              -77.01935635849608,
              38.89996805986636
            ]
          ]
        ]
      },
      "properties": {
        "tile_id": 914
      }
    },
    {
      "type": "Feature",
      "geometry": {
        "type": "Polygon",
        "coordinates": [
          [
            [
              -77.01820746721786,
              38.899987932035074
            ],
            [
              -77.01705857480567,
              38.900007792907616
            ],
            [
              -77.01708402573895,
              38.900907016115305
            ],
            [
              -77.0182329326237,
              38.90088715460903
            ],
            [
              -77.01820746721786,
              38.899987932035074
            ]
          ]
        ]
      },
      "properties": {
        "tile_id": 915
      }
    },
    {
      "type": "Feature",
      "geometry": {
        "type": "Polygon",
        "coordinates": [
          [
            [
              -77.01705857480567,
              38.900007792907616
            ],
            [
              -77.01590968126017,
              38.90002764248395
            ],
            [
              -77.01593511772084,
              38.90092686632501
            ],
            [
              -77.01708402573895,
              38.900907016115305
            ],
            [
              -77.01705857480567,
              38.900007792907616
            ]
          ]
        ]
      },
      "properties": {
        "tile_id": 916
      }
    },
    {
      "type": "Feature",
      "geometry": {
        "type": "Polygon",
        "coordinates": [
          [
            [
              -77.01590968126018,
              38.90002764248395
            ],
            [
              -77.01476078658202,
              38.90004748076404
            ],
            [
              -77.01478620857,
              38.90094670523811
            ],
            [
              -77.01593511772084,
              38.90092686632501
            ],
            [
              -77.01590968126018,
              38.90002764248395
            ]
          ]
        ]
      },
      "properties": {
        "tile_id": 917
      }
    },
    {
      "type": "Feature",
      "geometry": {
        "type": "Polygon",
        "coordinates": [
          [
            [
              -77.01476078658202,
              38.90004748076404
            ],
            [
              -77.01361189077181,
              38.90006730774786
            ],
            [
              -77.01363729828707,
              38.90096653285458
            ],
            [
              -77.01478620857,
              38.90094670523811
            ],
            [
              -77.01476078658202,
              38.90004748076404
            ]
          ]
        ]
      },
      "properties": {
        "tile_id": 918
      }
    },
    {
      "type": "Feature",
      "geometry": {
        "type": "Polygon",
        "coordinates": [
          [
            [
              -77.01361189077181,
              38.90006730774786
            ],
            [
              -77.01246299383023,
              38.90008712343537
            ],
            [
              -77.0124883868727,
              38.90098634917439
            ],
            [
              -77.01363729828707,
              38.90096653285458
            ],
            [
              -77.01361189077181,
              38.90006730774786
            ]
          ]
        ]
      },
      "properties": {
        "tile_id": 919
      }
    },
    {
      "type": "Feature",
      "geometry": {
        "type": "Polygon",
        "coordinates": [
          [
            [
              -77.01246299383023,
              38.90008712343537
            ],
            [
              -77.01131409575791,
              38.90010692782654
            ],
            [
              -77.01133947432754,
              38.901006154197496
            ],
            [
              -77.0124883868727,
              38.90098634917439
            ],
            [
              -77.01246299383023,
              38.90008712343537
            ]
          ]
        ]
      },
      "properties": {
        "tile_id": 920
      }
    },
    {
      "type": "Feature",
      "geometry": {
        "type": "Polygon",
        "coordinates": [
          [
            [
              -77.01131409575791,
              38.90010692782654
            ],
            [
              -77.01016519655549,
              38.90012672092135
            ],
            [
              -77.01019056065223,
              38.90102594792386
            ],
            [
              -77.01133947432754,
              38.901006154197496
            ],
            [
              -77.01131409575791,
              38.90010692782654
            ]
          ]
        ]
      },
      "properties": {
        "tile_id": 921
      }
    },
    {
      "type": "Feature",
      "geometry": {
        "type": "Polygon",
        "coordinates": [
          [
            [
              -77.01016519655549,
              38.90012672092135
            ],
            [
              -77.00901629622362,
              38.90014650271974
            ],
            [
              -77.0090416458474,
              38.90104573035347
            ],
            [
              -77.01019056065223,
              38.90102594792386
            ],
            [
              -77.01016519655549,
              38.90012672092135
            ]
          ]
        ]
      },
      "properties": {
        "tile_id": 922
      }
    },
    {
      "type": "Feature",
      "geometry": {
        "type": "Polygon",
        "coordinates": [
          [
            [
              -77.00901629622362,
              38.90014650271974
            ],
            [
              -77.00786739476294,
              38.900166273221686
            ],
            [
              -77.00789272991373,
              38.901065501486265
            ],
            [
              -77.0090416458474,
              38.90104573035347
            ],
            [
              -77.00901629622362,
              38.90014650271974
            ]
          ]
        ]
      },
      "properties": {
        "tile_id": 923
      }
    },
    {
      "type": "Feature",
      "geometry": {
        "type": "Polygon",
        "coordinates": [
          [
            [
              -77.00786739476294,
              38.900166273221686
            ],
            [
              -77.00671849217409,
              38.900186032427165
            ],
            [
              -77.00674381285182,
              38.90108526132224
            ],
            [
              -77.00789272991373,
              38.901065501486265
            ],
            [
              -77.00786739476294,
              38.900166273221686
            ]
          ]
        ]
      },
      "properties": {
        "tile_id": 924
      }
    },
    {
      "type": "Feature",
      "geometry": {
        "type": "Polygon",
        "coordinates": [
          [
            [
              -77.00671849217409,
              38.900186032427165
            ],
            [
              -77.00556958845772,
              38.90020578033613
            ],
            [
              -77.00559489466234,
              38.90110500986133
            ],
            [
              -77.00674381285182,
              38.90108526132224
            ],
            [
              -77.00671849217409,
              38.900186032427165
            ]
          ]
        ]
      },
      "properties": {
        "tile_id": 925
      }
    },
    {
      "type": "Feature",
      "geometry": {
        "type": "Polygon",
        "coordinates": [
          [
            [
              -77.00556958845772,
              38.90020578033613
            ],
            [
              -77.00442068361447,
              38.90022551694857
            ],
            [
              -77.00444597534592,
              38.90112474710352
            ],
            [
              -77.00559489466234,
              38.90110500986133
            ],
            [
              -77.00556958845772,
              38.90020578033613
            ]
          ]
        ]
      },
      "properties": {
        "tile_id": 926
      }
    },
    {
      "type": "Feature",
      "geometry": {
        "type": "Polygon",
        "coordinates": [
          [
            [
              -77.00442068361447,
              38.90022551694857
            ],
            [
              -77.00327177764498,
              38.90024524226442
            ],
            [
              -77.00329705490321,
              38.901144473048795
            ],
            [
              -77.00444597534592,
              38.90112474710352
            ],
            [
              -77.00442068361447,
              38.90022551694857
            ]
          ]
        ]
      },
      "properties": {
        "tile_id": 927
      }
    },
    {
      "type": "Feature",
      "geometry": {
        "type": "Polygon",
        "coordinates": [
          [
            [
              -77.00327177764498,
              38.90024524226442
            ],
            [
              -77.00212287054991,
              38.90026495628366
            ],
            [
              -77.00214813333486,
              38.9011641876971
            ],
            [
              -77.00329705490321,
              38.901144473048795
            ],
            [
              -77.00327177764498,
              38.90024524226442
            ]
          ]
        ]
      },
      "properties": {
        "tile_id": 928
      }
    },
    {
      "type": "Feature",
      "geometry": {
        "type": "Polygon",
        "coordinates": [
          [
            [
              -77.00212287054991,
              38.90026495628366
            ],
            [
              -77.0009739623299,
              38.90028465900627
            ],
            [
              -77.0009992106415,
              38.901183891048376
            ],
            [
              -77.00214813333486,
              38.9011641876971
            ],
            [
              -77.00212287054991,
              38.90026495628366
            ]
          ]
        ]
      },
      "properties": {
        "tile_id": 929
      }
    },
    {
      "type": "Feature",
      "geometry": {
        "type": "Polygon",
        "coordinates": [
          [
            [
              -77.0009739623299,
              38.90028465900627
            ],
            [
              -76.99982505298556,
              38.900304350432194
            ],
            [
              -76.99985028682379,
              38.90120358310264
            ],
            [
              -77.0009992106415,
              38.901183891048376
            ],
            [
              -77.0009739623299,
              38.90028465900627
            ]
          ]
        ]
      },
      "properties": {
        "tile_id": 930
      }
    },
    {
      "type": "Feature",
      "geometry": {
        "type": "Polygon",
        "coordinates": [
          [
            [
              -76.99982505298556,
              38.900304350432194
            ],
            [
              -76.99867614251758,
              38.90032403056142
            ],
            [
              -76.99870136188235,
              38.90122326385983
            ],
            [
              -76.99985028682379,
              38.90120358310264
            ],
            [
              -76.99982505298556,
              38.900304350432194
            ]
          ]
        ]
      },
      "properties": {
        "tile_id": 931
      }
    },
    {
      "type": "Feature",
      "geometry": {
        "type": "Polygon",
        "coordinates": [
          [
            [
              -76.99867614251758,
              38.90032403056142
            ],
            [
              -76.99752723092656,
              38.9003436993939
            ],
            [
              -76.99755243581784,
              38.901242933319935
            ],
            [
              -76.99870136188235,
              38.90122326385983
            ],
            [
              -76.99867614251758,
              38.90032403056142
            ]
          ]
        ]
      },
      "properties": {
        "tile_id": 932
      }
    },
    {
      "type": "Feature",
      "geometry": {
        "type": "Polygon",
        "coordinates": [
          [
            [
              -76.99752723092656,
              38.9003436993939
            ],
            [
              -76.99637831821319,
              38.90036335692961
            ],
            [
              -76.99640350863092,
              38.9012625914829
            ],
            [
              -76.99755243581784,
              38.901242933319935
            ],
            [
              -76.99752723092656,
              38.9003436993939
            ]
          ]
        ]
      },
      "properties": {
        "tile_id": 933
      }
    },
    {
      "type": "Feature",
      "geometry": {
        "type": "Polygon",
        "coordinates": [
          [
            [
              -76.99637831821319,
              38.90036335692961
            ],
            [
              -76.99522940437807,
              38.900383003168514
            ],
            [
              -76.9952545803222,
              38.901282238348685
            ],
            [
              -76.99640350863092,
              38.9012625914829
            ],
            [
              -76.99637831821319,
              38.90036335692961
            ]
          ]
        ]
      },
      "properties": {
        "tile_id": 934
      }
    },
    {
      "type": "Feature",
      "geometry": {
        "type": "Polygon",
        "coordinates": [
          [
            [
              -76.99522940437807,
              38.900383003168514
            ],
            [
              -76.99408048942188,
              38.90040263811058
            ],
            [
              -76.99410565089234,
              38.90130187391727
            ],
            [
              -76.9952545803222,
              38.901282238348685
            ],
            [
              -76.99522940437807,
              38.900383003168514
            ]
          ]
        ]
      },
      "properties": {
        "tile_id": 935
      }
    },
    {
      "type": "Feature",
      "geometry": {
        "type": "Polygon",
        "coordinates": [
          [
            [
              -76.99408048942188,
              38.90040263811058
            ],
            [
              -76.99293157334525,
              38.90042226175577
            ],
            [
              -76.99295672034198,
              38.90132149818863
            ],
            [
              -76.99410565089234,
              38.90130187391727
            ],
            [
              -76.99408048942188,
              38.90040263811058
            ]
          ]
        ]
      },
      "properties": {
        "tile_id": 936
      }
    },
    {
      "type": "Feature",
      "geometry": {
        "type": "Polygon",
        "coordinates": [
          [
            [
              -76.99293157334525,
              38.90042226175577
            ],
            [
              -76.99178265614879,
              38.90044187410405
            ],
            [
              -76.99180778867178,
              38.90134111116273
            ],
            [
              -76.99295672034198,
              38.90132149818863
            ],
            [
              -76.99293157334525,
              38.90042226175577
            ]
          ]
        ]
      },
      "properties": {
        "tile_id": 937
      }
    },
    {
      "type": "Feature",
      "geometry": {
        "type": "Polygon",
        "coordinates": [
          [
            [
              -77.02972193899424,
              38.900687918242525
            ],
            [
              -77.02857304347859,
              38.90070789271262
            ],
            [
              -77.02859864027852,
              38.90160710941372
            ],
            [
              -77.02974755026682,
              38.901587134306276
            ],
            [
              -77.02972193899424,
              38.900687918242525
            ]
          ]
        ]
      },
      "properties": {
        "tile_id": 938
      }
    },
    {
      "type": "Feature",
      "geometry": {
        "type": "Polygon",
        "coordinates": [
          [
            [
              -77.02857304347859,
              38.90070789271262
            ],
            [
              -77.02742414682312,
              38.90072785588648
            ],
            [
              -77.02744972915035,
              38.90162707322456
            ],
            [
              -77.02859864027852,
              38.90160710941372
            ],
            [
              -77.02857304347859,
              38.90070789271262
            ]
          ]
        ]
      },
      "properties": {
        "tile_id": 939
      }
    },
    {
      "type": "Feature",
      "geometry": {
        "type": "Polygon",
        "coordinates": [
          [
            [
              -77.02742414682312,
              38.90072785588648
            ],
            [
              -77.02627524902852,
              38.90074780776407
            ],
            [
              -77.02630081688295,
              38.90164702573878
            ],
            [
              -77.02744972915035,
              38.90162707322456
            ],
            [
              -77.02742414682312,
              38.90072785588648
            ]
          ]
        ]
      },
      "properties": {
        "tile_id": 940
      }
    },
    {
      "type": "Feature",
      "geometry": {
        "type": "Polygon",
        "coordinates": [
          [
            [
              -77.02627524902852,
              38.90074780776407
            ],
            [
              -77.02512635009538,
              38.900767748345366
            ],
            [
              -77.02515190347701,
              38.901666966956356
            ],
            [
              -77.02630081688295,
              38.90164702573878
            ],
            [
              -77.02627524902852,
              38.90074780776407
            ]
          ]
        ]
      },
      "properties": {
        "tile_id": 941
      }
    },
    {
      "type": "Feature",
      "geometry": {
        "type": "Polygon",
        "coordinates": [
          [
            [
              -77.02512635009538,
              38.900767748345366
            ],
            [
              -77.02397745002436,
              38.90078767763034
            ],
            [
              -77.02400298893312,
              38.90168689687723
            ],
            [
              -77.02515190347701,
              38.901666966956356
            ],
            [
              -77.02512635009538,
              38.900767748345366
            ]
          ]
        ]
      },
      "properties": {
        "tile_id": 942
      }
    },
    {
      "type": "Feature",
      "geometry": {
        "type": "Polygon",
        "coordinates": [
          [
            [
              -77.02397745002436,
              38.90078767763034
            ],
            [
              -77.02282854881611,
              38.90080759561894
            ],
            [
              -77.02285407325193,
              38.90170681550138
            ],
            [
              -77.02400298893312,
              38.90168689687723
            ],
            [
              -77.02397745002436,
              38.90078767763034
            ]
          ]
        ]
      },
      "properties": {
        "tile_id": 943
      }
    },
    {
      "type": "Feature",
      "geometry": {
        "type": "Polygon",
        "coordinates": [
          [
            [
              -77.02282854881611,
              38.90080759561894
            ],
            [
              -77.02167964647128,
              38.90082750231115
            ],
            [
              -77.02170515643412,
              38.901726722828776
            ],
            [
              -77.02285407325193,
              38.90170681550138
            ],
            [
              -77.02282854881611,
              38.90080759561894
            ]
          ]
        ]
      },
      "properties": {
        "tile_id": 944
      }
    },
    {
      "type": "Feature",
      "geometry": {
        "type": "Polygon",
        "coordinates": [
          [
            [
              -77.02167964647128,
              38.90082750231115
            ],
            [
              -77.02053074299052,
              38.90084739770692
            ],
            [
              -77.0205562384803,
              38.90174661885937
            ],
            [
              -77.02170515643412,
              38.901726722828776
            ],
            [
              -77.02167964647128,
              38.90082750231115
            ]
          ]
        ]
      },
      "properties": {
        "tile_id": 945
      }
    },
    {
      "type": "Feature",
      "geometry": {
        "type": "Polygon",
        "coordinates": [
          [
            [
              -77.02053074299052,
              38.90084739770692
            ],
            [
              -77.01938183837443,
              38.90086728180623
            ],
            [
              -77.01940731939112,
              38.901766503593144
            ],
            [
              -77.0205562384803,
              38.90174661885937
            ],
            [
              -77.02053074299052,
              38.90084739770692
            ]
          ]
        ]
      },
      "properties": {
        "tile_id": 946
      }
    },
    {
      "type": "Feature",
      "geometry": {
        "type": "Polygon",
        "coordinates": [
          [
            [
              -77.01938183837443,
              38.90086728180623
            ],
            [
              -77.0182329326237,
              38.90088715460903
            ],
            [
              -77.01825839916724,
              38.90178637703006
            ],
            [
              -77.01940731939112,
              38.901766503593144
            ],
            [
              -77.01938183837443,
              38.90086728180623
            ]
          ]
        ]
      },
      "properties": {
        "tile_id": 947
      }
    },
    {
      "type": "Feature",
      "geometry": {
        "type": "Polygon",
        "coordinates": [
          [
            [
              -77.0182329326237,
              38.90088715460903
            ],
            [
              -77.01708402573895,
              38.900907016115305
            ],
            [
              -77.01710947780929,
              38.901806239170064
            ],
            [
              -77.01825839916725,
              38.90178637703006
            ],
            [
              -77.0182329326237,
              38.90088715460903
            ]
          ]
        ]
      },
      "properties": {
        "tile_id": 948
      }
    },
    {
      "type": "Feature",
      "geometry": {
        "type": "Polygon",
        "coordinates": [
          [
            [
              -77.01708402573895,
              38.900907016115305
            ],
            [
              -77.01593511772084,
              38.90092686632501
            ],
            [
              -77.0159605553179,
              38.90182609001317
            ],
            [
              -77.01710947780929,
              38.901806239170064
            ],
            [
              -77.01708402573895,
              38.900907016115305
            ]
          ]
        ]
      },
      "properties": {
        "tile_id": 949
      }
    },
    {
      "type": "Feature",
      "geometry": {
        "type": "Polygon",
        "coordinates": [
          [
            [
              -77.01593511772084,
              38.90092686632501
            ],
            [
              -77.01478620857,
              38.90094670523811
            ],
            [
              -77.01481163169375,
              38.90184592955929
            ],
            [
              -77.0159605553179,
              38.90182609001317
            ],
            [
              -77.01593511772084,
              38.90092686632501
            ]
          ]
        ]
      },
      "properties": {
        "tile_id": 950
      }
    },
    {
      "type": "Feature",
      "geometry": {
        "type": "Polygon",
        "coordinates": [
          [
            [
              -77.01478620857,
              38.90094670523811
            ],
            [
              -77.01363729828707,
              38.90096653285458
            ],
            [
              -77.01366270693744,
              38.90186575780844
            ],
            [
              -77.01481163169375,
              38.90184592955929
            ],
            [
              -77.01478620857,
              38.90094670523811
            ]
          ]
        ]
      },
      "properties": {
        "tile_id": 951
      }
    },
    {
      "type": "Feature",
      "geometry": {
        "type": "Polygon",
        "coordinates": [
          [
            [
              -77.01363729828707,
              38.90096653285458
            ],
            [
              -77.0124883868727,
              38.90098634917439
            ],
            [
              -77.01251378104965,
              38.90188557476054
            ],
            [
              -77.01366270693744,
              38.90186575780844
            ],
            [
              -77.01363729828707,
              38.90096653285458
            ]
          ]
        ]
      },
      "properties": {
        "tile_id": 952
      }
    },
    {
      "type": "Feature",
      "geometry": {
        "type": "Polygon",
        "coordinates": [
          [
            [
              -77.0124883868727,
              38.90098634917439
            ],
            [
              -77.01133947432754,
              38.901006154197496
            ],
            [
              -77.011364854031,
              38.9019053804156
            ],
            [
              -77.01251378104965,
              38.90188557476054
            ],
            [
              -77.0124883868727,
              38.90098634917439
            ]
          ]
        ]
      },
      "properties": {
        "tile_id": 953
      }
    },
    {
      "type": "Feature",
      "geometry": {
        "type": "Polygon",
        "coordinates": [
          [
            [
              -77.01133947432754,
              38.901006154197496
            ],
            [
              -77.01019056065223,
              38.90102594792386
            ],
            [
              -77.01021592588215,
              38.90192517477356
            ],
            [
              -77.011364854031,
              38.9019053804156
            ],
            [
              -77.01133947432754,
              38.901006154197496
            ]
          ]
        ]
      },
      "properties": {
        "tile_id": 954
      }
    },
    {
      "type": "Feature",
      "geometry": {
        "type": "Polygon",
        "coordinates": [
          [
            [
              -77.01019056065223,
              38.90102594792386
            ],
            [
              -77.0090416458474,
              38.90104573035347
            ],
            [
              -77.00906699660374,
              38.90194495783439
            ],
            [
              -77.01021592588215,
              38.90192517477356
            ],
            [
              -77.01019056065223,
              38.90102594792386
            ]
          ]
        ]
      },
      "properties": {
        "tile_id": 955
      }
    },
    {
      "type": "Feature",
      "geometry": {
        "type": "Polygon",
        "coordinates": [
          [
            [
              -77.0090416458474,
              38.90104573035347
            ],
            [
              -77.00789272991373,
              38.901065501486265
            ],
            [
              -77.0079180661964,
              38.90196472959804
            ],
            [
              -77.00906699660374,
              38.90194495783439
            ],
            [
              -77.0090416458474,
              38.90104573035347
            ]
          ]
        ]
      },
      "properties": {
        "tile_id": 956
      }
    },
    {
      "type": "Feature",
      "geometry": {
        "type": "Polygon",
        "coordinates": [
          [
            [
              -77.00789272991373,
              38.901065501486265
            ],
            [
              -77.00674381285182,
              38.90108526132224
            ],
            [
              -77.00676913466079,
              38.90198449006453
            ],
            [
              -77.00791806619641,
              38.90196472959804
            ],
            [
              -77.00789272991373,
              38.901065501486265
            ]
          ]
        ]
      },
      "properties": {
        "tile_id": 957
      }
    },
    {
      "type": "Feature",
      "geometry": {
        "type": "Polygon",
        "coordinates": [
          [
            [
              -77.00674381285182,
              38.90108526132224
            ],
            [
              -77.00559489466234,
              38.90110500986133
            ],
            [
              -77.00562020199754,
              38.90200423923376
            ],
            [
              -77.00676913466079,
              38.90198449006453
            ],
            [
              -77.00674381285182,
              38.90108526132224
            ]
          ]
        ]
      },
      "properties": {
        "tile_id": 958
      }
    },
    {
      "type": "Feature",
      "geometry": {
        "type": "Polygon",
        "coordinates": [
          [
            [
              -77.00559489466234,
              38.90110500986133
            ],
            [
              -77.00444597534592,
              38.90112474710352
            ],
            [
              -77.00447126820731,
              38.902023977105756
            ],
            [
              -77.00562020199756,
              38.90200423923376
            ],
            [
              -77.00559489466234,
              38.90110500986133
            ]
          ]
        ]
      },
      "properties": {
        "tile_id": 959
      }
    },
    {
      "type": "Feature",
      "geometry": {
        "type": "Polygon",
        "coordinates": [
          [
            [
              -77.00444597534592,
              38.90112474710352
            ],
            [
              -77.00329705490321,
              38.901144473048795
            ],
            [
              -77.00332233329073,
              38.902043703680434
            ],
            [
              -77.00447126820731,
              38.902023977105756
            ],
            [
              -77.00444597534592,
              38.90112474710352
            ]
          ]
        ]
      },
      "properties": {
        "tile_id": 960
      }
    },
    {
      "type": "Feature",
      "geometry": {
        "type": "Polygon",
        "coordinates": [
          [
            [
              -77.00329705490321,
              38.901144473048795
            ],
            [
              -77.00214813333486,
              38.9011641876971
            ],
            [
              -77.00217339724846,
              38.9020634189578
            ],
            [
              -77.00332233329073,
              38.902043703680434
            ],
            [
              -77.00329705490321,
              38.901144473048795
            ]
          ]
        ]
      },
      "properties": {
        "tile_id": 961
      }
    },
    {
      "type": "Feature",
      "geometry": {
        "type": "Polygon",
        "coordinates": [
          [
            [
              -77.00214813333486,
              38.9011641876971
            ],
            [
              -77.0009992106415,
              38.901183891048376
            ],
            [
              -77.00102446008113,
              38.90208312293781
            ],
            [
              -77.00217339724846,
              38.9020634189578
            ],
            [
              -77.00214813333486,
              38.9011641876971
            ]
          ]
        ]
      },
      "properties": {
        "tile_id": 962
      }
    },
    {
      "type": "Feature",
      "geometry": {
        "type": "Polygon",
        "coordinates": [
          [
            [
              -77.0009992106415,
              38.901183891048376
            ],
            [
              -76.99985028682379,
              38.90120358310264
            ],
            [
              -76.99987552178936,
              38.90210281562042
            ],
            [
              -77.00102446008113,
              38.90208312293781
            ],
            [
              -77.0009992106415,
              38.901183891048376
            ]
          ]
        ]
      },
      "properties": {
        "tile_id": 963
      }
    },
    {
      "type": "Feature",
      "geometry": {
        "type": "Polygon",
        "coordinates": [
          [
            [
              -76.99985028682379,
              38.90120358310264
            ],
            [
              -76.99870136188235,
              38.90122326385983
            ],
            [
              -76.99872658237385,
              38.90212249700559
            ],
            [
              -76.99987552178936,
              38.90210281562042
            ],
            [
              -76.99985028682379,
              38.90120358310264
            ]
          ]
        ]
      },
      "properties": {
        "tile_id": 964
      }
    },
    {
      "type": "Feature",
      "geometry": {
        "type": "Polygon",
        "coordinates": [
          [
            [
              -76.99870136188235,
              38.90122326385983
            ],
            [
              -76.99755243581784,
              38.901242933319935
            ],
            [
              -76.9975776418352,
              38.90214216709332
            ],
            [
              -76.99872658237385,
              38.90212249700559
            ],
            [
              -76.99870136188235,
              38.90122326385983
            ]
          ]
        ]
      },
      "properties": {
        "tile_id": 965
      }
    },
    {
      "type": "Feature",
      "geometry": {
        "type": "Polygon",
        "coordinates": [
          [
            [
              -76.99755243581784,
              38.901242933319935
            ],
            [
              -76.99640350863092,
              38.9012625914829
            ],
            [
              -76.99642870017406,
              38.90216182588353
            ],
            [
              -76.9975776418352,
              38.90214216709332
            ],
            [
              -76.99755243581784,
              38.901242933319935
            ]
          ]
        ]
      },
      "properties": {
        "tile_id": 966
      }
    },
    {
      "type": "Feature",
      "geometry": {
        "type": "Polygon",
        "coordinates": [
          [
            [
              -76.99640350863092,
              38.9012625914829
            ],
            [
              -76.9952545803222,
              38.901282238348685
            ],
            [
              -76.9952797573911,
              38.90218147337623
            ],
            [
              -76.99642870017406,
              38.90216182588353
            ],
            [
              -76.99640350863092,
              38.9012625914829
            ]
          ]
        ]
      },
      "properties": {
        "tile_id": 967
      }
    },
    {
      "type": "Feature",
      "geometry": {
        "type": "Polygon",
        "coordinates": [
          [
            [
              -76.9952545803222,
              38.901282238348685
            ],
            [
              -76.99410565089234,
              38.90130187391727
            ],
            [
              -76.99413081348693,
              38.902201109571365
            ],
            [
              -76.9952797573911,
              38.90218147337623
            ],
            [
              -76.9952545803222,
              38.901282238348685
            ]
          ]
        ]
      },
      "properties": {
        "tile_id": 968
      }
    },
    {
      "type": "Feature",
      "geometry": {
        "type": "Polygon",
        "coordinates": [
          [
            [
              -76.99410565089234,
              38.90130187391727
            ],
            [
              -76.99295672034198,
              38.90132149818863
            ],
            [
              -76.99298186846221,
              38.90222073446892
            ],
            [
              -76.99413081348693,
              38.902201109571365
            ],
            [
              -76.99410565089234,
              38.90130187391727
            ]
          ]
        ]
      },
      "properties": {
        "tile_id": 969
      }
    },
    {
      "type": "Feature",
      "geometry": {
        "type": "Polygon",
        "coordinates": [
          [
            [
              -76.99295672034198,
              38.90132149818863
            ],
            [
              -76.99180778867178,
              38.90134111116273
            ],
            [
              -76.99183292231758,
              38.90224034806883
            ],
            [
              -76.99298186846221,
              38.90222073446892
            ],
            [
              -76.99295672034198,
              38.90132149818863
            ]
          ]
        ]
      },
      "properties": {
        "tile_id": 970
      }
    },
    {
      "type": "Feature",
      "geometry": {
        "type": "Polygon",
        "coordinates": [
          [
            [
              -77.02974755026682,
              38.901587134306276
            ],
            [
              -77.02859864027852,
              38.90160710941372
            ],
            [
              -77.02862423822201,
              38.902506325961724
            ],
            [
              -77.02977316268361,
              38.902486350216925
            ],
            [
              -77.02974755026682,
              38.901587134306276
            ]
          ]
        ]
      },
      "properties": {
        "tile_id": 971
      }
    },
    {
      "type": "Feature",
      "geometry": {
        "type": "Polygon",
        "coordinates": [
          [
            [
              -77.02859864027852,
              38.90160710941372
            ],
            [
              -77.02744972915035,
              38.90162707322456
            ],
            [
              -77.02747531262048,
              38.90252629040958
            ],
            [
              -77.02862423822201,
              38.902506325961724
            ],
            [
              -77.02859864027852,
              38.90160710941372
            ]
          ]
        ]
      },
      "properties": {
        "tile_id": 972
      }
    },
    {
      "type": "Feature",
      "geometry": {
        "type": "Polygon",
        "coordinates": [
          [
            [
              -77.02744972915035,
              38.90162707322456
            ],
            [
              -77.02630081688295,
              38.90164702573878
            ],
            [
              -77.02632638587968,
              38.90254624356045
            ],
            [
              -77.02747531262048,
              38.90252629040958
            ],
            [
              -77.02744972915035,
              38.90162707322456
            ]
          ]
        ]
      },
      "properties": {
        "tile_id": 973
      }
    },
    {
      "type": "Feature",
      "geometry": {
        "type": "Polygon",
        "coordinates": [
          [
            [
              -77.02630081688295,
              38.90164702573878
            ],
            [
              -77.02515190347701,
              38.901666966956356
            ],
            [
              -77.02517745800026,
              38.9025661854143
            ],
            [
              -77.02632638587968,
              38.90254624356045
            ],
            [
              -77.02630081688295,
              38.90164702573878
            ]
          ]
        ]
      },
      "properties": {
        "tile_id": 974
      }
    },
    {
      "type": "Feature",
      "geometry": {
        "type": "Polygon",
        "coordinates": [
          [
            [
              -77.02515190347701,
              38.901666966956356
            ],
            [
              -77.02400298893312,
              38.90168689687723
            ],
            [
              -77.02402852898285,
              38.90258611597111
            ],
            [
              -77.02517745800026,
              38.9025661854143
            ],
            [
              -77.02515190347701,
              38.901666966956356
            ]
          ]
        ]
      },
      "properties": {
        "tile_id": 975
      }
    },
    {
      "type": "Feature",
      "geometry": {
        "type": "Polygon",
        "coordinates": [
          [
            [
              -77.02400298893312,
              38.90168689687723
            ],
            [
              -77.02285407325193,
              38.90170681550138
            ],
            [
              -77.0228795988281,
              38.90260603523081
            ],
            [
              -77.02402852898285,
              38.90258611597111
            ],
            [
              -77.02400298893312,
              38.90168689687723
            ]
          ]
        ]
      },
      "properties": {
        "tile_id": 976
      }
    },
    {
      "type": "Feature",
      "geometry": {
        "type": "Polygon",
        "coordinates": [
          [
            [
              -77.02285407325193,
              38.90170681550138
            ],
            [
              -77.02170515643412,
              38.901726722828776
            ],
            [
              -77.02173066753663,
              38.90262594319341
            ],
            [
              -77.0228795988281,
              38.90260603523081
            ],
            [
              -77.02285407325193,
              38.90170681550138
            ]
          ]
        ]
      },
      "properties": {
        "tile_id": 977
      }
    },
    {
      "type": "Feature",
      "geometry": {
        "type": "Polygon",
        "coordinates": [
          [
            [
              -77.02170515643412,
              38.901726722828776
            ],
            [
              -77.0205562384803,
              38.90174661885937
            ],
            [
              -77.02058173510913,
              38.90264583985885
            ],
            [
              -77.02173066753663,
              38.90262594319341
            ],
            [
              -77.02170515643412,
              38.901726722828776
            ]
          ]
        ]
      },
      "properties": {
        "tile_id": 978
      }
    },
    {
      "type": "Feature",
      "geometry": {
        "type": "Polygon",
        "coordinates": [
          [
            [
              -77.0205562384803,
              38.90174661885937
            ],
            [
              -77.01940731939112,
              38.901766503593144
            ],
            [
              -77.01943280154622,
              38.90266572522711
            ],
            [
              -77.02058173510913,
              38.90264583985885
            ],
            [
              -77.0205562384803,
              38.90174661885937
            ]
          ]
        ]
      },
      "properties": {
        "tile_id": 979
      }
    },
    {
      "type": "Feature",
      "geometry": {
        "type": "Polygon",
        "coordinates": [
          [
            [
              -77.01940731939112,
              38.901766503593144
            ],
            [
              -77.01825839916724,
              38.90178637703006
            ],
            [
              -77.01828386684852,
              38.902685599298145
            ],
            [
              -77.01943280154622,
              38.90266572522711
            ],
            [
              -77.01940731939112,
              38.901766503593144
            ]
          ]
        ]
      },
      "properties": {
        "tile_id": 980
      }
    },
    {
      "type": "Feature",
      "geometry": {
        "type": "Polygon",
        "coordinates": [
          [
            [
              -77.01825839916725,
              38.90178637703006
            ],
            [
              -77.01710947780929,
              38.901806239170064
            ],
            [
              -77.01713493101673,
              38.90270546207193
            ],
            [
              -77.01828386684852,
              38.902685599298145
            ],
            [
              -77.01825839916725,
              38.90178637703006
            ]
          ]
        ]
      },
      "properties": {
        "tile_id": 981
      }
    },
    {
      "type": "Feature",
      "geometry": {
        "type": "Polygon",
        "coordinates": [
          [
            [
              -77.01710947780929,
              38.901806239170064
            ],
            [
              -77.0159605553179,
              38.90182609001317
            ],
            [
              -77.01598599405142,
              38.90272531354843
            ],
            [
              -77.01713493101673,
              38.90270546207193
            ],
            [
              -77.01710947780929,
              38.901806239170064
            ]
          ]
        ]
      },
      "properties": {
        "tile_id": 982
      }
    },
    {
      "type": "Feature",
      "geometry": {
        "type": "Polygon",
        "coordinates": [
          [
            [
              -77.0159605553179,
              38.90182609001317
            ],
            [
              -77.01481163169375,
              38.90184592955929
            ],
            [
              -77.0148370559533,
              38.9027451537276
            ],
            [
              -77.01598599405142,
              38.90272531354843
            ],
            [
              -77.0159605553179,
              38.90182609001317
            ]
          ]
        ]
      },
      "properties": {
        "tile_id": 983
      }
    },
    {
      "type": "Feature",
      "geometry": {
        "type": "Polygon",
        "coordinates": [
          [
            [
              -77.01481163169375,
              38.90184592955929
            ],
            [
              -77.01366270693744,
              38.90186575780844
            ],
            [
              -77.01368811672297,
              38.90276498260942
            ],
            [
              -77.0148370559533,
              38.9027451537276
            ],
            [
              -77.01481163169375,
              38.90184592955929
            ]
          ]
        ]
      },
      "properties": {
        "tile_id": 984
      }
    },
    {
      "type": "Feature",
      "geometry": {
        "type": "Polygon",
        "coordinates": [
          [
            [
              -77.01366270693744,
              38.90186575780844
            ],
            [
              -77.01251378104965,
              38.90188557476054
            ],
            [
              -77.0125391763611,
              38.90278480019385
            ],
            [
              -77.01368811672297,
              38.90276498260942
            ],
            [
              -77.01366270693744,
              38.90186575780844
            ]
          ]
        ]
      },
      "properties": {
        "tile_id": 985
      }
    },
    {
      "type": "Feature",
      "geometry": {
        "type": "Polygon",
        "coordinates": [
          [
            [
              -77.01251378104965,
              38.90188557476054
            ],
            [
              -77.011364854031,
              38.9019053804156
            ],
            [
              -77.01139023486833,
              38.90280460648086
            ],
            [
              -77.0125391763611,
              38.90278480019385
            ],
            [
              -77.01251378104965,
              38.90188557476054
            ]
          ]
        ]
      },
      "properties": {
        "tile_id": 986
      }
    },
    {
      "type": "Feature",
      "geometry": {
        "type": "Polygon",
        "coordinates": [
          [
            [
              -77.011364854031,
              38.9019053804156
            ],
            [
              -77.01021592588215,
              38.90192517477356
            ],
            [
              -77.0102412922453,
              38.90282440147042
            ],
            [
              -77.01139023486833,
              38.90280460648086
            ],
            [
              -77.011364854031,
              38.9019053804156
            ]
          ]
        ]
      },
      "properties": {
        "tile_id": 987
      }
    },
    {
      "type": "Feature",
      "geometry": {
        "type": "Polygon",
        "coordinates": [
          [
            [
              -77.01021592588215,
              38.90192517477356
            ],
            [
              -77.00906699660374,
              38.90194495783439
            ],
            [
              -77.00909234849264,
              38.9028441851625
            ],
            [
              -77.0102412922453,
              38.90282440147042
            ],
            [
              -77.01021592588215,
              38.90192517477356
            ]
          ]
        ]
      },
      "properties": {
        "tile_id": 988
      }
    },
    {
      "type": "Feature",
      "geometry": {
        "type": "Polygon",
        "coordinates": [
          [
            [
              -77.00906699660374,
              38.90194495783439
            ],
            [
              -77.0079180661964,
              38.90196472959804
            ],
            [
              -77.00794340361101,
              38.902863957557045
            ],
            [
              -77.00909234849264,
              38.9028441851625
            ],
            [
              -77.00906699660374,
              38.90194495783439
            ]
          ]
        ]
      },
      "properties": {
        "tile_id": 989
      }
    },
    {
      "type": "Feature",
      "geometry": {
        "type": "Polygon",
        "coordinates": [
          [
            [
              -77.00791806619641,
              38.90196472959804
            ],
            [
              -77.00676913466079,
              38.90198449006453
            ],
            [
              -77.00679445760105,
              38.90288371865403
            ],
            [
              -77.00794340361101,
              38.902863957557045
            ],
            [
              -77.00791806619641,
              38.90196472959804
            ]
          ]
        ]
      },
      "properties": {
        "tile_id": 990
      }
    },
    {
      "type": "Feature",
      "geometry": {
        "type": "Polygon",
        "coordinates": [
          [
            [
              -77.00676913466079,
              38.90198449006453
            ],
            [
              -77.00562020199754,
              38.90200423923376
            ],
            [
              -77.00564551046341,
              38.902903468453445
            ],
            [
              -77.00679445760105,
              38.90288371865403
            ],
            [
              -77.00676913466079,
              38.90198449006453
            ]
          ]
        ]
      },
      "properties": {
        "tile_id": 991
      }
    },
    {
      "type": "Feature",
      "geometry": {
        "type": "Polygon",
        "coordinates": [
          [
            [
              -77.00562020199756,
              38.90200423923376
            ],
            [
              -77.00447126820731,
              38.902023977105756
            ],
            [
              -77.00449656219871,
              38.90292320695523
            ],
            [
              -77.00564551046341,
              38.902903468453445
            ],
            [
              -77.00562020199756,
              38.90200423923376
            ]
          ]
        ]
      },
      "properties": {
        "tile_id": 992
      }
    },
    {
      "type": "Feature",
      "geometry": {
        "type": "Polygon",
        "coordinates": [
          [
            [
              -77.00447126820731,
              38.902023977105756
            ],
            [
              -77.00332233329073,
              38.902043703680434
            ],
            [
              -77.00334761280762,
              38.90294293415936
            ],
            [
              -77.00449656219871,
              38.90292320695523
            ],
            [
              -77.00447126820731,
              38.902023977105756
            ]
          ]
        ]
      },
      "properties": {
        "tile_id": 993
      }
    },
    {
      "type": "Feature",
      "geometry": {
        "type": "Polygon",
        "coordinates": [
          [
            [
              -77.00332233329073,
              38.902043703680434
            ],
            [
              -77.00217339724846,
              38.9020634189578
            ],
            [
              -77.00219866229077,
              38.9029626500658
            ],
            [
              -77.00334761280762,
              38.90294293415936
            ],
            [
              -77.00332233329073,
              38.902043703680434
            ]
          ]
        ]
      },
      "properties": {
        "tile_id": 994
      }
    },
    {
      "type": "Feature",
      "geometry": {
        "type": "Polygon",
        "coordinates": [
          [
            [
              -77.00217339724846,
              38.9020634189578
            ],
            [
              -77.00102446008113,
              38.90208312293781
            ],
            [
              -77.0010497106488,
              38.90298235467452
            ],
            [
              -77.00219866229077,
              38.9029626500658
            ],
            [
              -77.00217339724846,
              38.9020634189578
            ]
          ]
        ]
      },
      "properties": {
        "tile_id": 995
      }
    },
    {
      "type": "Feature",
      "geometry": {
        "type": "Polygon",
        "coordinates": [
          [
            [
              -77.00102446008113,
              38.90208312293781
            ],
            [
              -76.99987552178936,
              38.90210281562042
            ],
            [
              -76.99990075788237,
              38.903002047985495
            ],
            [
              -77.0010497106488,
              38.90298235467452
            ],
            [
              -77.00102446008113,
              38.90208312293781
            ]
          ]
        ]
      },
      "properties": {
        "tile_id": 996
      }
    },
    {
      "type": "Feature",
      "geometry": {
        "type": "Polygon",
        "coordinates": [
          [
            [
              -76.99987552178936,
              38.90210281562042
            ],
            [
              -76.99872658237385,
              38.90212249700559
            ],
            [
              -76.99875180399212,
              38.90302172999868
            ],
            [
              -76.99990075788237,
              38.903002047985495
            ],
            [
              -76.99987552178936,
              38.90210281562042
            ]
          ]
        ]
      },
      "properties": {
        "tile_id": 997
      }
    },
    {
      "type": "Feature",
      "geometry": {
        "type": "Polygon",
        "coordinates": [
          [
            [
              -76.99872658237385,
              38.90212249700559
            ],
            [
              -76.9975776418352,
              38.90214216709332
            ],
            [
              -76.99760284897869,
              38.90304140071403
            ],
            [
              -76.99875180399212,
              38.90302172999868
            ],
            [
              -76.99872658237385,
              38.90212249700559
            ]
          ]
        ]
      },
      "properties": {
        "tile_id": 998
      }
    },
    {
      "type": "Feature",
      "geometry": {
        "type": "Polygon",
        "coordinates": [
          [
            [
              -76.9975776418352,
              38.90214216709332
            ],
            [
              -76.99642870017406,
              38.90216182588353
            ],
            [
              -76.99645389284271,
              38.903061060131535
            ],
            [
              -76.99760284897869,
              38.90304140071403
            ],
            [
              -76.9975776418352,
              38.90214216709332
            ]
          ]
        ]
      },
      "properties": {
        "tile_id": 999
      }
    },
    {
      "type": "Feature",
      "geometry": {
        "type": "Polygon",
        "coordinates": [
          [
            [
              -76.99642870017406,
              38.90216182588353
            ],
            [
              -76.9952797573911,
              38.90218147337623
            ],
            [
              -76.99530493558484,
              38.90308070825115
            ],
            [
              -76.99645389284271,
              38.903061060131535
            ],
            [
              -76.99642870017406,
              38.90216182588353
            ]
          ]
        ]
      },
      "properties": {
        "tile_id": 1000
      }
    },
    {
      "type": "Feature",
      "geometry": {
        "type": "Polygon",
        "coordinates": [
          [
            [
              -76.9952797573911,
              38.90218147337623
            ],
            [
              -76.99413081348693,
              38.902201109571365
            ],
            [
              -76.99415597720572,
              38.90310034507285
            ],
            [
              -76.99530493558484,
              38.90308070825115
            ],
            [
              -76.9952797573911,
              38.90218147337623
            ]
          ]
        ]
      },
      "properties": {
        "tile_id": 1001
      }
    },
    {
      "type": "Feature",
      "geometry": {
        "type": "Polygon",
        "coordinates": [
          [
            [
              -76.99413081348693,
              38.902201109571365
            ],
            [
              -76.99298186846221,
              38.90222073446892
            ],
            [
              -76.99300701770599,
              38.9031199705966
            ],
            [
              -76.99415597720572,
              38.90310034507285
            ],
            [
              -76.99413081348693,
              38.902201109571365
            ]
          ]
        ]
      },
      "properties": {
        "tile_id": 1002
      }
    },
    {
      "type": "Feature",
      "geometry": {
        "type": "Polygon",
        "coordinates": [
          [
            [
              -76.99298186846221,
              38.90222073446892
            ],
            [
              -76.99183292231758,
              38.90224034806883
            ],
            [
              -76.9918580570863,
              38.903139584822355
            ],
            [
              -76.99300701770599,
              38.9031199705966
            ],
            [
              -76.99298186846221,
              38.90222073446892
            ]
          ]
        ]
      },
      "properties": {
        "tile_id": 1003
      }
    },
    {
      "type": "Feature",
      "geometry": {
        "type": "Polygon",
        "coordinates": [
          [
            [
              -77.02977316268361,
              38.902486350216925
            ],
            [
              -77.02862423822201,
              38.902506325961724
            ],
            [
              -77.0286498373091,
              38.90340554235668
            ],
            [
              -77.02979877624468,
              38.90338556597449
            ],
            [
              -77.02977316268361,
              38.902486350216925
            ]
          ]
        ]
      },
      "properties": {
        "tile_id": 1004
      }
    },
    {
      "type": "Feature",
      "geometry": {
        "type": "Polygon",
        "coordinates": [
          [
            [
              -77.02862423822201,
              38.902506325961724
            ],
            [
              -77.02747531262048,
              38.90252629040958
            ],
            [
              -77.0275008972336,
              38.90342550744155
            ],
            [
              -77.0286498373091,
              38.90340554235668
            ],
            [
              -77.02862423822201,
              38.902506325961724
            ]
          ]
        ]
      },
      "properties": {
        "tile_id": 1005
      }
    },
    {
      "type": "Feature",
      "geometry": {
        "type": "Polygon",
        "coordinates": [
          [
            [
              -77.02747531262048,
              38.90252629040958
            ],
            [
              -77.02632638587968,
              38.90254624356045
            ],
            [
              -77.02635195601873,
              38.90344546122907
            ],
            [
              -77.0275008972336,
              38.90342550744155
            ],
            [
              -77.02747531262048,
              38.90252629040958
            ]
          ]
        ]
      },
      "properties": {
        "tile_id": 1006
      }
    },
    {
      "type": "Feature",
      "geometry": {
        "type": "Polygon",
        "coordinates": [
          [
            [
              -77.02632638587968,
              38.90254624356045
            ],
            [
              -77.02517745800026,
              38.9025661854143
            ],
            [
              -77.02520301366519,
              38.903465403719224
            ],
            [
              -77.02635195601873,
              38.90344546122907
            ],
            [
              -77.02632638587968,
              38.90254624356045
            ]
          ]
        ]
      },
      "properties": {
        "tile_id": 1007
      }
    },
    {
      "type": "Feature",
      "geometry": {
        "type": "Polygon",
        "coordinates": [
          [
            [
              -77.02517745800026,
              38.9025661854143
            ],
            [
              -77.02402852898285,
              38.90258611597111
            ],
            [
              -77.02405407017362,
              38.90348533491198
            ],
            [
              -77.02520301366519,
              38.903465403719224
            ],
            [
              -77.02517745800026,
              38.9025661854143
            ]
          ]
        ]
      },
      "properties": {
        "tile_id": 1008
      }
    },
    {
      "type": "Feature",
      "geometry": {
        "type": "Polygon",
        "coordinates": [
          [
            [
              -77.02402852898285,
              38.90258611597111
            ],
            [
              -77.0228795988281,
              38.90260603523081
            ],
            [
              -77.02290512554463,
              38.90350525480726
            ],
            [
              -77.02405407017362,
              38.90348533491198
            ],
            [
              -77.02402852898285,
              38.90258611597111
            ]
          ]
        ]
      },
      "properties": {
        "tile_id": 1009
      }
    },
    {
      "type": "Feature",
      "geometry": {
        "type": "Polygon",
        "coordinates": [
          [
            [
              -77.0228795988281,
              38.90260603523081
            ],
            [
              -77.02173066753663,
              38.90262594319341
            ],
            [
              -77.02175617977889,
              38.903525163405064
            ],
            [
              -77.02290512554463,
              38.90350525480726
            ],
            [
              -77.0228795988281,
              38.90260603523081
            ]
          ]
        ]
      },
      "properties": {
        "tile_id": 1010
      }
    },
    {
      "type": "Feature",
      "geometry": {
        "type": "Polygon",
        "coordinates": [
          [
            [
              -77.02173066753663,
              38.90262594319341
            ],
            [
              -77.02058173510913,
              38.90264583985885
            ],
            [
              -77.02060723287705,
              38.903545060705376
            ],
            [
              -77.02175617977889,
              38.903525163405064
            ],
            [
              -77.02173066753663,
              38.90262594319341
            ]
          ]
        ]
      },
      "properties": {
        "tile_id": 1011
      }
    },
    {
      "type": "Feature",
      "geometry": {
        "type": "Polygon",
        "coordinates": [
          [
            [
              -77.02058173510913,
              38.90264583985885
            ],
            [
              -77.01943280154622,
              38.90266572522711
            ],
            [
              -77.01945828483976,
              38.90356494670812
            ],
            [
              -77.02060723287705,
              38.903545060705376
            ],
            [
              -77.02058173510913,
              38.90264583985885
            ]
          ]
        ]
      },
      "properties": {
        "tile_id": 1012
      }
    },
    {
      "type": "Feature",
      "geometry": {
        "type": "Polygon",
        "coordinates": [
          [
            [
              -77.01943280154622,
              38.90266572522711
            ],
            [
              -77.01828386684852,
              38.902685599298145
            ],
            [
              -77.01830933566762,
              38.9035848214133
            ],
            [
              -77.01945828483976,
              38.90356494670812
            ],
            [
              -77.01943280154622,
              38.90266572522711
            ]
          ]
        ]
      },
      "properties": {
        "tile_id": 1013
      }
    },
    {
      "type": "Feature",
      "geometry": {
        "type": "Polygon",
        "coordinates": [
          [
            [
              -77.01828386684852,
              38.902685599298145
            ],
            [
              -77.01713493101673,
              38.90270546207193
            ],
            [
              -77.01716038536131,
              38.90360468482086
            ],
            [
              -77.01830933566762,
              38.9035848214133
            ],
            [
              -77.01828386684852,
              38.902685599298145
            ]
          ]
        ]
      },
      "properties": {
        "tile_id": 1014
      }
    },
    {
      "type": "Feature",
      "geometry": {
        "type": "Polygon",
        "coordinates": [
          [
            [
              -77.01713493101673,
              38.90270546207193
            ],
            [
              -77.01598599405142,
              38.90272531354843
            ],
            [
              -77.01601143392145,
              38.90362453693078
            ],
            [
              -77.01716038536131,
              38.90360468482086
            ],
            [
              -77.01713493101673,
              38.90270546207193
            ]
          ]
        ]
      },
      "properties": {
        "tile_id": 1015
      }
    },
    {
      "type": "Feature",
      "geometry": {
        "type": "Polygon",
        "coordinates": [
          [
            [
              -77.01598599405142,
              38.90272531354843
            ],
            [
              -77.0148370559533,
              38.9027451537276
            ],
            [
              -77.01486248134873,
              38.90364437774301
            ],
            [
              -77.01601143392146,
              38.90362453693078
            ],
            [
              -77.01598599405142,
              38.90272531354843
            ]
          ]
        ]
      },
      "properties": {
        "tile_id": 1016
      }
    },
    {
      "type": "Feature",
      "geometry": {
        "type": "Polygon",
        "coordinates": [
          [
            [
              -77.0148370559533,
              38.9027451537276
            ],
            [
              -77.01368811672297,
              38.90276498260942
            ],
            [
              -77.01371352764373,
              38.903664207257535
            ],
            [
              -77.01486248134873,
              38.90364437774301
            ],
            [
              -77.0148370559533,
              38.9027451537276
            ]
          ]
        ]
      },
      "properties": {
        "tile_id": 1017
      }
    },
    {
      "type": "Feature",
      "geometry": {
        "type": "Polygon",
        "coordinates": [
          [
            [
              -77.01368811672297,
              38.90276498260942
            ],
            [
              -77.0125391763611,
              38.90278480019385
            ],
            [
              -77.01256457280715,
              38.9036840254743
            ],
            [
              -77.01371352764373,
              38.903664207257535
            ],
            [
              -77.01368811672297,
              38.90276498260942
            ]
          ]
        ]
      },
      "properties": {
        "tile_id": 1018
      }
    },
    {
      "type": "Feature",
      "geometry": {
        "type": "Polygon",
        "coordinates": [
          [
            [
              -77.0125391763611,
              38.90278480019385
            ],
            [
              -77.01139023486833,
              38.90280460648086
            ],
            [
              -77.01141561683959,
              38.9037038323933
            ],
            [
              -77.01256457280715,
              38.9036840254743
            ],
            [
              -77.0125391763611,
              38.90278480019385
            ]
          ]
        ]
      },
      "properties": {
        "tile_id": 1019
      }
    },
    {
      "type": "Feature",
      "geometry": {
        "type": "Polygon",
        "coordinates": [
          [
            [
              -77.01139023486833,
              38.90280460648086
            ],
            [
              -77.0102412922453,
              38.90282440147042
            ],
            [
              -77.01026665974172,
              38.90372362801447
            ],
            [
              -77.01141561683959,
              38.9037038323933
            ],
            [
              -77.01139023486833,
              38.90280460648086
            ]
          ]
        ]
      },
      "properties": {
        "tile_id": 1020
      }
    },
    {
      "type": "Feature",
      "geometry": {
        "type": "Polygon",
        "coordinates": [
          [
            [
              -77.0102412922453,
              38.90282440147042
            ],
            [
              -77.00909234849264,
              38.9028441851625
            ],
            [
              -77.00911770151419,
              38.9037434123378
            ],
            [
              -77.01026665974172,
              38.90372362801447
            ],
            [
              -77.0102412922453,
              38.90282440147042
            ]
          ]
        ]
      },
      "properties": {
        "tile_id": 1021
      }
    },
    {
      "type": "Feature",
      "geometry": {
        "type": "Polygon",
        "coordinates": [
          [
            [
              -77.00909234849264,
              38.9028441851625
            ],
            [
              -77.00794340361101,
              38.902863957557045
            ],
            [
              -77.00796874215762,
              38.903763185363246
            ],
            [
              -77.00911770151419,
              38.9037434123378
            ],
            [
              -77.00909234849264,
              38.9028441851625
            ]
          ]
        ]
      },
      "properties": {
        "tile_id": 1022
      }
    },
    {
      "type": "Feature",
      "geometry": {
        "type": "Polygon",
        "coordinates": [
          [
            [
              -77.00794340361101,
              38.902863957557045
            ],
            [
              -77.00679445760105,
              38.90288371865403
            ],
            [
              -77.00681978167266,
              38.90378294709078
            ],
            [
              -77.00796874215762,
              38.903763185363246
            ],
            [
              -77.00794340361101,
              38.902863957557045
            ]
          ]
        ]
      },
      "properties": {
        "tile_id": 1023
      }
    },
    {
      "type": "Feature",
      "geometry": {
        "type": "Polygon",
        "coordinates": [
          [
            [
              -77.00679445760105,
              38.90288371865403
            ],
            [
              -77.00564551046341,
              38.902903468453445
            ],
            [
              -77.00567082005995,
              38.90380269752036
            ],
            [
              -77.00681978167266,
              38.90378294709078
            ],
            [
              -77.00679445760105,
              38.90288371865403
            ]
          ]
        ]
      },
      "properties": {
        "tile_id": 1024
      }
    },
    {
      "type": "Feature",
      "geometry": {
        "type": "Polygon",
        "coordinates": [
          [
            [
              -77.00564551046341,
              38.902903468453445
            ],
            [
              -77.00449656219871,
              38.90292320695523
            ],
            [
              -77.00452185732016,
              38.903822436651964
            ],
            [
              -77.00567082005995,
              38.90380269752036
            ],
            [
              -77.00564551046341,
              38.902903468453445
            ]
          ]
        ]
      },
      "properties": {
        "tile_id": 1025
      }
    },
    {
      "type": "Feature",
      "geometry": {
        "type": "Polygon",
        "coordinates": [
          [
            [
              -77.00449656219871,
              38.90292320695523
            ],
            [
              -77.00334761280762,
              38.90294293415936
            ],
            [
              -77.0033728934539,
              38.90384216448556
            ],
            [
              -77.00452185732016,
              38.903822436651964
            ],
            [
              -77.00449656219871,
              38.90292320695523
            ]
          ]
        ]
      },
      "properties": {
        "tile_id": 1026
      }
    },
    {
      "type": "Feature",
      "geometry": {
        "type": "Polygon",
        "coordinates": [
          [
            [
              -77.00334761280762,
              38.90294293415936
            ],
            [
              -77.00219866229077,
              38.9029626500658
            ],
            [
              -77.00222392846185,
              38.90386188102109
            ],
            [
              -77.00337289345391,
              38.90384216448556
            ],
            [
              -77.00334761280762,
              38.90294293415936
            ]
          ]
        ]
      },
      "properties": {
        "tile_id": 1027
      }
    },
    {
      "type": "Feature",
      "geometry": {
        "type": "Polygon",
        "coordinates": [
          [
            [
              -77.00219866229077,
              38.9029626500658
            ],
            [
              -77.0010497106488,
              38.90298235467452
            ],
            [
              -77.0010749623446,
              38.90388158625856
            ],
            [
              -77.00222392846185,
              38.90386188102109
            ],
            [
              -77.00219866229077,
              38.9029626500658
            ]
          ]
        ]
      },
      "properties": {
        "tile_id": 1028
      }
    },
    {
      "type": "Feature",
      "geometry": {
        "type": "Polygon",
        "coordinates": [
          [
            [
              -77.0010497106488,
              38.90298235467452
            ],
            [
              -76.99990075788237,
              38.903002047985495
            ],
            [
              -76.99992599510286,
              38.90390128019789
            ],
            [
              -77.0010749623446,
              38.90388158625856
            ],
            [
              -77.0010497106488,
              38.90298235467452
            ]
          ]
        ]
      },
      "properties": {
        "tile_id": 1029
      }
    },
    {
      "type": "Feature",
      "geometry": {
        "type": "Polygon",
        "coordinates": [
          [
            [
              -76.99990075788237,
              38.903002047985495
            ],
            [
              -76.99875180399212,
              38.90302172999868
            ],
            [
              -76.99877702673722,
              38.903920962839095
            ],
            [
              -76.99992599510286,
              38.90390128019789
            ],
            [
              -76.99990075788237,
              38.903002047985495
            ]
          ]
        ]
      },
      "properties": {
        "tile_id": 1030
      }
    },
    {
      "type": "Feature",
      "geometry": {
        "type": "Polygon",
        "coordinates": [
          [
            [
              -76.99875180399212,
              38.90302172999868
            ],
            [
              -76.99760284897869,
              38.90304140071403
            ],
            [
              -76.99762805724835,
              38.90394063418211
            ],
            [
              -76.99877702673722,
              38.903920962839095
            ],
            [
              -76.99875180399212,
              38.90302172999868
            ]
          ]
        ]
      },
      "properties": {
        "tile_id": 1031
      }
    },
    {
      "type": "Feature",
      "geometry": {
        "type": "Polygon",
        "coordinates": [
          [
            [
              -76.99760284897869,
              38.90304140071403
            ],
            [
              -76.99645389284271,
              38.903061060131535
            ],
            [
              -76.99647908663688,
              38.90396029422691
            ],
            [
              -76.99762805724835,
              38.90394063418211
            ],
            [
              -76.99760284897869,
              38.90304140071403
            ]
          ]
        ]
      },
      "properties": {
        "tile_id": 1032
      }
    },
    {
      "type": "Feature",
      "geometry": {
        "type": "Polygon",
        "coordinates": [
          [
            [
              -76.99645389284271,
              38.903061060131535
            ],
            [
              -76.99530493558484,
              38.90308070825115
            ],
            [
              -76.99533011490347,
              38.90397994297347
            ],
            [
              -76.99647908663688,
              38.90396029422691
            ],
            [
              -76.99645389284271,
              38.903061060131535
            ]
          ]
        ]
      },
      "properties": {
        "tile_id": 1033
      }
    },
    {
      "type": "Feature",
      "geometry": {
        "type": "Polygon",
        "coordinates": [
          [
            [
              -76.99530493558484,
              38.90308070825115
            ],
            [
              -76.99415597720572,
              38.90310034507285
            ],
            [
              -76.99418114204875,
              38.90399958042173
            ],
            [
              -76.99533011490347,
              38.90397994297347
            ],
            [
              -76.99530493558484,
              38.90308070825115
            ]
          ]
        ]
      },
      "properties": {
        "tile_id": 1034
      }
    },
    {
      "type": "Feature",
      "geometry": {
        "type": "Polygon",
        "coordinates": [
          [
            [
              -76.99415597720572,
              38.90310034507285
            ],
            [
              -76.99300701770599,
              38.9031199705966
            ],
            [
              -76.99303216807337,
              38.9040192065717
            ],
            [
              -76.99418114204875,
              38.90399958042173
            ],
            [
              -76.99415597720572,
              38.90310034507285
            ]
          ]
        ]
      },
      "properties": {
        "tile_id": 1035
      }
    },
    {
      "type": "Feature",
      "geometry": {
        "type": "Polygon",
        "coordinates": [
          [
            [
              -76.99300701770599,
              38.9031199705966
            ],
            [
              -76.9918580570863,
              38.903139584822355
            ],
            [
              -76.99188319297798,
              38.90403882142331
            ],
            [
              -76.99303216807337,
              38.9040192065717
            ],
            [
              -76.99300701770599,
              38.9031199705966
            ]
          ]
        ]
      },
      "properties": {
        "tile_id": 1036
      }
    },
    {
      "type": "Feature",
      "geometry": {
        "type": "Polygon",
        "coordinates": [
          [
            [
              -77.02979877624468,
              38.90338556597449
            ],
            [
              -77.0286498373091,
              38.90340554235668
            ],
            [
              -77.02867543753989,
              38.904304758598535
            ],
            [
              -77.02982439095004,
              38.90428478157896
            ],
            [
              -77.02979877624468,
              38.90338556597449
            ]
          ]
        ]
      },
      "properties": {
        "tile_id": 1037
      }
    },
    {
      "type": "Feature",
      "geometry": {
        "type": "Polygon",
        "coordinates": [
          [
            [
              -77.0286498373091,
              38.90340554235668
            ],
            [
              -77.0275008972336,
              38.90342550744155
            ],
            [
              -77.02752648298971,
              38.904324724320446
            ],
            [
              -77.02867543753989,
              38.904304758598535
            ],
            [
              -77.0286498373091,
              38.90340554235668
            ]
          ]
        ]
      },
      "properties": {
        "tile_id": 1038
      }
    },
    {
      "type": "Feature",
      "geometry": {
        "type": "Polygon",
        "coordinates": [
          [
            [
              -77.0275008972336,
              38.90342550744155
            ],
            [
              -77.02635195601873,
              38.90344546122907
            ],
            [
              -77.02637752730016,
              38.90434467874466
            ],
            [
              -77.02752648298971,
              38.904324724320446
            ],
            [
              -77.0275008972336,
              38.90342550744155
            ]
          ]
        ]
      },
      "properties": {
        "tile_id": 1039
      }
    },
    {
      "type": "Feature",
      "geometry": {
        "type": "Polygon",
        "coordinates": [
          [
            [
              -77.02635195601873,
              38.90344546122907
            ],
            [
              -77.02520301366519,
              38.903465403719224
            ],
            [
              -77.02522857047187,
              38.90436462187112
            ],
            [
              -77.02637752730016,
              38.90434467874466
            ],
            [
              -77.02635195601873,
              38.90344546122907
            ]
          ]
        ]
      },
      "properties": {
        "tile_id": 1040
      }
    },
    {
      "type": "Feature",
      "geometry": {
        "type": "Polygon",
        "coordinates": [
          [
            [
              -77.02520301366519,
              38.903465403719224
            ],
            [
              -77.02405407017362,
              38.90348533491198
            ],
            [
              -77.02407961250546,
              38.904384553699806
            ],
            [
              -77.02522857047187,
              38.90436462187112
            ],
            [
              -77.02520301366519,
              38.903465403719224
            ]
          ]
        ]
      },
      "properties": {
        "tile_id": 1041
      }
    },
    {
      "type": "Feature",
      "geometry": {
        "type": "Polygon",
        "coordinates": [
          [
            [
              -77.02405407017362,
              38.90348533491198
            ],
            [
              -77.02290512554463,
              38.90350525480726
            ],
            [
              -77.02293065340162,
              38.904404474230695
            ],
            [
              -77.02407961250546,
              38.904384553699806
            ],
            [
              -77.02405407017362,
              38.90348533491198
            ]
          ]
        ]
      },
      "properties": {
        "tile_id": 1042
      }
    },
    {
      "type": "Feature",
      "geometry": {
        "type": "Polygon",
        "coordinates": [
          [
            [
              -77.02290512554463,
              38.90350525480726
            ],
            [
              -77.02175617977889,
              38.903525163405064
            ],
            [
              -77.02178169316096,
              38.90442438346375
            ],
            [
              -77.02293065340162,
              38.904404474230695
            ],
            [
              -77.02290512554463,
              38.90350525480726
            ]
          ]
        ]
      },
      "properties": {
        "tile_id": 1043
      }
    },
    {
      "type": "Feature",
      "geometry": {
        "type": "Polygon",
        "coordinates": [
          [
            [
              -77.02175617977889,
              38.903525163405064
            ],
            [
              -77.02060723287705,
              38.903545060705376
            ],
            [
              -77.02063273178413,
              38.90444428139892
            ],
            [
              -77.02178169316096,
              38.90442438346375
            ],
            [
              -77.02175617977889,
              38.903525163405064
            ]
          ]
        ]
      },
      "properties": {
        "tile_id": 1044
      }
    },
    {
      "type": "Feature",
      "geometry": {
        "type": "Polygon",
        "coordinates": [
          [
            [
              -77.02060723287705,
              38.903545060705376
            ],
            [
              -77.01945828483976,
              38.90356494670812
            ],
            [
              -77.01948376927179,
              38.90446416803619
            ],
            [
              -77.02063273178413,
              38.90444428139892
            ],
            [
              -77.02060723287705,
              38.903545060705376
            ]
          ]
        ]
      },
      "properties": {
        "tile_id": 1045
      }
    },
    {
      "type": "Feature",
      "geometry": {
        "type": "Polygon",
        "coordinates": [
          [
            [
              -77.01945828483976,
              38.90356494670812
            ],
            [
              -77.01830933566762,
              38.9035848214133
            ],
            [
              -77.01833480562458,
              38.904484043375525
            ],
            [
              -77.01948376927179,
              38.90446416803619
            ],
            [
              -77.01945828483976,
              38.90356494670812
            ]
          ]
        ]
      },
      "properties": {
        "tile_id": 1046
      }
    },
    {
      "type": "Feature",
      "geometry": {
        "type": "Polygon",
        "coordinates": [
          [
            [
              -77.01830933566762,
              38.9035848214133
            ],
            [
              -77.01716038536131,
              38.90360468482086
            ],
            [
              -77.01718584084311,
              38.90450390741689
            ],
            [
              -77.01833480562458,
              38.904484043375525
            ],
            [
              -77.01830933566762,
              38.9035848214133
            ]
          ]
        ]
      },
      "properties": {
        "tile_id": 1047
      }
    },
    {
      "type": "Feature",
      "geometry": {
        "type": "Polygon",
        "coordinates": [
          [
            [
              -77.01716038536131,
              38.90360468482086
            ],
            [
              -77.01601143392145,
              38.90362453693078
            ],
            [
              -77.01603687492806,
              38.904523760160224
            ],
            [
              -77.01718584084311,
              38.90450390741689
            ],
            [
              -77.01716038536131,
              38.90360468482086
            ]
          ]
        ]
      },
      "properties": {
        "tile_id": 1048
      }
    },
    {
      "type": "Feature",
      "geometry": {
        "type": "Polygon",
        "coordinates": [
          [
            [
              -77.01601143392146,
              38.90362453693078
            ],
            [
              -77.01486248134873,
              38.90364437774301
            ],
            [
              -77.01488790788008,
              38.90454360160553
            ],
            [
              -77.01603687492806,
              38.904523760160224
            ],
            [
              -77.01601143392146,
              38.90362453693078
            ]
          ]
        ]
      },
      "properties": {
        "tile_id": 1049
      }
    },
    {
      "type": "Feature",
      "geometry": {
        "type": "Polygon",
        "coordinates": [
          [
            [
              -77.01486248134873,
              38.90364437774301
            ],
            [
              -77.01371352764373,
              38.903664207257535
            ],
            [
              -77.01373893969976,
              38.90456343175276
            ],
            [
              -77.01488790788008,
              38.90454360160553
            ],
            [
              -77.01486248134873,
              38.90364437774301
            ]
          ]
        ]
      },
      "properties": {
        "tile_id": 1050
      }
    },
    {
      "type": "Feature",
      "geometry": {
        "type": "Polygon",
        "coordinates": [
          [
            [
              -77.01371352764373,
              38.903664207257535
            ],
            [
              -77.01256457280715,
              38.9036840254743
            ],
            [
              -77.01258997038782,
              38.904583250601895
            ],
            [
              -77.01373893969976,
              38.90456343175276
            ],
            [
              -77.01371352764373,
              38.903664207257535
            ]
          ]
        ]
      },
      "properties": {
        "tile_id": 1051
      }
    },
    {
      "type": "Feature",
      "geometry": {
        "type": "Polygon",
        "coordinates": [
          [
            [
              -77.01256457280715,
              38.9036840254743
            ],
            [
              -77.01141561683959,
              38.9037038323933
            ],
            [
              -77.01144099994484,
              38.90460305815288
            ],
            [
              -77.01258997038782,
              38.904583250601895
            ],
            [
              -77.01256457280715,
              38.9036840254743
            ]
          ]
        ]
      },
      "properties": {
        "tile_id": 1052
      }
    },
    {
      "type": "Feature",
      "geometry": {
        "type": "Polygon",
        "coordinates": [
          [
            [
              -77.01141561683959,
              38.9037038323933
            ],
            [
              -77.01026665974172,
              38.90372362801447
            ],
            [
              -77.0102920283715,
              38.90462285440569
            ],
            [
              -77.01144099994484,
              38.90460305815288
            ],
            [
              -77.01141561683959,
              38.9037038323933
            ]
          ]
        ]
      },
      "properties": {
        "tile_id": 1053
      }
    },
    {
      "type": "Feature",
      "geometry": {
        "type": "Polygon",
        "coordinates": [
          [
            [
              -77.01026665974172,
              38.90372362801447
            ],
            [
              -77.00911770151419,
              38.9037434123378
            ],
            [
              -77.00914305566842,
              38.90464263936029
            ],
            [
              -77.0102920283715,
              38.90462285440569
            ],
            [
              -77.01026665974172,
              38.90372362801447
            ]
          ]
        ]
      },
      "properties": {
        "tile_id": 1054
      }
    },
    {
      "type": "Feature",
      "geometry": {
        "type": "Polygon",
        "coordinates": [
          [
            [
              -77.00911770151419,
              38.9037434123378
            ],
            [
              -77.00796874215762,
              38.903763185363246
            ],
            [
              -77.00799408183626,
              38.90466241301666
            ],
            [
              -77.00914305566842,
              38.90464263936029
            ],
            [
              -77.00911770151419,
              38.9037434123378
            ]
          ]
        ]
      },
      "properties": {
        "tile_id": 1055
      }
    },
    {
      "type": "Feature",
      "geometry": {
        "type": "Polygon",
        "coordinates": [
          [
            [
              -77.00796874215762,
              38.903763185363246
            ],
            [
              -77.00681978167266,
              38.90378294709078
            ],
            [
              -77.00684510687567,
              38.90468217537473
            ],
            [
              -77.00799408183626,
              38.90466241301666
            ],
            [
              -77.00796874215762,
              38.903763185363246
            ]
          ]
        ]
      },
      "properties": {
        "tile_id": 1056
      }
    },
    {
      "type": "Feature",
      "geometry": {
        "type": "Polygon",
        "coordinates": [
          [
            [
              -77.00681978167266,
              38.90378294709078
            ],
            [
              -77.00567082005995,
              38.90380269752036
            ],
            [
              -77.00569613078727,
              38.90470192643452
            ],
            [
              -77.00684510687567,
              38.90468217537473
            ],
            [
              -77.00681978167266,
              38.90378294709078
            ]
          ]
        ]
      },
      "properties": {
        "tile_id": 1057
      }
    },
    {
      "type": "Feature",
      "geometry": {
        "type": "Polygon",
        "coordinates": [
          [
            [
              -77.00567082005995,
              38.90380269752036
            ],
            [
              -77.00452185732016,
              38.903822436651964
            ],
            [
              -77.00454715357172,
              38.90472166619595
            ],
            [
              -77.00569613078727,
              38.90470192643452
            ],
            [
              -77.00567082005995,
              38.90380269752036
            ]
          ]
        ]
      },
      "properties": {
        "tile_id": 1058
      }
    },
    {
      "type": "Feature",
      "geometry": {
        "type": "Polygon",
        "coordinates": [
          [
            [
              -77.00452185732016,
              38.903822436651964
            ],
            [
              -77.0033728934539,
              38.90384216448556
            ],
            [
              -77.00339817522965,
              38.90474139465901
            ],
            [
              -77.00454715357172,
              38.90472166619595
            ],
            [
              -77.00452185732016,
              38.903822436651964
            ]
          ]
        ]
      },
      "properties": {
        "tile_id": 1059
      }
    },
    {
      "type": "Feature",
      "geometry": {
        "type": "Polygon",
        "coordinates": [
          [
            [
              -77.00337289345391,
              38.90384216448556
            ],
            [
              -77.00222392846185,
              38.90386188102109
            ],
            [
              -77.00224919576173,
              38.90476111182367
            ],
            [
              -77.00339817522965,
              38.90474139465901
            ],
            [
              -77.00337289345391,
              38.90384216448556
            ]
          ]
        ]
      },
      "properties": {
        "tile_id": 1060
      }
    },
    {
      "type": "Feature",
      "geometry": {
        "type": "Polygon",
        "coordinates": [
          [
            [
              -77.00222392846185,
              38.90386188102109
            ],
            [
              -77.0010749623446,
              38.90388158625856
            ],
            [
              -77.00110021516858,
              38.904780817689876
            ],
            [
              -77.00224919576173,
              38.90476111182367
            ],
            [
              -77.00222392846185,
              38.90386188102109
            ]
          ]
        ]
      },
      "properties": {
        "tile_id": 1061
      }
    },
    {
      "type": "Feature",
      "geometry": {
        "type": "Polygon",
        "coordinates": [
          [
            [
              -77.0010749623446,
              38.90388158625856
            ],
            [
              -76.99992599510286,
              38.90390128019789
            ],
            [
              -76.99995123345086,
              38.904800512257616
            ],
            [
              -77.00110021516858,
              38.904780817689876
            ],
            [
              -77.0010749623446,
              38.90388158625856
            ]
          ]
        ]
      },
      "properties": {
        "tile_id": 1062
      }
    },
    {
      "type": "Feature",
      "geometry": {
        "type": "Polygon",
        "coordinates": [
          [
            [
              -76.99992599510286,
              38.90390128019789
            ],
            [
              -76.99877702673722,
              38.903920962839095
            ],
            [
              -76.99880225060919,
              38.904820195526845
            ],
            [
              -76.99995123345086,
              38.904800512257616
            ],
            [
              -76.99992599510286,
              38.90390128019789
            ]
          ]
        ]
      },
      "properties": {
        "tile_id": 1063
      }
    },
    {
      "type": "Feature",
      "geometry": {
        "type": "Polygon",
        "coordinates": [
          [
            [
              -76.99877702673722,
              38.903920962839095
            ],
            [
              -76.99762805724835,
              38.90394063418211
            ],
            [
              -76.99765326664425,
              38.90483986749752
            ],
            [
              -76.99880225060919,
              38.904820195526845
            ],
            [
              -76.99877702673722,
              38.903920962839095
            ]
          ]
        ]
      },
      "properties": {
        "tile_id": 1064
      }
    },
    {
      "type": "Feature",
      "geometry": {
        "type": "Polygon",
        "coordinates": [
          [
            [
              -76.99762805724835,
              38.90394063418211
            ],
            [
              -76.99647908663688,
              38.90396029422691
            ],
            [
              -76.99650428155664,
              38.904859528169645
            ],
            [
              -76.99765326664425,
              38.90483986749752
            ],
            [
              -76.99762805724835,
              38.90394063418211
            ]
          ]
        ]
      },
      "properties": {
        "tile_id": 1065
      }
    },
    {
      "type": "Feature",
      "geometry": {
        "type": "Polygon",
        "coordinates": [
          [
            [
              -76.99647908663688,
              38.90396029422691
            ],
            [
              -76.99533011490347,
              38.90397994297347
            ],
            [
              -76.99535529534703,
              38.90487917754315
            ],
            [
              -76.99650428155664,
              38.904859528169645
            ],
            [
              -76.99647908663688,
              38.90396029422691
            ]
          ]
        ]
      },
      "properties": {
        "tile_id": 1066
      }
    },
    {
      "type": "Feature",
      "geometry": {
        "type": "Polygon",
        "coordinates": [
          [
            [
              -76.99533011490347,
              38.90397994297347
            ],
            [
              -76.99418114204875,
              38.90399958042173
            ],
            [
              -76.99420630801608,
              38.90489881561801
            ],
            [
              -76.99535529534703,
              38.90487917754315
            ],
            [
              -76.99533011490347,
              38.90397994297347
            ]
          ]
        ]
      },
      "properties": {
        "tile_id": 1067
      }
    },
    {
      "type": "Feature",
      "geometry": {
        "type": "Polygon",
        "coordinates": [
          [
            [
              -76.99418114204875,
              38.90399958042173
            ],
            [
              -76.99303216807337,
              38.9040192065717
            ],
            [
              -76.9930573195644,
              38.90491844239419
            ],
            [
              -76.99420630801608,
              38.90489881561801
            ],
            [
              -76.99418114204875,
              38.90399958042173
            ]
          ]
        ]
      },
      "properties": {
        "tile_id": 1068
      }
    },
    {
      "type": "Feature",
      "geometry": {
        "type": "Polygon",
        "coordinates": [
          [
            [
              -76.99303216807337,
              38.9040192065717
            ],
            [
              -76.99188319297798,
              38.90403882142331
            ],
            [
              -76.99190832999264,
              38.90493805787169
            ],
            [
              -76.9930573195644,
              38.90491844239419
            ],
            [
              -76.99303216807337,
              38.9040192065717
            ]
          ]
        ]
      },
      "properties": {
        "tile_id": 1069
      }
    },
    {
      "type": "Feature",
      "geometry": {
        "type": "Polygon",
        "coordinates": [
          [
            [
              -77.02982439095004,
              38.90428478157896
            ],
            [
              -77.02867543753989,
              38.904304758598535
            ],
            [
              -77.02870103891439,
              38.905203974687325
            ],
            [
              -77.02985000679978,
              38.905183997030335
            ],
            [
              -77.02982439095004,
              38.90428478157896
            ]
          ]
        ]
      },
      "properties": {
        "tile_id": 1070
      }
    },
    {
      "type": "Feature",
      "geometry": {
        "type": "Polygon",
        "coordinates": [
          [
            [
              -77.02867543753989,
              38.904304758598535
            ],
            [
              -77.02752648298971,
              38.90432472432044
            ],
            [
              -77.02755206988893,
              38.90522394104628
            ],
            [
              -77.02870103891439,
              38.905203974687325
            ],
            [
              -77.02867543753989,
              38.904304758598535
            ]
          ]
        ]
      },
      "properties": {
        "tile_id": 1071
      }
    },
    {
      "type": "Feature",
      "geometry": {
        "type": "Polygon",
        "coordinates": [
          [
            [
              -77.02752648298971,
              38.90432472432044
            ],
            [
              -77.02637752730016,
              38.90434467874466
            ],
            [
              -77.02640309972402,
              38.90524389610718
            ],
            [
              -77.02755206988893,
              38.90522394104628
            ],
            [
              -77.02752648298971,
              38.90432472432044
            ]
          ]
        ]
      },
      "properties": {
        "tile_id": 1072
      }
    },
    {
      "type": "Feature",
      "geometry": {
        "type": "Polygon",
        "coordinates": [
          [
            [
              -77.02637752730016,
              38.90434467874466
            ],
            [
              -77.02522857047187,
              38.90436462187111
            ],
            [
              -77.02525412842031,
              38.90526383986998
            ],
            [
              -77.02640309972402,
              38.90524389610718
            ],
            [
              -77.02637752730016,
              38.90434467874466
            ]
          ]
        ]
      },
      "properties": {
        "tile_id": 1073
      }
    },
    {
      "type": "Feature",
      "geometry": {
        "type": "Polygon",
        "coordinates": [
          [
            [
              -77.02522857047187,
              38.90436462187111
            ],
            [
              -77.02407961250546,
              38.904384553699806
            ],
            [
              -77.02410515597846,
              38.905283772334634
            ],
            [
              -77.02525412842031,
              38.90526383986998
            ],
            [
              -77.02522857047187,
              38.90436462187111
            ]
          ]
        ]
      },
      "properties": {
        "tile_id": 1074
      }
    },
    {
      "type": "Feature",
      "geometry": {
        "type": "Polygon",
        "coordinates": [
          [
            [
              -77.02407961250546,
              38.904384553699806
            ],
            [
              -77.02293065340162,
              38.90440447423068
            ],
            [
              -77.0229561823991,
              38.905303693501146
            ],
            [
              -77.02410515597846,
              38.905283772334634
            ],
            [
              -77.02407961250546,
              38.904384553699806
            ]
          ]
        ]
      },
      "properties": {
        "tile_id": 1075
      }
    },
    {
      "type": "Feature",
      "geometry": {
        "type": "Polygon",
        "coordinates": [
          [
            [
              -77.02293065340162,
              38.90440447423068
            ],
            [
              -77.02178169316096,
              38.90442438346374
            ],
            [
              -77.02180720768287,
              38.90532360336944
            ],
            [
              -77.0229561823991,
              38.905303693501146
            ],
            [
              -77.02293065340162,
              38.90440447423068
            ]
          ]
        ]
      },
      "properties": {
        "tile_id": 1076
      }
    },
    {
      "type": "Feature",
      "geometry": {
        "type": "Polygon",
        "coordinates": [
          [
            [
              -77.02178169316096,
              38.90442438346374
            ],
            [
              -77.02063273178413,
              38.904444281398916
            ],
            [
              -77.02065823183042,
              38.905343501939505
            ],
            [
              -77.02180720768287,
              38.90532360336944
            ],
            [
              -77.02178169316096,
              38.90442438346374
            ]
          ]
        ]
      },
      "properties": {
        "tile_id": 1077
      }
    },
    {
      "type": "Feature",
      "geometry": {
        "type": "Polygon",
        "coordinates": [
          [
            [
              -77.02063273178413,
              38.904444281398916
            ],
            [
              -77.01948376927179,
              38.904464168036185
            ],
            [
              -77.0195092548424,
              38.9053633892113
            ],
            [
              -77.02065823183042,
              38.905343501939505
            ],
            [
              -77.02063273178413,
              38.904444281398916
            ]
          ]
        ]
      },
      "properties": {
        "tile_id": 1078
      }
    },
    {
      "type": "Feature",
      "geometry": {
        "type": "Polygon",
        "coordinates": [
          [
            [
              -77.01948376927179,
              38.904464168036185
            ],
            [
              -77.01833480562458,
              38.90448404337551
            ],
            [
              -77.01836027671943,
              38.90538326518481
            ],
            [
              -77.0195092548424,
              38.9053633892113
            ],
            [
              -77.01948376927179,
              38.904464168036185
            ]
          ]
        ]
      },
      "properties": {
        "tile_id": 1079
      }
    },
    {
      "type": "Feature",
      "geometry": {
        "type": "Polygon",
        "coordinates": [
          [
            [
              -77.01833480562458,
              38.90448404337551
            ],
            [
              -77.01718584084311,
              38.90450390741688
            ],
            [
              -77.01721129746218,
              38.90540312985997
            ],
            [
              -77.01836027671943,
              38.90538326518481
            ],
            [
              -77.01833480562458,
              38.90448404337551
            ]
          ]
        ]
      },
      "properties": {
        "tile_id": 1080
      }
    },
    {
      "type": "Feature",
      "geometry": {
        "type": "Polygon",
        "coordinates": [
          [
            [
              -77.01718584084311,
              38.90450390741688
            ],
            [
              -77.01603687492806,
              38.90452376016022
            ],
            [
              -77.0160623170713,
              38.90542298323677
            ],
            [
              -77.01721129746218,
              38.90540312985997
            ],
            [
              -77.01718584084311,
              38.90450390741688
            ]
          ]
        ]
      },
      "properties": {
        "tile_id": 1081
      }
    },
    {
      "type": "Feature",
      "geometry": {
        "type": "Polygon",
        "coordinates": [
          [
            [
              -77.01603687492806,
              38.90452376016022
            ],
            [
              -77.01488790788008,
              38.904543601605525
            ],
            [
              -77.01491333554739,
              38.90544282531517
            ],
            [
              -77.0160623170713,
              38.90542298323677
            ],
            [
              -77.01603687492806,
              38.90452376016022
            ]
          ]
        ]
      },
      "properties": {
        "tile_id": 1082
      }
    },
    {
      "type": "Feature",
      "geometry": {
        "type": "Polygon",
        "coordinates": [
          [
            [
              -77.01488790788008,
              38.904543601605525
            ],
            [
              -77.01373893969976,
              38.90456343175276
            ],
            [
              -77.01376435289114,
              38.90546265609513
            ],
            [
              -77.01491333554739,
              38.90544282531517
            ],
            [
              -77.01488790788008,
              38.904543601605525
            ]
          ]
        ]
      },
      "properties": {
        "tile_id": 1083
      }
    },
    {
      "type": "Feature",
      "geometry": {
        "type": "Polygon",
        "coordinates": [
          [
            [
              -77.01373893969976,
              38.90456343175276
            ],
            [
              -77.01258997038782,
              38.90458325060189
            ],
            [
              -77.01261536910317,
              38.90548247557662
            ],
            [
              -77.01376435289114,
              38.90546265609513
            ],
            [
              -77.01373893969976,
              38.90456343175276
            ]
          ]
        ]
      },
      "properties": {
        "tile_id": 1084
      }
    },
    {
      "type": "Feature",
      "geometry": {
        "type": "Polygon",
        "coordinates": [
          [
            [
              -77.01258997038782,
              38.90458325060189
            ],
            [
              -77.01144099994484,
              38.90460305815287
            ],
            [
              -77.01146638418412,
              38.905502283759624
            ],
            [
              -77.01261536910317,
              38.90548247557662
            ],
            [
              -77.01258997038782,
              38.90458325060189
            ]
          ]
        ]
      },
      "properties": {
        "tile_id": 1085
      }
    },
    {
      "type": "Feature",
      "geometry": {
        "type": "Polygon",
        "coordinates": [
          [
            [
              -77.01144099994484,
              38.90460305815287
            ],
            [
              -77.0102920283715,
              38.90462285440569
            ],
            [
              -77.01031739813466,
              38.90552208064408
            ],
            [
              -77.01146638418412,
              38.905502283759624
            ],
            [
              -77.01144099994484,
              38.90460305815287
            ]
          ]
        ]
      },
      "properties": {
        "tile_id": 1086
      }
    },
    {
      "type": "Feature",
      "geometry": {
        "type": "Polygon",
        "coordinates": [
          [
            [
              -77.0102920283715,
              38.90462285440569
            ],
            [
              -77.00914305566842,
              38.90464263936028
            ],
            [
              -77.00916841095541,
              38.90554186622997
            ],
            [
              -77.01031739813466,
              38.90552208064408
            ],
            [
              -77.0102920283715,
              38.90462285440569
            ]
          ]
        ]
      },
      "properties": {
        "tile_id": 1087
      }
    },
    {
      "type": "Feature",
      "geometry": {
        "type": "Polygon",
        "coordinates": [
          [
            [
              -77.00914305566842,
              38.90464263936028
            ],
            [
              -77.00799408183626,
              38.904662413016645
            ],
            [
              -77.00801942264701,
              38.90556164051726
            ],
            [
              -77.00916841095541,
              38.90554186622997
            ],
            [
              -77.00914305566842,
              38.90464263936028
            ]
          ]
        ]
      },
      "properties": {
        "tile_id": 1088
      }
    },
    {
      "type": "Feature",
      "geometry": {
        "type": "Polygon",
        "coordinates": [
          [
            [
              -77.00799408183626,
              38.904662413016645
            ],
            [
              -77.00684510687567,
              38.90468217537473
            ],
            [
              -77.00687043321012,
              38.90558140350591
            ],
            [
              -77.00801942264701,
              38.90556164051726
            ],
            [
              -77.00799408183626,
              38.904662413016645
            ]
          ]
        ]
      },
      "properties": {
        "tile_id": 1089
      }
    },
    {
      "type": "Feature",
      "geometry": {
        "type": "Polygon",
        "coordinates": [
          [
            [
              -77.00684510687567,
              38.90468217537473
            ],
            [
              -77.00569613078727,
              38.90470192643451
            ],
            [
              -77.00572144264538,
              38.905601155195896
            ],
            [
              -77.00687043321012,
              38.90558140350591
            ],
            [
              -77.00684510687567,
              38.90468217537473
            ]
          ]
        ]
      },
      "properties": {
        "tile_id": 1090
      }
    },
    {
      "type": "Feature",
      "geometry": {
        "type": "Polygon",
        "coordinates": [
          [
            [
              -77.00569613078727,
              38.90470192643451
            ],
            [
              -77.00454715357172,
              38.90472166619595
            ],
            [
              -77.00457245095343,
              38.90562089558719
            ],
            [
              -77.00572144264538,
              38.905601155195896
            ],
            [
              -77.00569613078727,
              38.90470192643451
            ]
          ]
        ]
      },
      "properties": {
        "tile_id": 1091
      }
    },
    {
      "type": "Feature",
      "geometry": {
        "type": "Polygon",
        "coordinates": [
          [
            [
              -77.00454715357172,
              38.90472166619595
            ],
            [
              -77.00339817522965,
              38.904741394659005
            ],
            [
              -77.00342345813493,
              38.90564062467974
            ],
            [
              -77.00457245095343,
              38.90562089558719
            ],
            [
              -77.00454715357172,
              38.90472166619595
            ]
          ]
        ]
      },
      "properties": {
        "tile_id": 1092
      }
    },
    {
      "type": "Feature",
      "geometry": {
        "type": "Polygon",
        "coordinates": [
          [
            [
              -77.00339817522965,
              38.904741394659005
            ],
            [
              -77.00224919576173,
              38.90476111182366
            ],
            [
              -77.00227446419049,
              38.90566034247352
            ],
            [
              -77.00342345813493,
              38.90564062467974
            ],
            [
              -77.00339817522965,
              38.904741394659005
            ]
          ]
        ]
      },
      "properties": {
        "tile_id": 1093
      }
    },
    {
      "type": "Feature",
      "geometry": {
        "type": "Polygon",
        "coordinates": [
          [
            [
              -77.00224919576173,
              38.90476111182366
            ],
            [
              -77.00110021516858,
              38.90478081768987
            ],
            [
              -77.0011254691208,
              38.9056800489685
            ],
            [
              -77.00227446419049,
              38.90566034247352
            ],
            [
              -77.00224919576173,
              38.90476111182366
            ]
          ]
        ]
      },
      "properties": {
        "tile_id": 1094
      }
    },
    {
      "type": "Feature",
      "geometry": {
        "type": "Polygon",
        "coordinates": [
          [
            [
              -77.00110021516858,
              38.90478081768987
            ],
            [
              -76.99995123345086,
              38.90480051225761
            ],
            [
              -76.99997647292643,
              38.90569974416464
            ],
            [
              -77.0011254691208,
              38.9056800489685
            ],
            [
              -77.00110021516858,
              38.90478081768987
            ]
          ]
        ]
      },
      "properties": {
        "tile_id": 1095
      }
    },
    {
      "type": "Feature",
      "geometry": {
        "type": "Polygon",
        "coordinates": [
          [
            [
              -76.99995123345086,
              38.90480051225761
            ],
            [
              -76.99880225060919,
              38.90482019552683
            ],
            [
              -76.99882747560811,
              38.905719428061914
            ],
            [
              -76.99997647292643,
              38.90569974416464
            ],
            [
              -76.99995123345086,
              38.90480051225761
            ]
          ]
        ]
      },
      "properties": {
        "tile_id": 1096
      }
    },
    {
      "type": "Feature",
      "geometry": {
        "type": "Polygon",
        "coordinates": [
          [
            [
              -76.99880225060919,
              38.90482019552683
            ],
            [
              -76.99765326664425,
              38.90483986749752
            ],
            [
              -76.99767847716643,
              38.9057391006603
            ],
            [
              -76.99882747560811,
              38.905719428061914
            ],
            [
              -76.99880225060919,
              38.90482019552683
            ]
          ]
        ]
      },
      "properties": {
        "tile_id": 1097
      }
    },
    {
      "type": "Feature",
      "geometry": {
        "type": "Polygon",
        "coordinates": [
          [
            [
              -76.99765326664425,
              38.90483986749752
            ],
            [
              -76.99650428155664,
              38.904859528169645
            ],
            [
              -76.99652947760205,
              38.90575876195973
            ],
            [
              -76.99767847716643,
              38.9057391006603
            ],
            [
              -76.99765326664425,
              38.90483986749752
            ]
          ]
        ]
      },
      "properties": {
        "tile_id": 1098
      }
    },
    {
      "type": "Feature",
      "geometry": {
        "type": "Polygon",
        "coordinates": [
          [
            [
              -76.99650428155664,
              38.904859528169645
            ],
            [
              -76.99535529534703,
              38.90487917754314
            ],
            [
              -76.99538047691561,
              38.9057784119602
            ],
            [
              -76.99652947760205,
              38.90575876195973
            ],
            [
              -76.99650428155664,
              38.904859528169645
            ]
          ]
        ]
      },
      "properties": {
        "tile_id": 1099
      }
    },
    {
      "type": "Feature",
      "geometry": {
        "type": "Polygon",
        "coordinates": [
          [
            [
              -76.99535529534703,
              38.90487917754314
            ],
            [
              -76.99420630801608,
              38.90489881561801
            ],
            [
              -76.99423147510775,
              38.90579805066168
            ],
            [
              -76.99538047691561,
              38.9057784119602
            ],
            [
              -76.99535529534703,
              38.90487917754314
            ]
          ]
        ]
      },
      "properties": {
        "tile_id": 1100
      }
    },
    {
      "type": "Feature",
      "geometry": {
        "type": "Polygon",
        "coordinates": [
          [
            [
              -76.99420630801608,
              38.90489881561801
            ],
            [
              -76.9930573195644,
              38.90491844239419
            ],
            [
              -76.99308247217913,
              38.90581767806412
            ],
            [
              -76.99423147510775,
              38.90579805066168
            ],
            [
              -76.99420630801608,
              38.90489881561801
            ]
          ]
        ]
      },
      "properties": {
        "tile_id": 1101
      }
    },
    {
      "type": "Feature",
      "geometry": {
        "type": "Polygon",
        "coordinates": [
          [
            [
              -76.9930573195644,
              38.90491844239419
            ],
            [
              -76.99190832999264,
              38.904938057871675
            ],
            [
              -76.99193346813038,
              38.90583729416748
            ],
            [
              -76.99308247217914,
              38.90581767806412
            ],
            [
              -76.9930573195644,
              38.90491844239419
            ]
          ]
        ]
      },
      "properties": {
        "tile_id": 1102
      }
    },
    {
      "type": "Feature",
      "geometry": {
        "type": "Polygon",
        "coordinates": [
          [
            [
              -77.02985000679978,
              38.905183997030335
            ],
            [
              -77.02870103891439,
              38.905203974687325
            ],
            [
              -77.02872664143268,
              38.90610319062303
            ],
            [
              -77.02987562379396,
              38.90608321232862
            ],
            [
              -77.02985000679978,
              38.905183997030335
            ]
          ]
        ]
      },
      "properties": {
        "tile_id": 1103
      }
    },
    {
      "type": "Feature",
      "geometry": {
        "type": "Polygon",
        "coordinates": [
          [
            [
              -77.02870103891439,
              38.905203974687325
            ],
            [
              -77.02755206988893,
              38.90522394104628
            ],
            [
              -77.02757765793127,
              38.90612315761905
            ],
            [
              -77.02872664143268,
              38.90610319062303
            ],
            [
              -77.02870103891439,
              38.905203974687325
            ]
          ]
        ]
      },
      "properties": {
        "tile_id": 1104
      }
    },
    {
      "type": "Feature",
      "geometry": {
        "type": "Polygon",
        "coordinates": [
          [
            [
              -77.02755206988893,
              38.90522394104628
            ],
            [
              -77.02640309972402,
              38.90524389610718
            ],
            [
              -77.02642867329038,
              38.90614311331666
            ],
            [
              -77.02757765793127,
              38.90612315761905
            ],
            [
              -77.02755206988893,
              38.90522394104628
            ]
          ]
        ]
      },
      "properties": {
        "tile_id": 1105
      }
    },
    {
      "type": "Feature",
      "geometry": {
        "type": "Polygon",
        "coordinates": [
          [
            [
              -77.02640309972402,
              38.90524389610718
            ],
            [
              -77.02525412842031,
              38.90526383986998
            ],
            [
              -77.02527968751062,
              38.90616305771581
            ],
            [
              -77.02642867329038,
              38.90614311331666
            ],
            [
              -77.02640309972402,
              38.90524389610718
            ]
          ]
        ]
      },
      "properties": {
        "tile_id": 1106
      }
    },
    {
      "type": "Feature",
      "geometry": {
        "type": "Polygon",
        "coordinates": [
          [
            [
              -77.02525412842031,
              38.90526383986998
            ],
            [
              -77.02410515597846,
              38.905283772334634
            ],
            [
              -77.02413070059266,
              38.906182990816454
            ],
            [
              -77.02527968751062,
              38.9061630577158
            ],
            [
              -77.02525412842031,
              38.90526383986998
            ]
          ]
        ]
      },
      "properties": {
        "tile_id": 1107
      }
    },
    {
      "type": "Feature",
      "geometry": {
        "type": "Polygon",
        "coordinates": [
          [
            [
              -77.02410515597846,
              38.905283772334634
            ],
            [
              -77.0229561823991,
              38.905303693501146
            ],
            [
              -77.02298171253713,
              38.90620291261858
            ],
            [
              -77.02413070059266,
              38.906182990816454
            ],
            [
              -77.02410515597846,
              38.905283772334634
            ]
          ]
        ]
      },
      "properties": {
        "tile_id": 1108
      }
    },
    {
      "type": "Feature",
      "geometry": {
        "type": "Polygon",
        "coordinates": [
          [
            [
              -77.0229561823991,
              38.905303693501146
            ],
            [
              -77.02180720768287,
              38.90532360336944
            ],
            [
              -77.02183272334469,
              38.90622282312214
            ],
            [
              -77.02298171253713,
              38.90620291261858
            ],
            [
              -77.0229561823991,
              38.905303693501146
            ]
          ]
        ]
      },
      "properties": {
        "tile_id": 1109
      }
    },
    {
      "type": "Feature",
      "geometry": {
        "type": "Polygon",
        "coordinates": [
          [
            [
              -77.02180720768287,
              38.90532360336944
            ],
            [
              -77.02065823183042,
              38.905343501939505
            ],
            [
              -77.02068373301597,
              38.90624272232713
            ],
            [
              -77.02183272334469,
              38.90622282312214
            ],
            [
              -77.02180720768287,
              38.90532360336944
            ]
          ]
        ]
      },
      "properties": {
        "tile_id": 1110
      }
    },
    {
      "type": "Feature",
      "geometry": {
        "type": "Polygon",
        "coordinates": [
          [
            [
              -77.02065823183042,
              38.905343501939505
            ],
            [
              -77.0195092548424,
              38.9053633892113
            ],
            [
              -77.01953474155162,
              38.906262610233476
            ],
            [
              -77.02068373301597,
              38.90624272232713
            ],
            [
              -77.02065823183042,
              38.905343501939505
            ]
          ]
        ]
      },
      "properties": {
        "tile_id": 1111
      }
    },
    {
      "type": "Feature",
      "geometry": {
        "type": "Polygon",
        "coordinates": [
          [
            [
              -77.0195092548424,
              38.9053633892113
            ],
            [
              -77.01836027671943,
              38.90538326518481
            ],
            [
              -77.01838574895228,
              38.90628248684116
            ],
            [
              -77.01953474155162,
              38.906262610233476
            ],
            [
              -77.0195092548424,
              38.9053633892113
            ]
          ]
        ]
      },
      "properties": {
        "tile_id": 1112
      }
    },
    {
      "type": "Feature",
      "geometry": {
        "type": "Polygon",
        "coordinates": [
          [
            [
              -77.01836027671943,
              38.90538326518481
            ],
            [
              -77.01721129746218,
              38.90540312985997
            ],
            [
              -77.01723675521859,
              38.90630235215014
            ],
            [
              -77.01838574895228,
              38.90628248684116
            ],
            [
              -77.01836027671943,
              38.90538326518481
            ]
          ]
        ]
      },
      "properties": {
        "tile_id": 1113
      }
    },
    {
      "type": "Feature",
      "geometry": {
        "type": "Polygon",
        "coordinates": [
          [
            [
              -77.01721129746218,
              38.90540312985997
            ],
            [
              -77.0160623170713,
              38.90542298323677
            ],
            [
              -77.0160877603512,
              38.90632220616041
            ],
            [
              -77.01723675521859,
              38.90630235215014
            ],
            [
              -77.01721129746218,
              38.90540312985997
            ]
          ]
        ]
      },
      "properties": {
        "tile_id": 1114
      }
    },
    {
      "type": "Feature",
      "geometry": {
        "type": "Polygon",
        "coordinates": [
          [
            [
              -77.0160623170713,
              38.90542298323677
            ],
            [
              -77.01491333554739,
              38.90544282531517
            ],
            [
              -77.01493876435075,
              38.90634204887192
            ],
            [
              -77.0160877603512,
              38.90632220616041
            ],
            [
              -77.0160623170713,
              38.90542298323677
            ]
          ]
        ]
      },
      "properties": {
        "tile_id": 1115
      }
    },
    {
      "type": "Feature",
      "geometry": {
        "type": "Polygon",
        "coordinates": [
          [
            [
              -77.01491333554739,
              38.90544282531517
            ],
            [
              -77.01376435289114,
              38.90546265609513
            ],
            [
              -77.01378976721789,
              38.90636188028462
            ],
            [
              -77.01493876435075,
              38.90634204887192
            ],
            [
              -77.01491333554739,
              38.90544282531517
            ]
          ]
        ]
      },
      "properties": {
        "tile_id": 1116
      }
    },
    {
      "type": "Feature",
      "geometry": {
        "type": "Polygon",
        "coordinates": [
          [
            [
              -77.01376435289114,
              38.90546265609513
            ],
            [
              -77.01261536910317,
              38.90548247557662
            ],
            [
              -77.01264076895326,
              38.906381700398505
            ],
            [
              -77.01378976721789,
              38.90636188028462
            ],
            [
              -77.01376435289114,
              38.90546265609513
            ]
          ]
        ]
      },
      "properties": {
        "tile_id": 1117
      }
    },
    {
      "type": "Feature",
      "geometry": {
        "type": "Polygon",
        "coordinates": [
          [
            [
              -77.01261536910317,
              38.90548247557662
            ],
            [
              -77.01146638418412,
              38.905502283759624
            ],
            [
              -77.01149176955752,
              38.90640150921353
            ],
            [
              -77.01264076895326,
              38.906381700398505
            ],
            [
              -77.01261536910317,
              38.90548247557662
            ]
          ]
        ]
      },
      "properties": {
        "tile_id": 1118
      }
    },
    {
      "type": "Feature",
      "geometry": {
        "type": "Polygon",
        "coordinates": [
          [
            [
              -77.01146638418412,
              38.905502283759624
            ],
            [
              -77.01031739813466,
              38.90552208064408
            ],
            [
              -77.01034276903127,
              38.906421306729655
            ],
            [
              -77.01149176955752,
              38.90640150921353
            ],
            [
              -77.01146638418412,
              38.905502283759624
            ]
          ]
        ]
      },
      "properties": {
        "tile_id": 1119
      }
    },
    {
      "type": "Feature",
      "geometry": {
        "type": "Polygon",
        "coordinates": [
          [
            [
              -77.01031739813466,
              38.90552208064408
            ],
            [
              -77.00916841095541,
              38.90554186622997
            ],
            [
              -77.0091937673752,
              38.90644109294684
            ],
            [
              -77.01034276903127,
              38.906421306729655
            ],
            [
              -77.01031739813466,
              38.90552208064408
            ]
          ]
        ]
      },
      "properties": {
        "tile_id": 1120
      }
    },
    {
      "type": "Feature",
      "geometry": {
        "type": "Polygon",
        "coordinates": [
          [
            [
              -77.00916841095541,
              38.90554186622997
            ],
            [
              -77.00801942264701,
              38.90556164051726
            ],
            [
              -77.00804476458994,
              38.90646086786508
            ],
            [
              -77.0091937673752,
              38.90644109294684
            ],
            [
              -77.00916841095541,
              38.90554186622997
            ]
          ]
        ]
      },
      "properties": {
        "tile_id": 1121
      }
    },
    {
      "type": "Feature",
      "geometry": {
        "type": "Polygon",
        "coordinates": [
          [
            [
              -77.00801942264701,
              38.90556164051726
            ],
            [
              -77.00687043321012,
              38.90558140350591
            ],
            [
              -77.0068957606761,
              38.90648063148431
            ],
            [
              -77.00804476458994,
              38.90646086786508
            ],
            [
              -77.00801942264701,
              38.90556164051726
            ]
          ]
        ]
      },
      "properties": {
        "tile_id": 1122
      }
    },
    {
      "type": "Feature",
      "geometry": {
        "type": "Polygon",
        "coordinates": [
          [
            [
              -77.00687043321012,
              38.90558140350591
            ],
            [
              -77.00572144264538,
              38.905601155195896
            ],
            [
              -77.00574675563438,
              38.90650038380453
            ],
            [
              -77.0068957606761,
              38.90648063148431
            ],
            [
              -77.00687043321012,
              38.90558140350591
            ]
          ]
        ]
      },
      "properties": {
        "tile_id": 1123
      }
    },
    {
      "type": "Feature",
      "geometry": {
        "type": "Polygon",
        "coordinates": [
          [
            [
              -77.00572144264538,
              38.905601155195896
            ],
            [
              -77.00457245095343,
              38.90562089558719
            ],
            [
              -77.00459774946539,
              38.90652012482568
            ],
            [
              -77.00574675563438,
              38.90650038380453
            ],
            [
              -77.00572144264538,
              38.905601155195896
            ]
          ]
        ]
      },
      "properties": {
        "tile_id": 1124
      }
    },
    {
      "type": "Feature",
      "geometry": {
        "type": "Polygon",
        "coordinates": [
          [
            [
              -77.00457245095343,
              38.90562089558719
            ],
            [
              -77.00342345813493,
              38.90564062467974
            ],
            [
              -77.00344874216978,
              38.906539854547724
            ],
            [
              -77.00459774946539,
              38.90652012482568
            ],
            [
              -77.00457245095343,
              38.90562089558719
            ]
          ]
        ]
      },
      "properties": {
        "tile_id": 1125
      }
    },
    {
      "type": "Feature",
      "geometry": {
        "type": "Polygon",
        "coordinates": [
          [
            [
              -77.00342345813493,
              38.90564062467974
            ],
            [
              -77.00227446419049,
              38.90566034247352
            ],
            [
              -77.00229973374819,
              38.90655957297065
            ],
            [
              -77.00344874216978,
              38.906539854547724
            ],
            [
              -77.00342345813493,
              38.90564062467974
            ]
          ]
        ]
      },
      "properties": {
        "tile_id": 1126
      }
    },
    {
      "type": "Feature",
      "geometry": {
        "type": "Polygon",
        "coordinates": [
          [
            [
              -77.00227446419049,
              38.90566034247352
            ],
            [
              -77.0011254691208,
              38.9056800489685
            ],
            [
              -77.00115072420127,
              38.90657928009442
            ],
            [
              -77.00229973374819,
              38.90655957297065
            ],
            [
              -77.00227446419049,
              38.90566034247352
            ]
          ]
        ]
      },
      "properties": {
        "tile_id": 1127
      }
    },
    {
      "type": "Feature",
      "geometry": {
        "type": "Polygon",
        "coordinates": [
          [
            [
              -77.0011254691208,
              38.9056800489685
            ],
            [
              -76.99997647292643,
              38.90569974416464
            ],
            [
              -77.00000171352967,
              38.90659897591899
            ],
            [
              -77.00115072420127,
              38.90657928009442
            ],
            [
              -77.0011254691208,
              38.9056800489685
            ]
          ]
        ]
      },
      "properties": {
        "tile_id": 1128
      }
    },
    {
      "type": "Feature",
      "geometry": {
        "type": "Polygon",
        "coordinates": [
          [
            [
              -76.99997647292643,
              38.90569974416464
            ],
            [
              -76.99882747560811,
              38.905719428061914
            ],
            [
              -76.99885270173401,
              38.90661866044432
            ],
            [
              -77.00000171352967,
              38.90659897591899
            ],
            [
              -76.99997647292643,
              38.90569974416464
            ]
          ]
        ]
      },
      "properties": {
        "tile_id": 1129
      }
    },
    {
      "type": "Feature",
      "geometry": {
        "type": "Polygon",
        "coordinates": [
          [
            [
              -76.99882747560811,
              38.905719428061914
            ],
            [
              -76.99767847716643,
              38.9057391006603
            ],
            [
              -76.99770368881497,
              38.906638333670415
            ],
            [
              -76.99885270173401,
              38.90661866044432
            ],
            [
              -76.99882747560811,
              38.905719428061914
            ]
          ]
        ]
      },
      "properties": {
        "tile_id": 1130
      }
    },
    {
      "type": "Feature",
      "geometry": {
        "type": "Polygon",
        "coordinates": [
          [
            [
              -76.99767847716643,
              38.9057391006603
            ],
            [
              -76.99652947760205,
              38.90575876195973
            ],
            [
              -76.99655467477315,
              38.90665799559719
            ],
            [
              -76.99770368881497,
              38.906638333670415
            ],
            [
              -76.99767847716643,
              38.9057391006603
            ]
          ]
        ]
      },
      "properties": {
        "tile_id": 1131
      }
    },
    {
      "type": "Feature",
      "geometry": {
        "type": "Polygon",
        "coordinates": [
          [
            [
              -76.99652947760205,
              38.90575876195973
            ],
            [
              -76.99538047691561,
              38.9057784119602
            ],
            [
              -76.99540565960923,
              38.906677646224644
            ],
            [
              -76.99655467477315,
              38.90665799559719
            ],
            [
              -76.99652947760205,
              38.90575876195973
            ]
          ]
        ]
      },
      "properties": {
        "tile_id": 1132
      }
    },
    {
      "type": "Feature",
      "geometry": {
        "type": "Polygon",
        "coordinates": [
          [
            [
              -76.99538047691561,
              38.9057784119602
            ],
            [
              -76.99423147510775,
              38.90579805066168
            ],
            [
              -76.99425664332384,
              38.90669728555273
            ],
            [
              -76.99540565960923,
              38.906677646224644
            ],
            [
              -76.99538047691561,
              38.9057784119602
            ]
          ]
        ]
      },
      "properties": {
        "tile_id": 1133
      }
    },
    {
      "type": "Feature",
      "geometry": {
        "type": "Polygon",
        "coordinates": [
          [
            [
              -76.99423147510775,
              38.90579805066168
            ],
            [
              -76.99308247217913,
              38.90581767806412
            ],
            [
              -76.99310762591763,
              38.90671691358144
            ],
            [
              -76.99425664332384,
              38.90669728555273
            ],
            [
              -76.99423147510775,
              38.90579805066168
            ]
          ]
        ]
      },
      "properties": {
        "tile_id": 1134
      }
    },
    {
      "type": "Feature",
      "geometry": {
        "type": "Polygon",
        "coordinates": [
          [
            [
              -76.99308247217914,
              38.90581767806412
            ],
            [
              -76.99193346813038,
              38.90583729416748
            ],
            [
              -76.99195860739123,
              38.9067365303107
            ],
            [
              -76.99310762591763,
              38.90671691358144
            ],
            [
              -76.99308247217914,
              38.90581767806412
            ]
          ]
        ]
      },
      "properties": {
        "tile_id": 1135
      }
    },
    {
      "type": "Feature",
      "geometry": {
        "type": "Polygon",
        "coordinates": [
          [
            [
              -77.02987562379396,
              38.90608321232862
            ],
            [
              -77.02872664143268,
              38.90610319062303
            ],
            [
              -77.02875224509481,
              38.90700240640565
            ],
            [
              -77.0299012419326,
              38.90698242747379
            ],
            [
              -77.02987562379396,
              38.90608321232862
            ]
          ]
        ]
      },
      "properties": {
        "tile_id": 1136
      }
    },
    {
      "type": "Feature",
      "geometry": {
        "type": "Polygon",
        "coordinates": [
          [
            [
              -77.02872664143268,
              38.90610319062303
            ],
            [
              -77.02757765793127,
              38.90612315761905
            ],
            [
              -77.02760324711682,
              38.90702237403877
            ],
            [
              -77.02875224509481,
              38.90700240640565
            ],
            [
              -77.02872664143268,
              38.90610319062303
            ]
          ]
        ]
      },
      "properties": {
        "tile_id": 1137
      }
    },
    {
      "type": "Feature",
      "geometry": {
        "type": "Polygon",
        "coordinates": [
          [
            [
              -77.02757765793127,
              38.90612315761905
            ],
            [
              -77.02642867329038,
              38.90614311331666
            ],
            [
              -77.02645424799928,
              38.90704233037309
            ],
            [
              -77.02760324711682,
              38.90702237403877
            ],
            [
              -77.02757765793127,
              38.90612315761905
            ]
          ]
        ]
      },
      "properties": {
        "tile_id": 1138
      }
    },
    {
      "type": "Feature",
      "geometry": {
        "type": "Polygon",
        "coordinates": [
          [
            [
              -77.02642867329038,
              38.90614311331666
            ],
            [
              -77.02527968751062,
              38.90616305771581
            ],
            [
              -77.02530524774282,
              38.9070622754086
            ],
            [
              -77.02645424799928,
              38.90704233037309
            ],
            [
              -77.02642867329038,
              38.90614311331666
            ]
          ]
        ]
      },
      "properties": {
        "tile_id": 1139
      }
    },
    {
      "type": "Feature",
      "geometry": {
        "type": "Polygon",
        "coordinates": [
          [
            [
              -77.02527968751062,
              38.9061630577158
            ],
            [
              -77.02413070059266,
              38.906182990816454
            ],
            [
              -77.02415624634811,
              38.90708220914525
            ],
            [
              -77.02530524774282,
              38.9070622754086
            ],
            [
              -77.02527968751062,
              38.9061630577158
            ]
          ]
        ]
      },
      "properties": {
        "tile_id": 1140
      }
    },
    {
      "type": "Feature",
      "geometry": {
        "type": "Polygon",
        "coordinates": [
          [
            [
              -77.02413070059266,
              38.906182990816454
            ],
            [
              -77.02298171253713,
              38.90620291261858
            ],
            [
              -77.02300724381577,
              38.907102131583024
            ],
            [
              -77.02415624634811,
              38.90708220914525
            ],
            [
              -77.02413070059266,
              38.906182990816454
            ]
          ]
        ]
      },
      "properties": {
        "tile_id": 1141
      }
    },
    {
      "type": "Feature",
      "geometry": {
        "type": "Polygon",
        "coordinates": [
          [
            [
              -77.02298171253713,
              38.90620291261858
            ],
            [
              -77.02183272334469,
              38.90622282312214
            ],
            [
              -77.02185824014647,
              38.907122042721866
            ],
            [
              -77.02300724381578,
              38.907102131583024
            ],
            [
              -77.02298171253713,
              38.90620291261858
            ]
          ]
        ]
      },
      "properties": {
        "tile_id": 1142
      }
    },
    {
      "type": "Feature",
      "geometry": {
        "type": "Polygon",
        "coordinates": [
          [
            [
              -77.02183272334469,
              38.90622282312214
            ],
            [
              -77.02068373301597,
              38.90624272232713
            ],
            [
              -77.02070923534085,
              38.907141942561765
            ],
            [
              -77.02185824014647,
              38.907122042721866
            ],
            [
              -77.02183272334469,
              38.90622282312214
            ]
          ]
        ]
      },
      "properties": {
        "tile_id": 1143
      }
    },
    {
      "type": "Feature",
      "geometry": {
        "type": "Polygon",
        "coordinates": [
          [
            [
              -77.02068373301597,
              38.90624272232713
            ],
            [
              -77.01953474155162,
              38.906262610233476
            ],
            [
              -77.01956022939952,
              38.90716183110268
            ],
            [
              -77.02070923534085,
              38.907141942561765
            ],
            [
              -77.02068373301597,
              38.90624272232713
            ]
          ]
        ]
      },
      "properties": {
        "tile_id": 1144
      }
    },
    {
      "type": "Feature",
      "geometry": {
        "type": "Polygon",
        "coordinates": [
          [
            [
              -77.01953474155162,
              38.906262610233476
            ],
            [
              -77.01838574895228,
              38.90628248684116
            ],
            [
              -77.01841122232315,
              38.90718170834456
            ],
            [
              -77.01956022939952,
              38.90716183110268
            ],
            [
              -77.01953474155162,
              38.906262610233476
            ]
          ]
        ]
      },
      "properties": {
        "tile_id": 1145
      }
    },
    {
      "type": "Feature",
      "geometry": {
        "type": "Polygon",
        "coordinates": [
          [
            [
              -77.01838574895228,
              38.90628248684116
            ],
            [
              -77.01723675521859,
              38.90630235215014
            ],
            [
              -77.01726221411238,
              38.90720157428739
            ],
            [
              -77.01841122232315,
              38.90718170834456
            ],
            [
              -77.01838574895228,
              38.90628248684116
            ]
          ]
        ]
      },
      "properties": {
        "tile_id": 1146
      }
    },
    {
      "type": "Feature",
      "geometry": {
        "type": "Polygon",
        "coordinates": [
          [
            [
              -77.01723675521859,
              38.90630235215014
            ],
            [
              -77.0160877603512,
              38.90632220616041
            ],
            [
              -77.01611320476785,
              38.907221428931145
            ],
            [
              -77.01726221411238,
              38.90720157428739
            ],
            [
              -77.01723675521859,
              38.90630235215014
            ]
          ]
        ]
      },
      "properties": {
        "tile_id": 1147
      }
    },
    {
      "type": "Feature",
      "geometry": {
        "type": "Polygon",
        "coordinates": [
          [
            [
              -77.0160877603512,
              38.90632220616041
            ],
            [
              -77.01493876435075,
              38.90634204887192
            ],
            [
              -77.0149641942902,
              38.907241272275755
            ],
            [
              -77.01611320476785,
              38.907221428931145
            ],
            [
              -77.0160877603512,
              38.90632220616041
            ]
          ]
        ]
      },
      "properties": {
        "tile_id": 1148
      }
    },
    {
      "type": "Feature",
      "geometry": {
        "type": "Polygon",
        "coordinates": [
          [
            [
              -77.01493876435075,
              38.90634204887192
            ],
            [
              -77.01378976721789,
              38.90636188028462
            ],
            [
              -77.01381518268009,
              38.907261104321236
            ],
            [
              -77.0149641942902,
              38.907241272275755
            ],
            [
              -77.01493876435075,
              38.90634204887192
            ]
          ]
        ]
      },
      "properties": {
        "tile_id": 1149
      }
    },
    {
      "type": "Feature",
      "geometry": {
        "type": "Polygon",
        "coordinates": [
          [
            [
              -77.01378976721789,
              38.90636188028462
            ],
            [
              -77.01264076895326,
              38.906381700398505
            ],
            [
              -77.01266616993816,
              38.90728092506752
            ],
            [
              -77.01381518268009,
              38.907261104321236
            ],
            [
              -77.01378976721789,
              38.90636188028462
            ]
          ]
        ]
      },
      "properties": {
        "tile_id": 1150
      }
    },
    {
      "type": "Feature",
      "geometry": {
        "type": "Polygon",
        "coordinates": [
          [
            [
              -77.01264076895326,
              38.906381700398505
            ],
            [
              -77.01149176955752,
              38.90640150921353
            ],
            [
              -77.01151715606505,
              38.90730073451457
            ],
            [
              -77.01266616993816,
              38.90728092506752
            ],
            [
              -77.01264076895326,
              38.906381700398505
            ]
          ]
        ]
      },
      "properties": {
        "tile_id": 1151
      }
    },
    {
      "type": "Feature",
      "geometry": {
        "type": "Polygon",
        "coordinates": [
          [
            [
              -77.01149176955752,
              38.90640150921353
            ],
            [
              -77.01034276903127,
              38.906421306729655
            ],
            [
              -77.0103681410614,
              38.90732053266238
            ],
            [
              -77.01151715606505,
              38.90730073451457
            ],
            [
              -77.01149176955752,
              38.90640150921353
            ]
          ]
        ]
      },
      "properties": {
        "tile_id": 1152
      }
    },
    {
      "type": "Feature",
      "geometry": {
        "type": "Polygon",
        "coordinates": [
          [
            [
              -77.01034276903127,
              38.906421306729655
            ],
            [
              -77.0091937673752,
              38.90644109294684
            ],
            [
              -77.00921912492785,
              38.9073403195109
            ],
            [
              -77.0103681410614,
              38.90732053266238
            ],
            [
              -77.01034276903127,
              38.906421306729655
            ]
          ]
        ]
      },
      "properties": {
        "tile_id": 1153
      }
    },
    {
      "type": "Feature",
      "geometry": {
        "type": "Polygon",
        "coordinates": [
          [
            [
              -77.0091937673752,
              38.90644109294684
            ],
            [
              -77.00804476458994,
              38.90646086786508
            ],
            [
              -77.00807010766505,
              38.90736009506009
            ],
            [
              -77.00921912492785,
              38.9073403195109
            ],
            [
              -77.0091937673752,
              38.90644109294684
            ]
          ]
        ]
      },
      "properties": {
        "tile_id": 1154
      }
    },
    {
      "type": "Feature",
      "geometry": {
        "type": "Polygon",
        "coordinates": [
          [
            [
              -77.00804476458994,
              38.90646086786508
            ],
            [
              -77.0068957606761,
              38.90648063148431
            ],
            [
              -77.00692108927366,
              38.907379859309934
            ],
            [
              -77.00807010766505,
              38.90736009506009
            ],
            [
              -77.00804476458994,
              38.90646086786508
            ]
          ]
        ]
      },
      "properties": {
        "tile_id": 1155
      }
    },
    {
      "type": "Feature",
      "geometry": {
        "type": "Polygon",
        "coordinates": [
          [
            [
              -77.0068957606761,
              38.90648063148431
            ],
            [
              -77.00574675563438,
              38.90650038380453
            ],
            [
              -77.00577206975429,
              38.907399612260384
            ],
            [
              -77.00692108927366,
              38.907379859309934
            ],
            [
              -77.0068957606761,
              38.90648063148431
            ]
          ]
        ]
      },
      "properties": {
        "tile_id": 1156
      }
    },
    {
      "type": "Feature",
      "geometry": {
        "type": "Polygon",
        "coordinates": [
          [
            [
              -77.00574675563438,
              38.90650038380453
            ],
            [
              -77.00459774946539,
              38.90652012482568
            ],
            [
              -77.00462304910762,
              38.90741935391142
            ],
            [
              -77.00577206975429,
              38.907399612260384
            ],
            [
              -77.00574675563438,
              38.90650038380453
            ]
          ]
        ]
      },
      "properties": {
        "tile_id": 1157
      }
    },
    {
      "type": "Feature",
      "geometry": {
        "type": "Polygon",
        "coordinates": [
          [
            [
              -77.00459774946539,
              38.90652012482568
            ],
            [
              -77.00344874216978,
              38.906539854547724
            ],
            [
              -77.00347402733425,
              38.90743908426299
            ],
            [
              -77.00462304910762,
              38.90741935391142
            ],
            [
              -77.00459774946539,
              38.90652012482568
            ]
          ]
        ]
      },
      "properties": {
        "tile_id": 1158
      }
    },
    {
      "type": "Feature",
      "geometry": {
        "type": "Polygon",
        "coordinates": [
          [
            [
              -77.00344874216978,
              38.906539854547724
            ],
            [
              -77.00229973374819,
              38.90655957297065
            ],
            [
              -77.00232500443487,
              38.90745880331507
            ],
            [
              -77.00347402733425,
              38.90743908426299
            ],
            [
              -77.00344874216978,
              38.906539854547724
            ]
          ]
        ]
      },
      "properties": {
        "tile_id": 1159
      }
    },
    {
      "type": "Feature",
      "geometry": {
        "type": "Polygon",
        "coordinates": [
          [
            [
              -77.00229973374819,
              38.90655957297065
            ],
            [
              -77.00115072420127,
              38.90657928009442
            ],
            [
              -77.0011759804101,
              38.90747851106763
            ],
            [
              -77.00232500443487,
              38.90745880331507
            ],
            [
              -77.00229973374819,
              38.90655957297065
            ]
          ]
        ]
      },
      "properties": {
        "tile_id": 1160
      }
    },
    {
      "type": "Feature",
      "geometry": {
        "type": "Polygon",
        "coordinates": [
          [
            [
              -77.00115072420127,
              38.90657928009442
            ],
            [
              -77.00000171352967,
              38.90659897591899
            ],
            [
              -77.00002695526058,
              38.90749820752064
            ],
            [
              -77.0011759804101,
              38.90747851106763
            ],
            [
              -77.00115072420127,
              38.90657928009442
            ]
          ]
        ]
      },
      "properties": {
        "tile_id": 1161
      }
    },
    {
      "type": "Feature",
      "geometry": {
        "type": "Polygon",
        "coordinates": [
          [
            [
              -77.00000171352967,
              38.90659897591899
            ],
            [
              -76.99885270173401,
              38.90661866044432
            ],
            [
              -76.99887792898697,
              38.907517892674065
            ],
            [
              -77.00002695526058,
              38.90749820752064
            ],
            [
              -77.00000171352967,
              38.90659897591899
            ]
          ]
        ]
      },
      "properties": {
        "tile_id": 1162
      }
    },
    {
      "type": "Feature",
      "geometry": {
        "type": "Polygon",
        "coordinates": [
          [
            [
              -76.99885270173401,
              38.90661866044432
            ],
            [
              -76.99770368881497,
              38.906638333670415
            ],
            [
              -76.9977289015899,
              38.907537566527864
            ],
            [
              -76.99887792898697,
              38.907517892674065
            ],
            [
              -76.99885270173401,
              38.90661866044432
            ]
          ]
        ]
      },
      "properties": {
        "tile_id": 1163
      }
    },
    {
      "type": "Feature",
      "geometry": {
        "type": "Polygon",
        "coordinates": [
          [
            [
              -76.99770368881497,
              38.906638333670415
            ],
            [
              -76.99655467477315,
              38.90665799559719
            ],
            [
              -76.99657987307002,
              38.907557229082
            ],
            [
              -76.9977289015899,
              38.907537566527864
            ],
            [
              -76.99770368881497,
              38.906638333670415
            ]
          ]
        ]
      },
      "properties": {
        "tile_id": 1164
      }
    },
    {
      "type": "Feature",
      "geometry": {
        "type": "Polygon",
        "coordinates": [
          [
            [
              -76.99655467477315,
              38.90665799559719
            ],
            [
              -76.99540565960923,
              38.906677646224644
            ],
            [
              -76.99543084342797,
              38.90757688033646
            ],
            [
              -76.99657987307002,
              38.907557229082
            ],
            [
              -76.99655467477315,
              38.90665799559719
            ]
          ]
        ]
      },
      "properties": {
        "tile_id": 1165
      }
    },
    {
      "type": "Feature",
      "geometry": {
        "type": "Polygon",
        "coordinates": [
          [
            [
              -76.99540565960923,
              38.906677646224644
            ],
            [
              -76.99425664332384,
              38.90669728555273
            ],
            [
              -76.9942818126644,
              38.90759652029119
            ],
            [
              -76.99543084342797,
              38.90757688033646
            ],
            [
              -76.99540565960923,
              38.906677646224644
            ]
          ]
        ]
      },
      "properties": {
        "tile_id": 1166
      }
    },
    {
      "type": "Feature",
      "geometry": {
        "type": "Polygon",
        "coordinates": [
          [
            [
              -76.99425664332384,
              38.90669728555273
            ],
            [
              -76.99310762591763,
              38.90671691358144
            ],
            [
              -76.99313278077994,
              38.90761614894616
            ],
            [
              -76.9942818126644,
              38.90759652029119
            ],
            [
              -76.99425664332384,
              38.90669728555273
            ]
          ]
        ]
      },
      "properties": {
        "tile_id": 1167
      }
    },
    {
      "type": "Feature",
      "geometry": {
        "type": "Polygon",
        "coordinates": [
          [
            [
              -76.99310762591763,
              38.90671691358144
            ],
            [
              -76.99195860739123,
              38.9067365303107
            ],
            [
              -76.99198374777525,
              38.907635766301354
            ],
            [
              -76.99313278077994,
              38.90761614894616
            ],
            [
              -76.99310762591763,
              38.90671691358144
            ]
          ]
        ]
      },
      "properties": {
        "tile_id": 1168
      }
    },
    {
      "type": "Feature",
      "geometry": {
        "type": "Polygon",
        "coordinates": [
          [
            [
              -77.0299012419326,
              38.90698242747379
            ],
            [
              -77.02875224509481,
              38.90700240640565
            ],
            [
              -77.02877784990083,
              38.90790162203518
            ],
            [
              -77.0299268612158,
              38.907881642465874
            ],
            [
              -77.0299012419326,
              38.90698242747379
            ]
          ]
        ]
      },
      "properties": {
        "tile_id": 1169
      }
    },
    {
      "type": "Feature",
      "geometry": {
        "type": "Polygon",
        "coordinates": [
          [
            [
              -77.02875224509481,
              38.90700240640565
            ],
            [
              -77.02760324711682,
              38.90702237403877
            ],
            [
              -77.0276288374456,
              38.9079215903054
            ],
            [
              -77.02877784990083,
              38.90790162203518
            ],
            [
              -77.02875224509481,
              38.90700240640565
            ]
          ]
        ]
      },
      "properties": {
        "tile_id": 1170
      }
    },
    {
      "type": "Feature",
      "geometry": {
        "type": "Polygon",
        "coordinates": [
          [
            [
              -77.02760324711682,
              38.90702237403877
            ],
            [
              -77.02645424799928,
              38.90704233037309
            ],
            [
              -77.02647982385078,
              38.907941547276465
            ],
            [
              -77.0276288374456,
              38.9079215903054
            ],
            [
              -77.02760324711682,
              38.90702237403877
            ]
          ]
        ]
      },
      "properties": {
        "tile_id": 1171
      }
    },
    {
      "type": "Feature",
      "geometry": {
        "type": "Polygon",
        "coordinates": [
          [
            [
              -77.02645424799928,
              38.90704233037309
            ],
            [
              -77.02530524774282,
              38.9070622754086
            ],
            [
              -77.025330809117,
              38.90796149294835
            ],
            [
              -77.02647982385078,
              38.907941547276465
            ],
            [
              -77.02645424799928,
              38.90704233037309
            ]
          ]
        ]
      },
      "properties": {
        "tile_id": 1172
      }
    },
    {
      "type": "Feature",
      "geometry": {
        "type": "Polygon",
        "coordinates": [
          [
            [
              -77.02530524774282,
              38.9070622754086
            ],
            [
              -77.02415624634811,
              38.90708220914525
            ],
            [
              -77.02418179324488,
              38.90798142732102
            ],
            [
              -77.025330809117,
              38.90796149294835
            ],
            [
              -77.02530524774282,
              38.9070622754086
            ]
          ]
        ]
      },
      "properties": {
        "tile_id": 1173
      }
    },
    {
      "type": "Feature",
      "geometry": {
        "type": "Polygon",
        "coordinates": [
          [
            [
              -77.02415624634811,
              38.90708220914525
            ],
            [
              -77.02300724381577,
              38.907102131583024
            ],
            [
              -77.0230327762351,
              38.908001350394436
            ],
            [
              -77.02418179324488,
              38.90798142732102
            ],
            [
              -77.02415624634811,
              38.90708220914525
            ]
          ]
        ]
      },
      "properties": {
        "tile_id": 1174
      }
    },
    {
      "type": "Feature",
      "geometry": {
        "type": "Polygon",
        "coordinates": [
          [
            [
              -77.02300724381578,
              38.907102131583024
            ],
            [
              -77.02185824014647,
              38.907122042721866
            ],
            [
              -77.02188375808828,
              38.908021262168596
            ],
            [
              -77.0230327762351,
              38.908001350394436
            ],
            [
              -77.02300724381578,
              38.907102131583024
            ]
          ]
        ]
      },
      "properties": {
        "tile_id": 1175
      }
    },
    {
      "type": "Feature",
      "geometry": {
        "type": "Polygon",
        "coordinates": [
          [
            [
              -77.02185824014647,
              38.907122042721866
            ],
            [
              -77.02070923534085,
              38.907141942561765
            ],
            [
              -77.02073473880507,
              38.90804116264343
            ],
            [
              -77.02188375808828,
              38.908021262168596
            ],
            [
              -77.02185824014647,
              38.907122042721866
            ]
          ]
        ]
      },
      "properties": {
        "tile_id": 1176
      }
    },
    {
      "type": "Feature",
      "geometry": {
        "type": "Polygon",
        "coordinates": [
          [
            [
              -77.02070923534085,
              38.907141942561765
            ],
            [
              -77.01956022939952,
              38.90716183110268
            ],
            [
              -77.01958571838612,
              38.90806105181891
            ],
            [
              -77.02073473880507,
              38.90804116264343
            ],
            [
              -77.02070923534085,
              38.907141942561765
            ]
          ]
        ]
      },
      "properties": {
        "tile_id": 1177
      }
    },
    {
      "type": "Feature",
      "geometry": {
        "type": "Polygon",
        "coordinates": [
          [
            [
              -77.01956022939952,
              38.90716183110268
            ],
            [
              -77.01841122232315,
              38.90718170834456
            ],
            [
              -77.0184366968321,
              38.908080929695025
            ],
            [
              -77.01958571838612,
              38.90806105181891
            ],
            [
              -77.01956022939952,
              38.90716183110268
            ]
          ]
        ]
      },
      "properties": {
        "tile_id": 1178
      }
    },
    {
      "type": "Feature",
      "geometry": {
        "type": "Polygon",
        "coordinates": [
          [
            [
              -77.01841122232315,
              38.90718170834456
            ],
            [
              -77.01726221411238,
              38.90720157428739
            ],
            [
              -77.01728767414359,
              38.90810079627171
            ],
            [
              -77.0184366968321,
              38.908080929695025
            ],
            [
              -77.01841122232315,
              38.90718170834456
            ]
          ]
        ]
      },
      "properties": {
        "tile_id": 1179
      }
    },
    {
      "type": "Feature",
      "geometry": {
        "type": "Polygon",
        "coordinates": [
          [
            [
              -77.01726221411238,
              38.90720157428739
            ],
            [
              -77.01611320476785,
              38.907221428931145
            ],
            [
              -77.01613865032128,
              38.908120651548955
            ],
            [
              -77.01728767414359,
              38.90810079627171
            ],
            [
              -77.01726221411238,
              38.90720157428739
            ]
          ]
        ]
      },
      "properties": {
        "tile_id": 1180
      }
    },
    {
      "type": "Feature",
      "geometry": {
        "type": "Polygon",
        "coordinates": [
          [
            [
              -77.01611320476785,
              38.907221428931145
            ],
            [
              -77.0149641942902,
              38.907241272275755
            ],
            [
              -77.0149896253658,
              38.908140495526716
            ],
            [
              -77.01613865032128,
              38.908120651548955
            ],
            [
              -77.01611320476785,
              38.907221428931145
            ]
          ]
        ]
      },
      "properties": {
        "tile_id": 1181
      }
    },
    {
      "type": "Feature",
      "geometry": {
        "type": "Polygon",
        "coordinates": [
          [
            [
              -77.0149641942902,
              38.907241272275755
            ],
            [
              -77.01381518268009,
              38.907261104321236
            ],
            [
              -77.0138405992778,
              38.90816032820496
            ],
            [
              -77.0149896253658,
              38.908140495526716
            ],
            [
              -77.0149641942902,
              38.907241272275755
            ]
          ]
        ]
      },
      "properties": {
        "tile_id": 1182
      }
    },
    {
      "type": "Feature",
      "geometry": {
        "type": "Polygon",
        "coordinates": [
          [
            [
              -77.01381518268009,
              38.907261104321236
            ],
            [
              -77.01266616993816,
              38.90728092506752
            ],
            [
              -77.0126915720579,
              38.908180149583664
            ],
            [
              -77.0138405992778,
              38.90816032820496
            ],
            [
              -77.01381518268009,
              38.907261104321236
            ]
          ]
        ]
      },
      "properties": {
        "tile_id": 1183
      }
    },
    {
      "type": "Feature",
      "geometry": {
        "type": "Polygon",
        "coordinates": [
          [
            [
              -77.01266616993816,
              38.90728092506752
            ],
            [
              -77.01151715606505,
              38.90730073451457
            ],
            [
              -77.01154254370678,
              38.90819995966278
            ],
            [
              -77.0126915720579,
              38.908180149583664
            ],
            [
              -77.01266616993816,
              38.90728092506752
            ]
          ]
        ]
      },
      "properties": {
        "tile_id": 1184
      }
    },
    {
      "type": "Feature",
      "geometry": {
        "type": "Polygon",
        "coordinates": [
          [
            [
              -77.01151715606505,
              38.90730073451457
            ],
            [
              -77.0103681410614,
              38.90732053266238
            ],
            [
              -77.01039351422507,
              38.908219758442286
            ],
            [
              -77.01154254370678,
              38.90819995966278
            ],
            [
              -77.01151715606505,
              38.90730073451457
            ]
          ]
        ]
      },
      "properties": {
        "tile_id": 1185
      }
    },
    {
      "type": "Feature",
      "geometry": {
        "type": "Polygon",
        "coordinates": [
          [
            [
              -77.0103681410614,
              38.90732053266238
            ],
            [
              -77.00921912492785,
              38.9073403195109
            ],
            [
              -77.00924448361341,
              38.908239545922136
            ],
            [
              -77.01039351422507,
              38.908219758442286
            ],
            [
              -77.0103681410614,
              38.90732053266238
            ]
          ]
        ]
      },
      "properties": {
        "tile_id": 1186
      }
    },
    {
      "type": "Feature",
      "geometry": {
        "type": "Polygon",
        "coordinates": [
          [
            [
              -77.00921912492785,
              38.9073403195109
            ],
            [
              -77.00807010766505,
              38.90736009506009
            ],
            [
              -77.00809545187245,
              38.90825932210231
            ],
            [
              -77.00924448361341,
              38.908239545922136
            ],
            [
              -77.00921912492785,
              38.9073403195109
            ]
          ]
        ]
      },
      "properties": {
        "tile_id": 1187
      }
    },
    {
      "type": "Feature",
      "geometry": {
        "type": "Polygon",
        "coordinates": [
          [
            [
              -77.00807010766505,
              38.90736009506009
            ],
            [
              -77.00692108927366,
              38.907379859309934
            ],
            [
              -77.00694641900283,
              38.90827908698276
            ],
            [
              -77.00809545187245,
              38.90825932210231
            ],
            [
              -77.00807010766505,
              38.90736009506009
            ]
          ]
        ]
      },
      "properties": {
        "tile_id": 1188
      }
    },
    {
      "type": "Feature",
      "geometry": {
        "type": "Polygon",
        "coordinates": [
          [
            [
              -77.00692108927366,
              38.907379859309934
            ],
            [
              -77.00577206975429,
              38.907399612260384
            ],
            [
              -77.00579738500518,
              38.90829884056347
            ],
            [
              -77.00694641900283,
              38.90827908698276
            ],
            [
              -77.00692108927366,
              38.907379859309934
            ]
          ]
        ]
      },
      "properties": {
        "tile_id": 1189
      }
    },
    {
      "type": "Feature",
      "geometry": {
        "type": "Polygon",
        "coordinates": [
          [
            [
              -77.00577206975429,
              38.907399612260384
            ],
            [
              -77.00462304910762,
              38.90741935391142
            ],
            [
              -77.00464834988016,
              38.908318582844394
            ],
            [
              -77.00579738500518,
              38.90829884056347
            ],
            [
              -77.00577206975429,
              38.907399612260384
            ]
          ]
        ]
      },
      "properties": {
        "tile_id": 1190
      }
    },
    {
      "type": "Feature",
      "geometry": {
        "type": "Polygon",
        "coordinates": [
          [
            [
              -77.00462304910762,
              38.90741935391142
            ],
            [
              -77.00347402733425,
              38.90743908426299
            ],
            [
              -77.00349931362841,
              38.9083383138255
            ],
            [
              -77.00464834988016,
              38.908318582844394
            ],
            [
              -77.00462304910762,
              38.90741935391142
            ]
          ]
        ]
      },
      "properties": {
        "tile_id": 1191
      }
    },
    {
      "type": "Feature",
      "geometry": {
        "type": "Polygon",
        "coordinates": [
          [
            [
              -77.00347402733425,
              38.90743908426299
            ],
            [
              -77.00232500443487,
              38.90745880331507
            ],
            [
              -77.00235027625058,
              38.90835803350676
            ],
            [
              -77.00349931362841,
              38.9083383138255
            ],
            [
              -77.00347402733425,
              38.90743908426299
            ]
          ]
        ]
      },
      "properties": {
        "tile_id": 1192
      }
    },
    {
      "type": "Feature",
      "geometry": {
        "type": "Polygon",
        "coordinates": [
          [
            [
              -77.00232500443487,
              38.90745880331507
            ],
            [
              -77.0011759804101,
              38.90747851106763
            ],
            [
              -77.00120123774731,
              38.908377741888145
            ],
            [
              -77.00235027625058,
              38.90835803350676
            ],
            [
              -77.00232500443487,
              38.90745880331507
            ]
          ]
        ]
      },
      "properties": {
        "tile_id": 1193
      }
    },
    {
      "type": "Feature",
      "geometry": {
        "type": "Polygon",
        "coordinates": [
          [
            [
              -77.0011759804101,
              38.90747851106763
            ],
            [
              -77.00002695526058,
              38.90749820752064
            ],
            [
              -77.00005219811923,
              38.9083974389696
            ],
            [
              -77.00120123774731,
              38.908377741888145
            ],
            [
              -77.0011759804101,
              38.90747851106763
            ]
          ]
        ]
      },
      "properties": {
        "tile_id": 1194
      }
    },
    {
      "type": "Feature",
      "geometry": {
        "type": "Polygon",
        "coordinates": [
          [
            [
              -77.00002695526058,
              38.90749820752064
            ],
            [
              -76.99887792898697,
              38.907517892674065
            ],
            [
              -76.99890315736701,
              38.90841712475112
            ],
            [
              -77.00005219811923,
              38.9083974389696
            ],
            [
              -77.00002695526058,
              38.90749820752064
            ]
          ]
        ]
      },
      "properties": {
        "tile_id": 1195
      }
    },
    {
      "type": "Feature",
      "geometry": {
        "type": "Polygon",
        "coordinates": [
          [
            [
              -76.99887792898697,
              38.907517892674065
            ],
            [
              -76.9977289015899,
              38.907537566527864
            ],
            [
              -76.99775411549128,
              38.908436799232646
            ],
            [
              -76.99890315736702,
              38.90841712475112
            ],
            [
              -76.99887792898697,
              38.907517892674065
            ]
          ]
        ]
      },
      "properties": {
        "tile_id": 1196
      }
    },
    {
      "type": "Feature",
      "geometry": {
        "type": "Polygon",
        "coordinates": [
          [
            [
              -76.9977289015899,
              38.907537566527864
            ],
            [
              -76.99657987307002,
              38.907557229082
            ],
            [
              -76.99660507249268,
              38.908456462414165
            ],
            [
              -76.99775411549128,
              38.908436799232646
            ],
            [
              -76.9977289015899,
              38.907537566527864
            ]
          ]
        ]
      },
      "properties": {
        "tile_id": 1197
      }
    },
    {
      "type": "Feature",
      "geometry": {
        "type": "Polygon",
        "coordinates": [
          [
            [
              -76.99657987307002,
              38.907557229082
            ],
            [
              -76.99543084342797,
              38.90757688033646
            ],
            [
              -76.99545602837186,
              38.90847611429563
            ],
            [
              -76.99660507249268,
              38.908456462414165
            ],
            [
              -76.99657987307002,
              38.907557229082
            ]
          ]
        ]
      },
      "properties": {
        "tile_id": 1198
      }
    },
    {
      "type": "Feature",
      "geometry": {
        "type": "Polygon",
        "coordinates": [
          [
            [
              -76.99543084342797,
              38.90757688033646
            ],
            [
              -76.9942818126644,
              38.90759652029119
            ],
            [
              -76.99430698312946,
              38.90849575487702
            ],
            [
              -76.99545602837186,
              38.90847611429563
            ],
            [
              -76.99543084342797,
              38.90757688033646
            ]
          ]
        ]
      },
      "properties": {
        "tile_id": 1199
      }
    },
    {
      "type": "Feature",
      "geometry": {
        "type": "Polygon",
        "coordinates": [
          [
            [
              -76.9942818126644,
              38.90759652029119
            ],
            [
              -76.99313278077994,
              38.90761614894616
            ],
            [
              -76.99315793676612,
              38.908515384158285
            ],
            [
              -76.99430698312946,
              38.90849575487702
            ],
            [
              -76.9942818126644,
              38.90759652029119
            ]
          ]
        ]
      },
      "properties": {
        "tile_id": 1200
      }
    },
    {
      "type": "Feature",
      "geometry": {
        "type": "Polygon",
        "coordinates": [
          [
            [
              -76.99313278077994,
              38.90761614894616
            ],
            [
              -76.99198374777525,
              38.907635766301354
            ],
            [
              -76.9920088892825,
              38.908535002139416
            ],
            [
              -76.99315793676612,
              38.908515384158285
            ],
            [
              -76.99313278077994,
              38.90761614894616
            ]
          ]
        ]
      },
      "properties": {
        "tile_id": 1201
      }
    },
    {
      "type": "Feature",
      "geometry": {
        "type": "Polygon",
        "coordinates": [
          [
            [
              -77.0299268612158,
              38.907881642465874
            ],
            [
              -77.02877784990083,
              38.90790162203518
            ],
            [
              -77.0288034558508,
              38.90880083751164
            ],
            [
              -77.02995248164359,
              38.90878085730485
            ],
            [
              -77.0299268612158,
              38.907881642465874
            ]
          ]
        ]
      },
      "properties": {
        "tile_id": 1202
      }
    },
    {
      "type": "Feature",
      "geometry": {
        "type": "Polygon",
        "coordinates": [
          [
            [
              -77.02877784990083,
              38.90790162203518
            ],
            [
              -77.0276288374456,
              38.9079215903054
            ],
            [
              -77.0276544289177,
              38.908820806418966
            ],
            [
              -77.0288034558508,
              38.90880083751164
            ],
            [
              -77.02877784990083,
              38.90790162203518
            ]
          ]
        ]
      },
      "properties": {
        "tile_id": 1203
      }
    },
    {
      "type": "Feature",
      "geometry": {
        "type": "Polygon",
        "coordinates": [
          [
            [
              -77.0276288374456,
              38.9079215903054
            ],
            [
              -77.02647982385078,
              38.907941547276465
            ],
            [
              -77.02650540084494,
              38.908840764026785
            ],
            [
              -77.0276544289177,
              38.908820806418966
            ],
            [
              -77.0276288374456,
              38.9079215903054
            ]
          ]
        ]
      },
      "properties": {
        "tile_id": 1204
      }
    },
    {
      "type": "Feature",
      "geometry": {
        "type": "Polygon",
        "coordinates": [
          [
            [
              -77.02647982385078,
              38.907941547276465
            ],
            [
              -77.025330809117,
              38.90796149294835
            ],
            [
              -77.02535637163317,
              38.90886071033506
            ],
            [
              -77.02650540084494,
              38.908840764026785
            ],
            [
              -77.02647982385078,
              38.907941547276465
            ]
          ]
        ]
      },
      "properties": {
        "tile_id": 1205
      }
    },
    {
      "type": "Feature",
      "geometry": {
        "type": "Polygon",
        "coordinates": [
          [
            [
              -77.025330809117,
              38.90796149294835
            ],
            [
              -77.02418179324488,
              38.90798142732102
            ],
            [
              -77.024207341283,
              38.90888064534377
            ],
            [
              -77.02535637163317,
              38.90886071033506
            ],
            [
              -77.025330809117,
              38.90796149294835
            ]
          ]
        ]
      },
      "properties": {
        "tile_id": 1206
      }
    },
    {
      "type": "Feature",
      "geometry": {
        "type": "Polygon",
        "coordinates": [
          [
            [
              -77.02418179324488,
              38.90798142732102
            ],
            [
              -77.0230327762351,
              38.908001350394436
            ],
            [
              -77.02305830979512,
              38.908900569052875
            ],
            [
              -77.024207341283,
              38.90888064534377
            ],
            [
              -77.02418179324488,
              38.90798142732102
            ]
          ]
        ]
      },
      "properties": {
        "tile_id": 1207
      }
    },
    {
      "type": "Feature",
      "geometry": {
        "type": "Polygon",
        "coordinates": [
          [
            [
              -77.0230327762351,
              38.908001350394436
            ],
            [
              -77.02188375808828,
              38.908021262168596
            ],
            [
              -77.02190927717015,
              38.90892048146233
            ],
            [
              -77.02305830979513,
              38.908900569052875
            ],
            [
              -77.0230327762351,
              38.908001350394436
            ]
          ]
        ]
      },
      "properties": {
        "tile_id": 1208
      }
    },
    {
      "type": "Feature",
      "geometry": {
        "type": "Polygon",
        "coordinates": [
          [
            [
              -77.02188375808828,
              38.908021262168596
            ],
            [
              -77.02073473880507,
              38.90804116264343
            ],
            [
              -77.02076024340874,
              38.908940382572126
            ],
            [
              -77.02190927717015,
              38.90892048146233
            ],
            [
              -77.02188375808828,
              38.908021262168596
            ]
          ]
        ]
      },
      "properties": {
        "tile_id": 1209
      }
    },
    {
      "type": "Feature",
      "geometry": {
        "type": "Polygon",
        "coordinates": [
          [
            [
              -77.02073473880507,
              38.90804116264343
            ],
            [
              -77.01958571838612,
              38.90806105181891
            ],
            [
              -77.01961120851153,
              38.9089602723822
            ],
            [
              -77.02076024340874,
              38.908940382572126
            ],
            [
              -77.02073473880507,
              38.90804116264343
            ]
          ]
        ]
      },
      "properties": {
        "tile_id": 1210
      }
    },
    {
      "type": "Feature",
      "geometry": {
        "type": "Polygon",
        "coordinates": [
          [
            [
              -77.01958571838612,
              38.90806105181891
            ],
            [
              -77.0184366968321,
              38.908080929695025
            ],
            [
              -77.01846217247918,
              38.90898015089254
            ],
            [
              -77.01961120851153,
              38.9089602723822
            ],
            [
              -77.01958571838612,
              38.90806105181891
            ]
          ]
        ]
      },
      "properties": {
        "tile_id": 1211
      }
    },
    {
      "type": "Feature",
      "geometry": {
        "type": "Polygon",
        "coordinates": [
          [
            [
              -77.0184366968321,
              38.908080929695025
            ],
            [
              -77.01728767414359,
              38.90810079627171
            ],
            [
              -77.0173131353123,
              38.90900001810311
            ],
            [
              -77.01846217247918,
              38.90898015089254
            ],
            [
              -77.0184366968321,
              38.908080929695025
            ]
          ]
        ]
      },
      "properties": {
        "tile_id": 1212
      }
    },
    {
      "type": "Feature",
      "geometry": {
        "type": "Polygon",
        "coordinates": [
          [
            [
              -77.01728767414359,
              38.90810079627171
            ],
            [
              -77.01613865032128,
              38.908120651548955
            ],
            [
              -77.01616409701155,
              38.909019874013865
            ],
            [
              -77.0173131353123,
              38.90900001810311
            ],
            [
              -77.01728767414359,
              38.90810079627171
            ]
          ]
        ]
      },
      "properties": {
        "tile_id": 1213
      }
    },
    {
      "type": "Feature",
      "geometry": {
        "type": "Polygon",
        "coordinates": [
          [
            [
              -77.01613865032128,
              38.908120651548955
            ],
            [
              -77.0149896253658,
              38.908140495526716
            ],
            [
              -77.0150150575776,
              38.90903971862478
            ],
            [
              -77.01616409701155,
              38.909019874013865
            ],
            [
              -77.01613865032128,
              38.908120651548955
            ]
          ]
        ]
      },
      "properties": {
        "tile_id": 1214
      }
    },
    {
      "type": "Feature",
      "geometry": {
        "type": "Polygon",
        "coordinates": [
          [
            [
              -77.0149896253658,
              38.908140495526716
            ],
            [
              -77.0138405992778,
              38.90816032820496
            ],
            [
              -77.01386601701104,
              38.909059551935826
            ],
            [
              -77.0150150575776,
              38.90903971862478
            ],
            [
              -77.0149896253658,
              38.908140495526716
            ]
          ]
        ]
      },
      "properties": {
        "tile_id": 1215
      }
    },
    {
      "type": "Feature",
      "geometry": {
        "type": "Polygon",
        "coordinates": [
          [
            [
              -77.0138405992778,
              38.90816032820496
            ],
            [
              -77.0126915720579,
              38.908180149583664
            ],
            [
              -77.01271697531256,
              38.90907937394695
            ],
            [
              -77.01386601701104,
              38.909059551935826
            ],
            [
              -77.0138405992778,
              38.90816032820496
            ]
          ]
        ]
      },
      "properties": {
        "tile_id": 1216
      }
    },
    {
      "type": "Feature",
      "geometry": {
        "type": "Polygon",
        "coordinates": [
          [
            [
              -77.0126915720579,
              38.908180149583664
            ],
            [
              -77.01154254370678,
              38.90819995966278
            ],
            [
              -77.01156793248279,
              38.90909918465814
            ],
            [
              -77.01271697531256,
              38.90907937394695
            ],
            [
              -77.0126915720579,
              38.908180149583664
            ]
          ]
        ]
      },
      "properties": {
        "tile_id": 1217
      }
    },
    {
      "type": "Feature",
      "geometry": {
        "type": "Polygon",
        "coordinates": [
          [
            [
              -77.01154254370678,
              38.90819995966278
            ],
            [
              -77.01039351422507,
              38.908219758442286
            ],
            [
              -77.01041888852237,
              38.90911898406936
            ],
            [
              -77.01156793248279,
              38.90909918465814
            ],
            [
              -77.01154254370678,
              38.90819995966278
            ]
          ]
        ]
      },
      "properties": {
        "tile_id": 1218
      }
    },
    {
      "type": "Feature",
      "geometry": {
        "type": "Polygon",
        "coordinates": [
          [
            [
              -77.01039351422507,
              38.908219758442286
            ],
            [
              -77.00924448361341,
              38.908239545922136
            ],
            [
              -77.00926984343195,
              38.90913877218056
            ],
            [
              -77.01041888852237,
              38.90911898406936
            ],
            [
              -77.01039351422507,
              38.908219758442286
            ]
          ]
        ]
      },
      "properties": {
        "tile_id": 1219
      }
    },
    {
      "type": "Feature",
      "geometry": {
        "type": "Polygon",
        "coordinates": [
          [
            [
              -77.00924448361341,
              38.908239545922136
            ],
            [
              -77.00809545187245,
              38.90825932210231
            ],
            [
              -77.00812079721217,
              38.909158548991726
            ],
            [
              -77.00926984343195,
              38.90913877218056
            ],
            [
              -77.00924448361341,
              38.908239545922136
            ]
          ]
        ]
      },
      "properties": {
        "tile_id": 1220
      }
    },
    {
      "type": "Feature",
      "geometry": {
        "type": "Polygon",
        "coordinates": [
          [
            [
              -77.00809545187245,
              38.90825932210231
            ],
            [
              -77.00694641900283,
              38.90827908698276
            ],
            [
              -77.00697174986367,
              38.9091783145028
            ],
            [
              -77.00812079721217,
              38.909158548991726
            ],
            [
              -77.00809545187245,
              38.90825932210231
            ]
          ]
        ]
      },
      "properties": {
        "tile_id": 1221
      }
    },
    {
      "type": "Feature",
      "geometry": {
        "type": "Polygon",
        "coordinates": [
          [
            [
              -77.00694641900283,
              38.90827908698276
            ],
            [
              -77.00579738500518,
              38.90829884056347
            ],
            [
              -77.0058227013871,
              38.909198068713785
            ],
            [
              -77.00697174986367,
              38.9091783145028
            ],
            [
              -77.00694641900283,
              38.90827908698276
            ]
          ]
        ]
      },
      "properties": {
        "tile_id": 1222
      }
    },
    {
      "type": "Feature",
      "geometry": {
        "type": "Polygon",
        "coordinates": [
          [
            [
              -77.00579738500518,
              38.90829884056347
            ],
            [
              -77.00464834988016,
              38.908318582844394
            ],
            [
              -77.00467365178311,
              38.90921781162462
            ],
            [
              -77.0058227013871,
              38.909198068713785
            ],
            [
              -77.00579738500518,
              38.90829884056347
            ]
          ]
        ]
      },
      "properties": {
        "tile_id": 1223
      }
    },
    {
      "type": "Feature",
      "geometry": {
        "type": "Polygon",
        "coordinates": [
          [
            [
              -77.00464834988016,
              38.908318582844394
            ],
            [
              -77.00349931362841,
              38.9083383138255
            ],
            [
              -77.00352460105232,
              38.909237543235285
            ],
            [
              -77.00467365178311,
              38.90921781162462
            ],
            [
              -77.00464834988016,
              38.908318582844394
            ]
          ]
        ]
      },
      "properties": {
        "tile_id": 1224
      }
    },
    {
      "type": "Feature",
      "geometry": {
        "type": "Polygon",
        "coordinates": [
          [
            [
              -77.00349931362841,
              38.9083383138255
            ],
            [
              -77.00235027625058,
              38.90835803350676
            ],
            [
              -77.00237554919539,
              38.90925726354573
            ],
            [
              -77.00352460105232,
              38.909237543235285
            ],
            [
              -77.00349931362841,
              38.9083383138255
            ]
          ]
        ]
      },
      "properties": {
        "tile_id": 1225
      }
    },
    {
      "type": "Feature",
      "geometry": {
        "type": "Polygon",
        "coordinates": [
          [
            [
              -77.00235027625058,
              38.90835803350676
            ],
            [
              -77.00120123774731,
              38.908377741888145
            ],
            [
              -77.00122649621298,
              38.909276972555936
            ],
            [
              -77.00237554919539,
              38.90925726354573
            ],
            [
              -77.00235027625058,
              38.90835803350676
            ]
          ]
        ]
      },
      "properties": {
        "tile_id": 1226
      }
    },
    {
      "type": "Feature",
      "geometry": {
        "type": "Polygon",
        "coordinates": [
          [
            [
              -77.00120123774731,
              38.908377741888145
            ],
            [
              -77.00005219811923,
              38.9083974389696
            ],
            [
              -77.0000774421057,
              38.909296670265874
            ],
            [
              -77.00122649621298,
              38.909276972555936
            ],
            [
              -77.00120123774731,
              38.908377741888145
            ]
          ]
        ]
      },
      "properties": {
        "tile_id": 1227
      }
    },
    {
      "type": "Feature",
      "geometry": {
        "type": "Polygon",
        "coordinates": [
          [
            [
              -77.00005219811923,
              38.9083974389696
            ],
            [
              -76.99890315736701,
              38.90841712475112
            ],
            [
              -76.99892838687423,
              38.9093163566755
            ],
            [
              -77.0000774421057,
              38.909296670265874
            ],
            [
              -77.00005219811923,
              38.9083974389696
            ]
          ]
        ]
      },
      "properties": {
        "tile_id": 1228
      }
    },
    {
      "type": "Feature",
      "geometry": {
        "type": "Polygon",
        "coordinates": [
          [
            [
              -76.99890315736702,
              38.90841712475112
            ],
            [
              -76.99775411549128,
              38.908436799232646
            ],
            [
              -76.99777933051918,
              38.90933603178478
            ],
            [
              -76.99892838687423,
              38.9093163566755
            ],
            [
              -76.99890315736702,
              38.90841712475112
            ]
          ]
        ]
      },
      "properties": {
        "tile_id": 1229
      }
    },
    {
      "type": "Feature",
      "geometry": {
        "type": "Polygon",
        "coordinates": [
          [
            [
              -76.99775411549128,
              38.908436799232646
            ],
            [
              -76.99660507249268,
              38.908456462414165
            ],
            [
              -76.99663027304122,
              38.909355695593696
            ],
            [
              -76.99777933051918,
              38.90933603178478
            ],
            [
              -76.99775411549128,
              38.908436799232646
            ]
          ]
        ]
      },
      "properties": {
        "tile_id": 1230
      }
    },
    {
      "type": "Feature",
      "geometry": {
        "type": "Polygon",
        "coordinates": [
          [
            [
              -76.99660507249268,
              38.908456462414165
            ],
            [
              -76.99545602837186,
              38.90847611429563
            ],
            [
              -76.99548121444097,
              38.90937534810219
            ],
            [
              -76.99663027304122,
              38.909355695593696
            ],
            [
              -76.99660507249268,
              38.908456462414165
            ]
          ]
        ]
      },
      "properties": {
        "tile_id": 1231
      }
    },
    {
      "type": "Feature",
      "geometry": {
        "type": "Polygon",
        "coordinates": [
          [
            [
              -76.99545602837186,
              38.90847611429563
            ],
            [
              -76.99430698312946,
              38.90849575487702
            ],
            [
              -76.9943321547191,
              38.90939498931024
            ],
            [
              -76.99548121444097,
              38.90937534810219
            ],
            [
              -76.99545602837186,
              38.90847611429563
            ]
          ]
        ]
      },
      "properties": {
        "tile_id": 1232
      }
    },
    {
      "type": "Feature",
      "geometry": {
        "type": "Polygon",
        "coordinates": [
          [
            [
              -76.99430698312946,
              38.90849575487702
            ],
            [
              -76.99315793676612,
              38.908515384158285
            ],
            [
              -76.99318309387623,
              38.90941461921782
            ],
            [
              -76.9943321547191,
              38.90939498931024
            ],
            [
              -76.99430698312946,
              38.90849575487702
            ]
          ]
        ]
      },
      "properties": {
        "tile_id": 1233
      }
    },
    {
      "type": "Feature",
      "geometry": {
        "type": "Polygon",
        "coordinates": [
          [
            [
              -76.99315793676612,
              38.908515384158285
            ],
            [
              -76.9920088892825,
              38.908535002139416
            ],
            [
              -76.99203403191302,
              38.90943423782489
            ],
            [
              -76.99318309387623,
              38.90941461921782
            ],
            [
              -76.99315793676612,
              38.908515384158285
            ]
          ]
        ]
      },
      "properties": {
        "tile_id": 1234
      }
    },
    {
      "type": "Feature",
      "geometry": {
        "type": "Polygon",
        "coordinates": [
          [
            [
              -77.02995248164359,
              38.90878085730483
            ],
            [
              -77.0288034558508,
              38.908800837511635
            ],
            [
              -77.02882906294478,
              38.90970005283499
            ],
            [
              -77.02997810321604,
              38.90968007199071
            ],
            [
              -77.02995248164359,
              38.90878085730483
            ]
          ]
        ]
      },
      "properties": {
        "tile_id": 1235
      }
    },
    {
      "type": "Feature",
      "geometry": {
        "type": "Polygon",
        "coordinates": [
          [
            [
              -77.0288034558508,
              38.908800837511635
            ],
            [
              -77.0276544289177,
              38.90882080641896
            ],
            [
              -77.02768002153316,
              38.90972002237945
            ],
            [
              -77.02882906294478,
              38.90970005283499
            ],
            [
              -77.0288034558508,
              38.908800837511635
            ]
          ]
        ]
      },
      "properties": {
        "tile_id": 1236
      }
    },
    {
      "type": "Feature",
      "geometry": {
        "type": "Polygon",
        "coordinates": [
          [
            [
              -77.0276544289177,
              38.90882080641896
            ],
            [
              -77.02650540084494,
              38.90884076402678
            ],
            [
              -77.02653097898181,
              38.90973998062404
            ],
            [
              -77.02768002153316,
              38.90972002237945
            ],
            [
              -77.0276544289177,
              38.90882080641896
            ]
          ]
        ]
      },
      "properties": {
        "tile_id": 1237
      }
    },
    {
      "type": "Feature",
      "geometry": {
        "type": "Polygon",
        "coordinates": [
          [
            [
              -77.02650540084494,
              38.90884076402678
            ],
            [
              -77.02535637163317,
              38.90886071033505
            ],
            [
              -77.0253819352914,
              38.909759927568736
            ],
            [
              -77.02653097898181,
              38.90973998062404
            ],
            [
              -77.02650540084494,
              38.90884076402678
            ]
          ]
        ]
      },
      "properties": {
        "tile_id": 1238
      }
    },
    {
      "type": "Feature",
      "geometry": {
        "type": "Polygon",
        "coordinates": [
          [
            [
              -77.02535637163317,
              38.90886071033505
            ],
            [
              -77.024207341283,
              38.90888064534376
            ],
            [
              -77.02423289046256,
              38.909779863213494
            ],
            [
              -77.0253819352914,
              38.909759927568736
            ],
            [
              -77.02535637163317,
              38.90886071033505
            ]
          ]
        ]
      },
      "properties": {
        "tile_id": 1239
      }
    },
    {
      "type": "Feature",
      "geometry": {
        "type": "Polygon",
        "coordinates": [
          [
            [
              -77.024207341283,
              38.90888064534376
            ],
            [
              -77.02305830979512,
              38.90890056905286
            ],
            [
              -77.02308384449594,
              38.90979978755828
            ],
            [
              -77.02423289046256,
              38.909779863213494
            ],
            [
              -77.024207341283,
              38.90888064534376
            ]
          ]
        ]
      },
      "properties": {
        "tile_id": 1240
      }
    },
    {
      "type": "Feature",
      "geometry": {
        "type": "Polygon",
        "coordinates": [
          [
            [
              -77.02305830979512,
              38.90890056905286
            ],
            [
              -77.02190927717015,
              38.90892048146232
            ],
            [
              -77.02193479739216,
              38.90981970060307
            ],
            [
              -77.02308384449594,
              38.90979978755828
            ],
            [
              -77.02305830979512,
              38.90890056905286
            ]
          ]
        ]
      },
      "properties": {
        "tile_id": 1241
      }
    },
    {
      "type": "Feature",
      "geometry": {
        "type": "Polygon",
        "coordinates": [
          [
            [
              -77.02190927717015,
              38.90892048146232
            ],
            [
              -77.02076024340874,
              38.90894038257211
            ],
            [
              -77.0207857491519,
              38.90983960234783
            ],
            [
              -77.02193479739216,
              38.90981970060307
            ],
            [
              -77.02190927717015,
              38.90892048146232
            ]
          ]
        ]
      },
      "properties": {
        "tile_id": 1242
      }
    },
    {
      "type": "Feature",
      "geometry": {
        "type": "Polygon",
        "coordinates": [
          [
            [
              -77.02076024340874,
              38.90894038257211
            ],
            [
              -77.01961120851153,
              38.90896027238219
            ],
            [
              -77.01963669977579,
              38.90985949279251
            ],
            [
              -77.0207857491519,
              38.90983960234783
            ],
            [
              -77.02076024340874,
              38.90894038257211
            ]
          ]
        ]
      },
      "properties": {
        "tile_id": 1243
      }
    },
    {
      "type": "Feature",
      "geometry": {
        "type": "Polygon",
        "coordinates": [
          [
            [
              -77.01961120851153,
              38.90896027238219
            ],
            [
              -77.01846217247918,
              38.908980150892525
            ],
            [
              -77.01848764926446,
              38.90987937193711
            ],
            [
              -77.01963669977579,
              38.90985949279251
            ],
            [
              -77.01961120851153,
              38.90896027238219
            ]
          ]
        ]
      },
      "properties": {
        "tile_id": 1244
      }
    },
    {
      "type": "Feature",
      "geometry": {
        "type": "Polygon",
        "coordinates": [
          [
            [
              -77.01846217247918,
              38.908980150892525
            ],
            [
              -77.0173131353123,
              38.9090000181031
            ],
            [
              -77.01733859761856,
              38.90989923978156
            ],
            [
              -77.01848764926446,
              38.90987937193711
            ],
            [
              -77.01846217247918,
              38.908980150892525
            ]
          ]
        ]
      },
      "properties": {
        "tile_id": 1245
      }
    },
    {
      "type": "Feature",
      "geometry": {
        "type": "Polygon",
        "coordinates": [
          [
            [
              -77.0173131353123,
              38.9090000181031
            ],
            [
              -77.01616409701155,
              38.90901987401386
            ],
            [
              -77.01618954483874,
              38.909919096325844
            ],
            [
              -77.01733859761856,
              38.90989923978156
            ],
            [
              -77.0173131353123,
              38.9090000181031
            ]
          ]
        ]
      },
      "properties": {
        "tile_id": 1246
      }
    },
    {
      "type": "Feature",
      "geometry": {
        "type": "Polygon",
        "coordinates": [
          [
            [
              -77.01616409701155,
              38.90901987401386
            ],
            [
              -77.0150150575776,
              38.90903971862477
            ],
            [
              -77.01504049092564,
              38.909938941569926
            ],
            [
              -77.01618954483874,
              38.909919096325844
            ],
            [
              -77.01616409701155,
              38.90901987401386
            ]
          ]
        ]
      },
      "properties": {
        "tile_id": 1247
      }
    },
    {
      "type": "Feature",
      "geometry": {
        "type": "Polygon",
        "coordinates": [
          [
            [
              -77.0150150575776,
              38.90903971862477
            ],
            [
              -77.01386601701104,
              38.90905955193581
            ],
            [
              -77.0138914358799,
              38.90995877551378
            ],
            [
              -77.01504049092564,
              38.909938941569926
            ],
            [
              -77.0150150575776,
              38.90903971862477
            ]
          ]
        ]
      },
      "properties": {
        "tile_id": 1248
      }
    },
    {
      "type": "Feature",
      "geometry": {
        "type": "Polygon",
        "coordinates": [
          [
            [
              -77.01386601701104,
              38.90905955193581
            ],
            [
              -77.01271697531256,
              38.90907937394694
            ],
            [
              -77.01274237970219,
              38.90997859815735
            ],
            [
              -77.0138914358799,
              38.90995877551378
            ],
            [
              -77.01386601701104,
              38.90905955193581
            ]
          ]
        ]
      },
      "properties": {
        "tile_id": 1249
      }
    },
    {
      "type": "Feature",
      "geometry": {
        "type": "Polygon",
        "coordinates": [
          [
            [
              -77.01271697531256,
              38.90907937394694
            ],
            [
              -77.01156793248279,
              38.90909918465813
            ],
            [
              -77.01159332239311,
              38.90999840950064
            ],
            [
              -77.01274237970219,
              38.90997859815735
            ],
            [
              -77.01271697531256,
              38.90907937394694
            ]
          ]
        ]
      },
      "properties": {
        "tile_id": 1250
      }
    },
    {
      "type": "Feature",
      "geometry": {
        "type": "Polygon",
        "coordinates": [
          [
            [
              -77.01156793248279,
              38.90909918465813
            ],
            [
              -77.01041888852237,
              38.909118984069345
            ],
            [
              -77.01044426395333,
              38.91001820954358
            ],
            [
              -77.01159332239311,
              38.90999840950064
            ],
            [
              -77.01156793248279,
              38.90909918465813
            ]
          ]
        ]
      },
      "properties": {
        "tile_id": 1251
      }
    },
    {
      "type": "Feature",
      "geometry": {
        "type": "Polygon",
        "coordinates": [
          [
            [
              -77.01041888852237,
              38.909118984069345
            ],
            [
              -77.00926984343195,
              38.90913877218055
            ],
            [
              -77.00929520438352,
              38.91003799828615
            ],
            [
              -77.01044426395335,
              38.91001820954358
            ],
            [
              -77.01041888852237,
              38.909118984069345
            ]
          ]
        ]
      },
      "properties": {
        "tile_id": 1252
      }
    },
    {
      "type": "Feature",
      "geometry": {
        "type": "Polygon",
        "coordinates": [
          [
            [
              -77.00926984343195,
              38.90913877218055
            ],
            [
              -77.00812079721217,
              38.90915854899171
            ],
            [
              -77.00814614368427,
              38.910057775728326
            ],
            [
              -77.00929520438352,
              38.91003799828615
            ],
            [
              -77.00926984343195,
              38.90913877218055
            ]
          ]
        ]
      },
      "properties": {
        "tile_id": 1253
      }
    },
    {
      "type": "Feature",
      "geometry": {
        "type": "Polygon",
        "coordinates": [
          [
            [
              -77.00812079721217,
              38.90915854899171
            ],
            [
              -77.00697174986367,
              38.90917831450279
            ],
            [
              -77.00699708185624,
              38.91007754187006
            ],
            [
              -77.00814614368427,
              38.910057775728326
            ],
            [
              -77.00812079721217,
              38.90915854899171
            ]
          ]
        ]
      },
      "properties": {
        "tile_id": 1254
      }
    },
    {
      "type": "Feature",
      "geometry": {
        "type": "Polygon",
        "coordinates": [
          [
            [
              -77.00697174986367,
              38.90917831450279
            ],
            [
              -77.0058227013871,
              38.90919806871377
            ],
            [
              -77.00584801890011,
              38.91009729671132
            ],
            [
              -77.00699708185624,
              38.91007754187006
            ],
            [
              -77.00697174986367,
              38.90917831450279
            ]
          ]
        ]
      },
      "properties": {
        "tile_id": 1255
      }
    },
    {
      "type": "Feature",
      "geometry": {
        "type": "Polygon",
        "coordinates": [
          [
            [
              -77.0058227013871,
              38.90919806871377
            ],
            [
              -77.00467365178311,
              38.90921781162461
            ],
            [
              -77.00469895481648,
              38.91011704025209
            ],
            [
              -77.00584801890011,
              38.91009729671132
            ],
            [
              -77.0058227013871,
              38.90919806871377
            ]
          ]
        ]
      },
      "properties": {
        "tile_id": 1256
      }
    },
    {
      "type": "Feature",
      "geometry": {
        "type": "Polygon",
        "coordinates": [
          [
            [
              -77.00467365178311,
              38.90921781162461
            ],
            [
              -77.00352460105232,
              38.90923754323527
            ],
            [
              -77.003549889606,
              38.9101367724923
            ],
            [
              -77.00469895481648,
              38.91011704025209
            ],
            [
              -77.00467365178311,
              38.90921781162461
            ]
          ]
        ]
      },
      "properties": {
        "tile_id": 1257
      }
    },
    {
      "type": "Feature",
      "geometry": {
        "type": "Polygon",
        "coordinates": [
          [
            [
              -77.00352460105232,
              38.90923754323527
            ],
            [
              -77.00237554919539,
              38.90925726354572
            ],
            [
              -77.00240082326935,
              38.91015649343197
            ],
            [
              -77.003549889606,
              38.9101367724923
            ],
            [
              -77.00352460105232,
              38.90923754323527
            ]
          ]
        ]
      },
      "properties": {
        "tile_id": 1258
      }
    },
    {
      "type": "Feature",
      "geometry": {
        "type": "Polygon",
        "coordinates": [
          [
            [
              -77.00237554919539,
              38.90925726354572
            ],
            [
              -77.00122649621298,
              38.90927697255593
            ],
            [
              -77.00125175580715,
              38.910176203071025
            ],
            [
              -77.00240082326935,
              38.91015649343197
            ],
            [
              -77.00237554919539,
              38.90925726354572
            ]
          ]
        ]
      },
      "properties": {
        "tile_id": 1259
      }
    },
    {
      "type": "Feature",
      "geometry": {
        "type": "Polygon",
        "coordinates": [
          [
            [
              -77.00122649621298,
              38.90927697255593
            ],
            [
              -77.0000774421057,
              38.90929667026586
            ],
            [
              -77.00010268722002,
              38.910195901409445
            ],
            [
              -77.00125175580715,
              38.910176203071025
            ],
            [
              -77.00122649621298,
              38.90927697255593
            ]
          ]
        ]
      },
      "properties": {
        "tile_id": 1260
      }
    },
    {
      "type": "Feature",
      "geometry": {
        "type": "Polygon",
        "coordinates": [
          [
            [
              -77.0000774421057,
              38.90929667026586
            ],
            [
              -76.99892838687423,
              38.90931635667548
            ],
            [
              -76.99895361750865,
              38.91021558844719
            ],
            [
              -77.00010268722002,
              38.910195901409445
            ],
            [
              -77.0000774421057,
              38.90929667026586
            ]
          ]
        ]
      },
      "properties": {
        "tile_id": 1261
      }
    },
    {
      "type": "Feature",
      "geometry": {
        "type": "Polygon",
        "coordinates": [
          [
            [
              -76.99892838687423,
              38.90931635667548
            ],
            [
              -76.99777933051918,
              38.90933603178477
            ],
            [
              -76.99780454667365,
              38.910235264184244
            ],
            [
              -76.99895361750865,
              38.91021558844719
            ],
            [
              -76.99892838687423,
              38.90931635667548
            ]
          ]
        ]
      },
      "properties": {
        "tile_id": 1262
      }
    },
    {
      "type": "Feature",
      "geometry": {
        "type": "Polygon",
        "coordinates": [
          [
            [
              -76.99777933051918,
              38.90933603178477
            ],
            [
              -76.9966302730412,
              38.90935569559368
            ],
            [
              -76.99665547471567,
              38.910254928620546
            ],
            [
              -76.99780454667365,
              38.910235264184244
            ],
            [
              -76.99777933051918,
              38.90933603178477
            ]
          ]
        ]
      },
      "properties": {
        "tile_id": 1263
      }
    },
    {
      "type": "Feature",
      "geometry": {
        "type": "Polygon",
        "coordinates": [
          [
            [
              -76.99663027304122,
              38.90935569559368
            ],
            [
              -76.99548121444097,
              38.90937534810218
            ],
            [
              -76.99550640163535,
              38.9102745817561
            ],
            [
              -76.99665547471567,
              38.910254928620546
            ],
            [
              -76.99663027304122,
              38.90935569559368
            ]
          ]
        ]
      },
      "properties": {
        "tile_id": 1264
      }
    },
    {
      "type": "Feature",
      "geometry": {
        "type": "Polygon",
        "coordinates": [
          [
            [
              -76.99548121444097,
              38.90937534810218
            ],
            [
              -76.9943321547191,
              38.90939498931023
            ],
            [
              -76.99435732743336,
              38.91029422359084
            ],
            [
              -76.99550640163535,
              38.9102745817561
            ],
            [
              -76.99548121444097,
              38.90937534810218
            ]
          ]
        ]
      },
      "properties": {
        "tile_id": 1265
      }
    },
    {
      "type": "Feature",
      "geometry": {
        "type": "Polygon",
        "coordinates": [
          [
            [
              -76.9943321547191,
              38.90939498931023
            ],
            [
              -76.99318309387623,
              38.90941461921781
            ],
            [
              -76.99320825211032,
              38.910313854124745
            ],
            [
              -76.99435732743336,
              38.91029422359084
            ],
            [
              -76.9943321547191,
              38.90939498931023
            ]
          ]
        ]
      },
      "properties": {
        "tile_id": 1266
      }
    },
    {
      "type": "Feature",
      "geometry": {
        "type": "Polygon",
        "coordinates": [
          [
            [
              -76.99318309387623,
              38.90941461921781
            ],
            [
              -76.99203403191302,
              38.90943423782488
            ],
            [
              -76.9920591756669,
              38.910333473357774
            ],
            [
              -76.99320825211032,
              38.910313854124745
            ],
            [
              -76.99318309387623,
              38.90941461921781
            ]
          ]
        ]
      },
      "properties": {
        "tile_id": 1267
      }
    },
    {
      "type": "Feature",
      "geometry": {
        "type": "Polygon",
        "coordinates": [
          [
            [
              -77.02997810321604,
              38.90968007199071
            ],
            [
              -77.02882906294478,
              38.90970005283499
            ],
            [
              -77.02885467118281,
              38.91059926800528
            ],
            [
              -77.03000372593318,
              38.910579286523486
            ],
            [
              -77.02997810321604,
              38.90968007199071
            ]
          ]
        ]
      },
      "properties": {
        "tile_id": 1268
      }
    },
    {
      "type": "Feature",
      "geometry": {
        "type": "Polygon",
        "coordinates": [
          [
            [
              -77.02882906294478,
              38.90970005283499
            ],
            [
              -77.02768002153316,
              38.90972002237945
            ],
            [
              -77.02770561529204,
              38.910619238186875
            ],
            [
              -77.02885467118281,
              38.91059926800528
            ],
            [
              -77.02882906294478,
              38.90970005283499
            ]
          ]
        ]
      },
      "properties": {
        "tile_id": 1269
      }
    },
    {
      "type": "Feature",
      "geometry": {
        "type": "Polygon",
        "coordinates": [
          [
            [
              -77.02768002153316,
              38.90972002237945
            ],
            [
              -77.02653097898181,
              38.90973998062404
            ],
            [
              -77.02655655826146,
              38.91063919706826
            ],
            [
              -77.02770561529204,
              38.910619238186875
            ],
            [
              -77.02768002153316,
              38.90972002237945
            ]
          ]
        ]
      },
      "properties": {
        "tile_id": 1270
      }
    },
    {
      "type": "Feature",
      "geometry": {
        "type": "Polygon",
        "coordinates": [
          [
            [
              -77.02653097898181,
              38.90973998062404
            ],
            [
              -77.0253819352914,
              38.909759927568736
            ],
            [
              -77.02540750009176,
              38.91065914464937
            ],
            [
              -77.02655655826146,
              38.91063919706826
            ],
            [
              -77.02653097898181,
              38.90973998062404
            ]
          ]
        ]
      },
      "properties": {
        "tile_id": 1271
      }
    },
    {
      "type": "Feature",
      "geometry": {
        "type": "Polygon",
        "coordinates": [
          [
            [
              -77.0253819352914,
              38.909759927568736
            ],
            [
              -77.02423289046256,
              38.909779863213494
            ],
            [
              -77.0242584407836,
              38.910679080930194
            ],
            [
              -77.02540750009176,
              38.91065914464937
            ],
            [
              -77.0253819352914,
              38.909759927568736
            ]
          ]
        ]
      },
      "properties": {
        "tile_id": 1272
      }
    },
    {
      "type": "Feature",
      "geometry": {
        "type": "Polygon",
        "coordinates": [
          [
            [
              -77.02423289046256,
              38.909779863213494
            ],
            [
              -77.02308384449594,
              38.90979978755828
            ],
            [
              -77.02310938033759,
              38.91069900591069
            ],
            [
              -77.0242584407836,
              38.910679080930194
            ],
            [
              -77.02423289046256,
              38.909779863213494
            ]
          ]
        ]
      },
      "properties": {
        "tile_id": 1273
      }
    },
    {
      "type": "Feature",
      "geometry": {
        "type": "Polygon",
        "coordinates": [
          [
            [
              -77.02308384449594,
              38.90979978755828
            ],
            [
              -77.02193479739216,
              38.90981970060307
            ],
            [
              -77.02196031875435,
              38.91071891959082
            ],
            [
              -77.02310938033759,
              38.91069900591069
            ],
            [
              -77.02308384449594,
              38.90979978755828
            ]
          ]
        ]
      },
      "properties": {
        "tile_id": 1274
      }
    },
    {
      "type": "Feature",
      "geometry": {
        "type": "Polygon",
        "coordinates": [
          [
            [
              -77.02193479739216,
              38.90981970060307
            ],
            [
              -77.0207857491519,
              38.90983960234783
            ],
            [
              -77.02081125603459,
              38.91073882197057
            ],
            [
              -77.02196031875435,
              38.91071891959082
            ],
            [
              -77.02193479739216,
              38.90981970060307
            ]
          ]
        ]
      },
      "properties": {
        "tile_id": 1275
      }
    },
    {
      "type": "Feature",
      "geometry": {
        "type": "Polygon",
        "coordinates": [
          [
            [
              -77.0207857491519,
              38.90983960234783
            ],
            [
              -77.01963669977579,
              38.90985949279251
            ],
            [
              -77.01966219217891,
              38.91075871304988
            ],
            [
              -77.02081125603459,
              38.91073882197057
            ],
            [
              -77.0207857491519,
              38.90983960234783
            ]
          ]
        ]
      },
      "properties": {
        "tile_id": 1276
      }
    },
    {
      "type": "Feature",
      "geometry": {
        "type": "Polygon",
        "coordinates": [
          [
            [
              -77.01963669977579,
              38.90985949279251
            ],
            [
              -77.01848764926446,
              38.90987937193711
            ],
            [
              -77.01851312718797,
              38.91077859282874
            ],
            [
              -77.01966219217891,
              38.91075871304988
            ],
            [
              -77.01963669977579,
              38.90985949279251
            ]
          ]
        ]
      },
      "properties": {
        "tile_id": 1277
      }
    },
    {
      "type": "Feature",
      "geometry": {
        "type": "Polygon",
        "coordinates": [
          [
            [
              -77.01848764926446,
              38.90987937193711
            ],
            [
              -77.01733859761856,
              38.90989923978156
            ],
            [
              -77.01736406106241,
              38.9107984613071
            ],
            [
              -77.01851312718797,
              38.91077859282874
            ],
            [
              -77.01848764926446,
              38.90987937193711
            ]
          ]
        ]
      },
      "properties": {
        "tile_id": 1278
      }
    },
    {
      "type": "Feature",
      "geometry": {
        "type": "Polygon",
        "coordinates": [
          [
            [
              -77.01733859761856,
              38.90989923978156
            ],
            [
              -77.01618954483874,
              38.909919096325844
            ],
            [
              -77.01621499380286,
              38.91081831848492
            ],
            [
              -77.01736406106241,
              38.9107984613071
            ],
            [
              -77.01733859761856,
              38.90989923978156
            ]
          ]
        ]
      },
      "properties": {
        "tile_id": 1279
      }
    },
    {
      "type": "Feature",
      "geometry": {
        "type": "Polygon",
        "coordinates": [
          [
            [
              -77.01618954483874,
              38.909919096325844
            ],
            [
              -77.01504049092564,
              38.909938941569926
            ],
            [
              -77.01506592540998,
              38.91083816436219
            ],
            [
              -77.01621499380286,
              38.91081831848492
            ],
            [
              -77.01618954483874,
              38.909919096325844
            ]
          ]
        ]
      },
      "properties": {
        "tile_id": 1280
      }
    },
    {
      "type": "Feature",
      "geometry": {
        "type": "Polygon",
        "coordinates": [
          [
            [
              -77.01504049092564,
              38.909938941569926
            ],
            [
              -77.0138914358799,
              38.90995877551378
            ],
            [
              -77.01391685588442,
              38.910857998938866
            ],
            [
              -77.01506592540998,
              38.91083816436219
            ],
            [
              -77.01504049092564,
              38.909938941569926
            ]
          ]
        ]
      },
      "properties": {
        "tile_id": 1281
      }
    },
    {
      "type": "Feature",
      "geometry": {
        "type": "Polygon",
        "coordinates": [
          [
            [
              -77.0138914358799,
              38.90995877551378
            ],
            [
              -77.01274237970219,
              38.90997859815735
            ],
            [
              -77.01276778522683,
              38.91087782221491
            ],
            [
              -77.01391685588443,
              38.910857998938866
            ],
            [
              -77.0138914358799,
              38.90995877551378
            ]
          ]
        ]
      },
      "properties": {
        "tile_id": 1282
      }
    },
    {
      "type": "Feature",
      "geometry": {
        "type": "Polygon",
        "coordinates": [
          [
            [
              -77.01274237970219,
              38.90997859815735
            ],
            [
              -77.01159332239311,
              38.90999840950064
            ],
            [
              -77.01161871343781,
              38.91089763419029
            ],
            [
              -77.01276778522683,
              38.91087782221491
            ],
            [
              -77.01274237970219,
              38.90997859815735
            ]
          ]
        ]
      },
      "properties": {
        "tile_id": 1283
      }
    },
    {
      "type": "Feature",
      "geometry": {
        "type": "Polygon",
        "coordinates": [
          [
            [
              -77.01159332239311,
              38.90999840950064
            ],
            [
              -77.01044426395333,
              38.91001820954358
            ],
            [
              -77.01046964051802,
              38.91091743486498
            ],
            [
              -77.01161871343781,
              38.91089763419029
            ],
            [
              -77.01159332239311,
              38.90999840950064
            ]
          ]
        ]
      },
      "properties": {
        "tile_id": 1284
      }
    },
    {
      "type": "Feature",
      "geometry": {
        "type": "Polygon",
        "coordinates": [
          [
            [
              -77.01044426395335,
              38.91001820954358
            ],
            [
              -77.00929520438352,
              38.91003799828615
            ],
            [
              -77.00932056646815,
              38.910937224238936
            ],
            [
              -77.01046964051802,
              38.91091743486498
            ],
            [
              -77.01044426395335,
              38.91001820954358
            ]
          ]
        ]
      },
      "properties": {
        "tile_id": 1285
      }
    },
    {
      "type": "Feature",
      "geometry": {
        "type": "Polygon",
        "coordinates": [
          [
            [
              -77.00929520438352,
              38.91003799828615
            ],
            [
              -77.00814614368427,
              38.910057775728326
            ],
            [
              -77.00817149128879,
              38.910957002312124
            ],
            [
              -77.00932056646815,
              38.910937224238936
            ],
            [
              -77.00929520438352,
              38.91003799828615
            ]
          ]
        ]
      },
      "properties": {
        "tile_id": 1286
      }
    },
    {
      "type": "Feature",
      "geometry": {
        "type": "Polygon",
        "coordinates": [
          [
            [
              -77.00814614368427,
              38.910057775728326
            ],
            [
              -77.00699708185624,
              38.91007754187006
            ],
            [
              -77.00702241498063,
              38.91097676908452
            ],
            [
              -77.00817149128879,
              38.910957002312124
            ],
            [
              -77.00814614368427,
              38.910057775728326
            ]
          ]
        ]
      },
      "properties": {
        "tile_id": 1287
      }
    },
    {
      "type": "Feature",
      "geometry": {
        "type": "Polygon",
        "coordinates": [
          [
            [
              -77.00699708185624,
              38.91007754187006
            ],
            [
              -77.00584801890011,
              38.91009729671132
            ],
            [
              -77.00587333754426,
              38.91099652455609
            ],
            [
              -77.00702241498063,
              38.91097676908452
            ],
            [
              -77.00699708185624,
              38.91007754187006
            ]
          ]
        ]
      },
      "properties": {
        "tile_id": 1288
      }
    },
    {
      "type": "Feature",
      "geometry": {
        "type": "Polygon",
        "coordinates": [
          [
            [
              -77.00584801890011,
              38.91009729671132
            ],
            [
              -77.00469895481648,
              38.91011704025209
            ],
            [
              -77.00472425898036,
              38.9110162687268
            ],
            [
              -77.00587333754426,
              38.91099652455609
            ],
            [
              -77.00584801890011,
              38.91009729671132
            ]
          ]
        ]
      },
      "properties": {
        "tile_id": 1289
      }
    },
    {
      "type": "Feature",
      "geometry": {
        "type": "Polygon",
        "coordinates": [
          [
            [
              -77.00469895481648,
              38.91011704025209
            ],
            [
              -77.003549889606,
              38.9101367724923
            ],
            [
              -77.00357517928957,
              38.91103600159661
            ],
            [
              -77.00472425898036,
              38.9110162687268
            ],
            [
              -77.00469895481648,
              38.91011704025209
            ]
          ]
        ]
      },
      "properties": {
        "tile_id": 1290
      }
    },
    {
      "type": "Feature",
      "geometry": {
        "type": "Polygon",
        "coordinates": [
          [
            [
              -77.003549889606,
              38.9101367724923
            ],
            [
              -77.00240082326935,
              38.91015649343197
            ],
            [
              -77.00242609847253,
              38.9110557231655
            ],
            [
              -77.00357517928957,
              38.91103600159661
            ],
            [
              -77.003549889606,
              38.9101367724923
            ]
          ]
        ]
      },
      "properties": {
        "tile_id": 1291
      }
    },
    {
      "type": "Feature",
      "geometry": {
        "type": "Polygon",
        "coordinates": [
          [
            [
              -77.00240082326935,
              38.91015649343197
            ],
            [
              -77.00125175580715,
              38.910176203071025
            ],
            [
              -77.00127701652987,
              38.9110754334334
            ],
            [
              -77.00242609847253,
              38.9110557231655
            ],
            [
              -77.00240082326935,
              38.91015649343197
            ]
          ]
        ]
      },
      "properties": {
        "tile_id": 1292
      }
    },
    {
      "type": "Feature",
      "geometry": {
        "type": "Polygon",
        "coordinates": [
          [
            [
              -77.00125175580715,
              38.910176203071025
            ],
            [
              -77.00010268722002,
              38.910195901409445
            ],
            [
              -77.00012793346227,
              38.91109513240032
            ],
            [
              -77.00127701652987,
              38.9110754334334
            ],
            [
              -77.00125175580715,
              38.910176203071025
            ]
          ]
        ]
      },
      "properties": {
        "tile_id": 1293
      }
    },
    {
      "type": "Feature",
      "geometry": {
        "type": "Polygon",
        "coordinates": [
          [
            [
              -77.00010268722002,
              38.910195901409445
            ],
            [
              -76.99895361750865,
              38.91021558844719
            ],
            [
              -76.99897884927033,
              38.91111482006622
            ],
            [
              -77.00012793346227,
              38.91109513240032
            ],
            [
              -77.00010268722002,
              38.910195901409445
            ]
          ]
        ]
      },
      "properties": {
        "tile_id": 1294
      }
    },
    {
      "type": "Feature",
      "geometry": {
        "type": "Polygon",
        "coordinates": [
          [
            [
              -76.99895361750865,
              38.91021558844719
            ],
            [
              -76.99780454667365,
              38.910235264184244
            ],
            [
              -76.99782976395473,
              38.911134496431046
            ],
            [
              -76.99897884927033,
              38.91111482006622
            ],
            [
              -76.99895361750865,
              38.91021558844719
            ]
          ]
        ]
      },
      "properties": {
        "tile_id": 1295
      }
    },
    {
      "type": "Feature",
      "geometry": {
        "type": "Polygon",
        "coordinates": [
          [
            [
              -76.99780454667365,
              38.910235264184244
            ],
            [
              -76.99665547471567,
              38.910254928620546
            ],
            [
              -76.9966806775161,
              38.91115416149478
            ],
            [
              -76.99782976395473,
              38.911134496431046
            ],
            [
              -76.99780454667365,
              38.910235264184244
            ]
          ]
        ]
      },
      "properties": {
        "tile_id": 1296
      }
    },
    {
      "type": "Feature",
      "geometry": {
        "type": "Polygon",
        "coordinates": [
          [
            [
              -76.99665547471567,
              38.910254928620546
            ],
            [
              -76.99550640163535,
              38.9102745817561
            ],
            [
              -76.99553158995508,
              38.91117381525738
            ],
            [
              -76.9966806775161,
              38.91115416149478
            ],
            [
              -76.99665547471567,
              38.910254928620546
            ]
          ]
        ]
      },
      "properties": {
        "tile_id": 1297
      }
    },
    {
      "type": "Feature",
      "geometry": {
        "type": "Polygon",
        "coordinates": [
          [
            [
              -76.99550640163535,
              38.9102745817561
            ],
            [
              -76.99435732743336,
              38.91029422359084
            ],
            [
              -76.99438250127231,
              38.911193457718824
            ],
            [
              -76.99553158995508,
              38.91117381525738
            ],
            [
              -76.99550640163535,
              38.9102745817561
            ]
          ]
        ]
      },
      "properties": {
        "tile_id": 1298
      }
    },
    {
      "type": "Feature",
      "geometry": {
        "type": "Polygon",
        "coordinates": [
          [
            [
              -76.99435732743336,
              38.91029422359084
            ],
            [
              -76.99320825211032,
              38.910313854124745
            ],
            [
              -76.99323341146845,
              38.91121308887907
            ],
            [
              -76.99438250127231,
              38.911193457718824
            ],
            [
              -76.99435732743336,
              38.91029422359084
            ]
          ]
        ]
      },
      "properties": {
        "tile_id": 1299
      }
    },
    {
      "type": "Feature",
      "geometry": {
        "type": "Polygon",
        "coordinates": [
          [
            [
              -76.99320825211032,
              38.910313854124745
            ],
            [
              -76.9920591756669,
              38.910333473357774
            ],
            [
              -76.99208432054414,
              38.91123270873808
            ],
            [
              -76.99323341146845,
              38.91121308887907
            ],
            [
              -76.99320825211032,
              38.910313854124745
            ]
          ]
        ]
      },
      "properties": {
        "tile_id": 1300
      }
    },
    {
      "type": "Feature",
      "geometry": {
        "type": "Polygon",
        "coordinates": [
          [
            [
              -77.03000372593318,
              38.910579286523486
            ],
            [
              -77.02885467118281,
              38.91059926800528
            ],
            [
              -77.02888028056498,
              38.91149848302246
            ],
            [
              -77.0300293497951,
              38.911478500903144
            ],
            [
              -77.03000372593318,
              38.910579286523486
            ]
          ]
        ]
      },
      "properties": {
        "tile_id": 1301
      }
    },
    {
      "type": "Feature",
      "geometry": {
        "type": "Polygon",
        "coordinates": [
          [
            [
              -77.02885467118281,
              38.91059926800528
            ],
            [
              -77.02770561529204,
              38.910619238186875
            ],
            [
              -77.02773121019437,
              38.911518453841225
            ],
            [
              -77.02888028056498,
              38.91149848302246
            ],
            [
              -77.02885467118281,
              38.91059926800528
            ]
          ]
        ]
      },
      "properties": {
        "tile_id": 1302
      }
    },
    {
      "type": "Feature",
      "geometry": {
        "type": "Polygon",
        "coordinates": [
          [
            [
              -77.02770561529204,
              38.910619238186875
            ],
            [
              -77.02655655826146,
              38.91063919706826
            ],
            [
              -77.02658213868393,
              38.91153841335941
            ],
            [
              -77.02773121019437,
              38.911518453841225
            ],
            [
              -77.02770561529204,
              38.910619238186875
            ]
          ]
        ]
      },
      "properties": {
        "tile_id": 1303
      }
    },
    {
      "type": "Feature",
      "geometry": {
        "type": "Polygon",
        "coordinates": [
          [
            [
              -77.02655655826146,
              38.91063919706826
            ],
            [
              -77.02540750009176,
              38.91065914464937
            ],
            [
              -77.02543306603432,
              38.91155836157696
            ],
            [
              -77.02658213868393,
              38.91153841335941
            ],
            [
              -77.02655655826146,
              38.91063919706826
            ]
          ]
        ]
      },
      "properties": {
        "tile_id": 1304
      }
    },
    {
      "type": "Feature",
      "geometry": {
        "type": "Polygon",
        "coordinates": [
          [
            [
              -77.02540750009176,
              38.91065914464937
            ],
            [
              -77.0242584407836,
              38.910679080930194
            ],
            [
              -77.02428399224617,
              38.911578298493865
            ],
            [
              -77.02543306603432,
              38.91155836157696
            ],
            [
              -77.02540750009176,
              38.91065914464937
            ]
          ]
        ]
      },
      "properties": {
        "tile_id": 1305
      }
    },
    {
      "type": "Feature",
      "geometry": {
        "type": "Polygon",
        "coordinates": [
          [
            [
              -77.0242584407836,
              38.910679080930194
            ],
            [
              -77.02310938033759,
              38.91069900591069
            ],
            [
              -77.0231349173201,
              38.91159822411008
            ],
            [
              -77.02428399224617,
              38.911578298493865
            ],
            [
              -77.0242584407836,
              38.910679080930194
            ]
          ]
        ]
      },
      "properties": {
        "tile_id": 1306
      }
    },
    {
      "type": "Feature",
      "geometry": {
        "type": "Polygon",
        "coordinates": [
          [
            [
              -77.02310938033759,
              38.91069900591069
            ],
            [
              -77.02196031875435,
              38.91071891959082
            ],
            [
              -77.0219858412568,
              38.91161813842558
            ],
            [
              -77.0231349173201,
              38.91159822411008
            ],
            [
              -77.02310938033759,
              38.91069900591069
            ]
          ]
        ]
      },
      "properties": {
        "tile_id": 1307
      }
    },
    {
      "type": "Feature",
      "geometry": {
        "type": "Polygon",
        "coordinates": [
          [
            [
              -77.02196031875435,
              38.91071891959082
            ],
            [
              -77.02081125603459,
              38.91073882197057
            ],
            [
              -77.02083676405688,
              38.91163804144032
            ],
            [
              -77.0219858412568,
              38.91161813842558
            ],
            [
              -77.02196031875435,
              38.91071891959082
            ]
          ]
        ]
      },
      "properties": {
        "tile_id": 1308
      }
    },
    {
      "type": "Feature",
      "geometry": {
        "type": "Polygon",
        "coordinates": [
          [
            [
              -77.02081125603459,
              38.91073882197057
            ],
            [
              -77.01966219217891,
              38.91075871304988
            ],
            [
              -77.019687685721,
              38.911657933154274
            ],
            [
              -77.02083676405688,
              38.91163804144032
            ],
            [
              -77.02081125603459,
              38.91073882197057
            ]
          ]
        ]
      },
      "properties": {
        "tile_id": 1309
      }
    },
    {
      "type": "Feature",
      "geometry": {
        "type": "Polygon",
        "coordinates": [
          [
            [
              -77.01966219217891,
              38.91075871304988
            ],
            [
              -77.01851312718797,
              38.91077859282874
            ],
            [
              -77.0185386062498,
              38.911677813567415
            ],
            [
              -77.019687685721,
              38.911657933154274
            ],
            [
              -77.01966219217891,
              38.91075871304988
            ]
          ]
        ]
      },
      "properties": {
        "tile_id": 1310
      }
    },
    {
      "type": "Feature",
      "geometry": {
        "type": "Polygon",
        "coordinates": [
          [
            [
              -77.01851312718797,
              38.91077859282874
            ],
            [
              -77.01736406106241,
              38.9107984613071
            ],
            [
              -77.01738952564392,
              38.911697682679694
            ],
            [
              -77.0185386062498,
              38.911677813567415
            ],
            [
              -77.01851312718797,
              38.91077859282874
            ]
          ]
        ]
      },
      "properties": {
        "tile_id": 1311
      }
    },
    {
      "type": "Feature",
      "geometry": {
        "type": "Polygon",
        "coordinates": [
          [
            [
              -77.01736406106241,
              38.9107984613071
            ],
            [
              -77.01621499380286,
              38.91081831848492
            ],
            [
              -77.01624044390401,
              38.91171754049108
            ],
            [
              -77.01738952564392,
              38.911697682679694
            ],
            [
              -77.01736406106241,
              38.9107984613071
            ]
          ]
        ]
      },
      "properties": {
        "tile_id": 1312
      }
    },
    {
      "type": "Feature",
      "geometry": {
        "type": "Polygon",
        "coordinates": [
          [
            [
              -77.01621499380286,
              38.91081831848492
            ],
            [
              -77.01506592540998,
              38.91083816436219
            ],
            [
              -77.01509136103071,
              38.911737387001544
            ],
            [
              -77.01624044390401,
              38.91171754049108
            ],
            [
              -77.01621499380286,
              38.91081831848492
            ]
          ]
        ]
      },
      "properties": {
        "tile_id": 1313
      }
    },
    {
      "type": "Feature",
      "geometry": {
        "type": "Polygon",
        "coordinates": [
          [
            [
              -77.01506592540998,
              38.91083816436219
            ],
            [
              -77.01391685588442,
              38.910857998938866
            ],
            [
              -77.01394227702467,
              38.91175722221106
            ],
            [
              -77.01509136103071,
              38.911737387001544
            ],
            [
              -77.01506592540998,
              38.91083816436219
            ]
          ]
        ]
      },
      "properties": {
        "tile_id": 1314
      }
    },
    {
      "type": "Feature",
      "geometry": {
        "type": "Polygon",
        "coordinates": [
          [
            [
              -77.01391685588443,
              38.910857998938866
            ],
            [
              -77.01276778522683,
              38.91087782221491
            ],
            [
              -77.01279319188652,
              38.911777046119596
            ],
            [
              -77.01394227702467,
              38.91175722221106
            ],
            [
              -77.01391685588443,
              38.910857998938866
            ]
          ]
        ]
      },
      "properties": {
        "tile_id": 1315
      }
    },
    {
      "type": "Feature",
      "geometry": {
        "type": "Polygon",
        "coordinates": [
          [
            [
              -77.01276778522683,
              38.91087782221491
            ],
            [
              -77.01161871343781,
              38.91089763419029
            ],
            [
              -77.01164410561692,
              38.91179685872709
            ],
            [
              -77.01279319188652,
              38.911777046119596
            ],
            [
              -77.01276778522683,
              38.91087782221491
            ]
          ]
        ]
      },
      "properties": {
        "tile_id": 1316
      }
    },
    {
      "type": "Feature",
      "geometry": {
        "type": "Polygon",
        "coordinates": [
          [
            [
              -77.01161871343781,
              38.91089763419029
            ],
            [
              -77.01046964051802,
              38.91091743486498
            ],
            [
              -77.01049501821652,
              38.91181666003353
            ],
            [
              -77.01164410561692,
              38.91179685872709
            ],
            [
              -77.01161871343781,
              38.91089763419029
            ]
          ]
        ]
      },
      "properties": {
        "tile_id": 1317
      }
    },
    {
      "type": "Feature",
      "geometry": {
        "type": "Polygon",
        "coordinates": [
          [
            [
              -77.01046964051802,
              38.91091743486498
            ],
            [
              -77.00932056646815,
              38.910937224238936
            ],
            [
              -77.00934592968594,
              38.91183645003889
            ],
            [
              -77.01049501821652,
              38.91181666003353
            ],
            [
              -77.01046964051802,
              38.91091743486498
            ]
          ]
        ]
      },
      "properties": {
        "tile_id": 1318
      }
    },
    {
      "type": "Feature",
      "geometry": {
        "type": "Polygon",
        "coordinates": [
          [
            [
              -77.00932056646815,
              38.910937224238936
            ],
            [
              -77.00817149128879,
              38.910957002312124
            ],
            [
              -77.00819684002582,
              38.911856228743126
            ],
            [
              -77.00934592968594,
              38.91183645003889
            ],
            [
              -77.00932056646815,
              38.910937224238936
            ]
          ]
        ]
      },
      "properties": {
        "tile_id": 1319
      }
    },
    {
      "type": "Feature",
      "geometry": {
        "type": "Polygon",
        "coordinates": [
          [
            [
              -77.00817149128879,
              38.910957002312124
            ],
            [
              -77.00702241498063,
              38.91097676908452
            ],
            [
              -77.00704774923682,
              38.9118759961462
            ],
            [
              -77.00819684002582,
              38.911856228743126
            ],
            [
              -77.00817149128879,
              38.910957002312124
            ]
          ]
        ]
      },
      "properties": {
        "tile_id": 1320
      }
    },
    {
      "type": "Feature",
      "geometry": {
        "type": "Polygon",
        "coordinates": [
          [
            [
              -77.00702241498063,
              38.91097676908452
            ],
            [
              -77.00587333754426,
              38.91099652455609
            ],
            [
              -77.0058986573196,
              38.911895752248086
            ],
            [
              -77.00704774923682,
              38.9118759961462
            ],
            [
              -77.00702241498063,
              38.91097676908452
            ]
          ]
        ]
      },
      "properties": {
        "tile_id": 1321
      }
    },
    {
      "type": "Feature",
      "geometry": {
        "type": "Polygon",
        "coordinates": [
          [
            [
              -77.00587333754426,
              38.91099652455609
            ],
            [
              -77.00472425898036,
              38.9110162687268
            ],
            [
              -77.00474956427477,
              38.911915497048746
            ],
            [
              -77.0058986573196,
              38.911895752248086
            ],
            [
              -77.00587333754426,
              38.91099652455609
            ]
          ]
        ]
      },
      "properties": {
        "tile_id": 1322
      }
    },
    {
      "type": "Feature",
      "geometry": {
        "type": "Polygon",
        "coordinates": [
          [
            [
              -77.00472425898036,
              38.9110162687268
            ],
            [
              -77.00357517928957,
              38.91103600159661
            ],
            [
              -77.00360047010302,
              38.91193523054815
            ],
            [
              -77.00474956427477,
              38.911915497048746
            ],
            [
              -77.00472425898036,
              38.9110162687268
            ]
          ]
        ]
      },
      "properties": {
        "tile_id": 1323
      }
    },
    {
      "type": "Feature",
      "geometry": {
        "type": "Polygon",
        "coordinates": [
          [
            [
              -77.00357517928957,
              38.91103600159661
            ],
            [
              -77.00242609847253,
              38.9110557231655
            ],
            [
              -77.00245137480495,
              38.91195495274628
            ],
            [
              -77.00360047010302,
              38.91193523054815
            ],
            [
              -77.00357517928957,
              38.91103600159661
            ]
          ]
        ]
      },
      "properties": {
        "tile_id": 1324
      }
    },
    {
      "type": "Feature",
      "geometry": {
        "type": "Polygon",
        "coordinates": [
          [
            [
              -77.00242609847253,
              38.9110557231655
            ],
            [
              -77.00127701652987,
              38.9110754334334
            ],
            [
              -77.0013022783812,
              38.911974663643065
            ],
            [
              -77.00245137480495,
              38.91195495274628
            ],
            [
              -77.00242609847253,
              38.9110557231655
            ]
          ]
        ]
      },
      "properties": {
        "tile_id": 1325
      }
    },
    {
      "type": "Feature",
      "geometry": {
        "type": "Polygon",
        "coordinates": [
          [
            [
              -77.00127701652987,
              38.9110754334334
            ],
            [
              -77.00012793346227,
              38.91109513240032
            ],
            [
              -77.00015318083246,
              38.91199436323851
            ],
            [
              -77.0013022783812,
              38.911974663643065
            ],
            [
              -77.00127701652987,
              38.9110754334334
            ]
          ]
        ]
      },
      "properties": {
        "tile_id": 1326
      }
    },
    {
      "type": "Feature",
      "geometry": {
        "type": "Polygon",
        "coordinates": [
          [
            [
              -77.00012793346227,
              38.91109513240032
            ],
            [
              -76.99897884927033,
              38.91111482006622
            ],
            [
              -76.99900408215933,
              38.91201405153255
            ],
            [
              -77.00015318083246,
              38.91199436323851
            ],
            [
              -77.00012793346227,
              38.91109513240032
            ]
          ]
        ]
      },
      "properties": {
        "tile_id": 1327
      }
    },
    {
      "type": "Feature",
      "geometry": {
        "type": "Polygon",
        "coordinates": [
          [
            [
              -76.99897884927033,
              38.91111482006622
            ],
            [
              -76.99782976395473,
              38.911134496431046
            ],
            [
              -76.99785498236248,
              38.91203372852519
            ],
            [
              -76.99900408215933,
              38.91201405153255
            ],
            [
              -76.99897884927033,
              38.91111482006622
            ]
          ]
        ]
      },
      "properties": {
        "tile_id": 1328
      }
    },
    {
      "type": "Feature",
      "geometry": {
        "type": "Polygon",
        "coordinates": [
          [
            [
              -76.99782976395473,
              38.911134496431046
            ],
            [
              -76.9966806775161,
              38.91115416149478
            ],
            [
              -76.99670588144254,
              38.91205339421636
            ],
            [
              -76.99785498236248,
              38.91203372852519
            ],
            [
              -76.99782976395473,
              38.911134496431046
            ]
          ]
        ]
      },
      "properties": {
        "tile_id": 1329
      }
    },
    {
      "type": "Feature",
      "geometry": {
        "type": "Polygon",
        "coordinates": [
          [
            [
              -76.9966806775161,
              38.91115416149478
            ],
            [
              -76.99553158995508,
              38.91117381525738
            ],
            [
              -76.99555677940018,
              38.912073048606025
            ],
            [
              -76.99670588144254,
              38.91205339421636
            ],
            [
              -76.9966806775161,
              38.91115416149478
            ]
          ]
        ]
      },
      "properties": {
        "tile_id": 1330
      }
    },
    {
      "type": "Feature",
      "geometry": {
        "type": "Polygon",
        "coordinates": [
          [
            [
              -76.99553158995508,
              38.91117381525738
            ],
            [
              -76.99438250127231,
              38.911193457718824
            ],
            [
              -76.994407676236,
              38.91209269169419
            ],
            [
              -76.99555677940018,
              38.912073048606025
            ],
            [
              -76.99553158995508,
              38.91117381525738
            ]
          ]
        ]
      },
      "properties": {
        "tile_id": 1331
      }
    },
    {
      "type": "Feature",
      "geometry": {
        "type": "Polygon",
        "coordinates": [
          [
            [
              -76.99438250127231,
              38.911193457718824
            ],
            [
              -76.99323341146845,
              38.91121308887907
            ],
            [
              -76.99325857195066,
              38.91211232348079
            ],
            [
              -76.994407676236,
              38.91209269169419
            ],
            [
              -76.99438250127231,
              38.911193457718824
            ]
          ]
        ]
      },
      "properties": {
        "tile_id": 1332
      }
    },
    {
      "type": "Feature",
      "geometry": {
        "type": "Polygon",
        "coordinates": [
          [
            [
              -76.99323341146845,
              38.91121308887907
            ],
            [
              -76.99208432054414,
              38.91123270873808
            ],
            [
              -76.99210946654483,
              38.912131943965804
            ],
            [
              -76.99325857195066,
              38.91211232348079
            ],
            [
              -76.99323341146845,
              38.91121308887907
            ]
          ]
        ]
      },
      "properties": {
        "tile_id": 1333
      }
    },
    {
      "type": "Feature",
      "geometry": {
        "type": "Polygon",
        "coordinates": [
          [
            [
              -77.0300293497951,
              38.911478500903144
            ],
            [
              -77.02888028056498,
              38.91149848302246
            ],
            [
              -77.02890589109131,
              38.91239769788654
            ],
            [
              -77.03005497480184,
              38.91237771512969
            ],
            [
              -77.0300293497951,
              38.911478500903144
            ]
          ]
        ]
      },
      "properties": {
        "tile_id": 1334
      }
    },
    {
      "type": "Feature",
      "geometry": {
        "type": "Polygon",
        "coordinates": [
          [
            [
              -77.02888028056498,
              38.91149848302246
            ],
            [
              -77.02773121019437,
              38.911518453841225
            ],
            [
              -77.02775680624025,
              38.91241766934248
            ],
            [
              -77.02890589109131,
              38.91239769788654
            ],
            [
              -77.02888028056498,
              38.91149848302246
            ]
          ]
        ]
      },
      "properties": {
        "tile_id": 1335
      }
    },
    {
      "type": "Feature",
      "geometry": {
        "type": "Polygon",
        "coordinates": [
          [
            [
              -77.02773121019437,
              38.911518453841225
            ],
            [
              -77.02658213868393,
              38.91153841335941
            ],
            [
              -77.02660772024929,
              38.912437629497475
            ],
            [
              -77.02775680624025,
              38.91241766934248
            ],
            [
              -77.02773121019437,
              38.911518453841225
            ]
          ]
        ]
      },
      "properties": {
        "tile_id": 1336
      }
    },
    {
      "type": "Feature",
      "geometry": {
        "type": "Polygon",
        "coordinates": [
          [
            [
              -77.02658213868393,
              38.91153841335941
            ],
            [
              -77.02543306603432,
              38.91155836157696
            ],
            [
              -77.0254586331191,
              38.9124575783515
            ],
            [
              -77.02660772024929,
              38.912437629497475
            ],
            [
              -77.02658213868393,
              38.91153841335941
            ]
          ]
        ]
      },
      "properties": {
        "tile_id": 1337
      }
    },
    {
      "type": "Feature",
      "geometry": {
        "type": "Polygon",
        "coordinates": [
          [
            [
              -77.02543306603432,
              38.91155836157696
            ],
            [
              -77.02428399224617,
              38.911578298493865
            ],
            [
              -77.02430954485033,
              38.9124775159045
            ],
            [
              -77.0254586331191,
              38.9124575783515
            ],
            [
              -77.02543306603432,
              38.91155836157696
            ]
          ]
        ]
      },
      "properties": {
        "tile_id": 1338
      }
    },
    {
      "type": "Feature",
      "geometry": {
        "type": "Polygon",
        "coordinates": [
          [
            [
              -77.02428399224617,
              38.911578298493865
            ],
            [
              -77.0231349173201,
              38.91159822411008
            ],
            [
              -77.02316045544357,
              38.91249744215646
            ],
            [
              -77.02430954485033,
              38.9124775159045
            ],
            [
              -77.02428399224617,
              38.911578298493865
            ]
          ]
        ]
      },
      "properties": {
        "tile_id": 1339
      }
    },
    {
      "type": "Feature",
      "geometry": {
        "type": "Polygon",
        "coordinates": [
          [
            [
              -77.0231349173201,
              38.91159822411008
            ],
            [
              -77.0219858412568,
              38.91161813842558
            ],
            [
              -77.02201136489954,
              38.91251735710733
            ],
            [
              -77.02316045544357,
              38.91249744215646
            ],
            [
              -77.0231349173201,
              38.91159822411008
            ]
          ]
        ]
      },
      "properties": {
        "tile_id": 1340
      }
    },
    {
      "type": "Feature",
      "geometry": {
        "type": "Polygon",
        "coordinates": [
          [
            [
              -77.0219858412568,
              38.91161813842558
            ],
            [
              -77.02083676405688,
              38.91163804144032
            ],
            [
              -77.02086227321882,
              38.9125372607571
            ],
            [
              -77.02201136489954,
              38.91251735710733
            ],
            [
              -77.0219858412568,
              38.91161813842558
            ]
          ]
        ]
      },
      "properties": {
        "tile_id": 1341
      }
    },
    {
      "type": "Feature",
      "geometry": {
        "type": "Polygon",
        "coordinates": [
          [
            [
              -77.02083676405688,
              38.91163804144032
            ],
            [
              -77.019687685721,
              38.911657933154274
            ],
            [
              -77.01971318040209,
              38.9125571531057
            ],
            [
              -77.02086227321882,
              38.9125372607571
            ],
            [
              -77.02083676405688,
              38.91163804144032
            ]
          ]
        ]
      },
      "properties": {
        "tile_id": 1342
      }
    },
    {
      "type": "Feature",
      "geometry": {
        "type": "Polygon",
        "coordinates": [
          [
            [
              -77.019687685721,
              38.911657933154274
            ],
            [
              -77.0185386062498,
              38.911677813567415
            ],
            [
              -77.01856408644998,
              38.91257703415314
            ],
            [
              -77.01971318040209,
              38.9125571531057
            ],
            [
              -77.019687685721,
              38.911657933154274
            ]
          ]
        ]
      },
      "properties": {
        "tile_id": 1343
      }
    },
    {
      "type": "Feature",
      "geometry": {
        "type": "Polygon",
        "coordinates": [
          [
            [
              -77.0185386062498,
              38.911677813567415
            ],
            [
              -77.01738952564392,
              38.911697682679694
            ],
            [
              -77.01741499136315,
              38.912596903899356
            ],
            [
              -77.01856408645,
              38.91257703415314
            ],
            [
              -77.0185386062498,
              38.911677813567415
            ]
          ]
        ]
      },
      "properties": {
        "tile_id": 1344
      }
    },
    {
      "type": "Feature",
      "geometry": {
        "type": "Polygon",
        "coordinates": [
          [
            [
              -77.01738952564392,
              38.911697682679694
            ],
            [
              -77.01624044390401,
              38.91171754049108
            ],
            [
              -77.01626589514223,
              38.91261676234433
            ],
            [
              -77.01741499136315,
              38.912596903899356
            ],
            [
              -77.01738952564392,
              38.911697682679694
            ]
          ]
        ]
      },
      "properties": {
        "tile_id": 1345
      }
    },
    {
      "type": "Feature",
      "geometry": {
        "type": "Polygon",
        "coordinates": [
          [
            [
              -77.01624044390401,
              38.91171754049108
            ],
            [
              -77.01509136103071,
              38.911737387001544
            ],
            [
              -77.01511679778787,
              38.912636609488004
            ],
            [
              -77.01626589514223,
              38.91261676234433
            ],
            [
              -77.01624044390401,
              38.91171754049108
            ]
          ]
        ]
      },
      "properties": {
        "tile_id": 1346
      }
    },
    {
      "type": "Feature",
      "geometry": {
        "type": "Polygon",
        "coordinates": [
          [
            [
              -77.01509136103071,
              38.911737387001544
            ],
            [
              -77.01394227702467,
              38.91175722221106
            ],
            [
              -77.0139676993007,
              38.91265644533037
            ],
            [
              -77.01511679778787,
              38.912636609488004
            ],
            [
              -77.01509136103071,
              38.911737387001544
            ]
          ]
        ]
      },
      "properties": {
        "tile_id": 1347
      }
    },
    {
      "type": "Feature",
      "geometry": {
        "type": "Polygon",
        "coordinates": [
          [
            [
              -77.01394227702467,
              38.91175722221106
            ],
            [
              -77.01279319188652,
              38.911777046119596
            ],
            [
              -77.01281859968137,
              38.91267626987139
            ],
            [
              -77.0139676993007,
              38.91265644533037
            ],
            [
              -77.01394227702467,
              38.91175722221106
            ]
          ]
        ]
      },
      "properties": {
        "tile_id": 1348
      }
    },
    {
      "type": "Feature",
      "geometry": {
        "type": "Polygon",
        "coordinates": [
          [
            [
              -77.01279319188652,
              38.911777046119596
            ],
            [
              -77.01164410561692,
              38.91179685872709
            ],
            [
              -77.01166949893053,
              38.91269608311102
            ],
            [
              -77.01281859968137,
              38.91267626987139
            ],
            [
              -77.01279319188652,
              38.911777046119596
            ]
          ]
        ]
      },
      "properties": {
        "tile_id": 1349
      }
    },
    {
      "type": "Feature",
      "geometry": {
        "type": "Polygon",
        "coordinates": [
          [
            [
              -77.01164410561692,
              38.91179685872709
            ],
            [
              -77.01049501821652,
              38.91181666003353
            ],
            [
              -77.01052039704882,
              38.912715885049245
            ],
            [
              -77.01166949893053,
              38.91269608311102
            ],
            [
              -77.01164410561692,
              38.91179685872709
            ]
          ]
        ]
      },
      "properties": {
        "tile_id": 1350
      }
    },
    {
      "type": "Feature",
      "geometry": {
        "type": "Polygon",
        "coordinates": [
          [
            [
              -77.01049501821652,
              38.91181666003353
            ],
            [
              -77.00934592968594,
              38.91183645003889
            ],
            [
              -77.0093712940369,
              38.912735675686015
            ],
            [
              -77.01052039704882,
              38.912715885049245
            ],
            [
              -77.01049501821652,
              38.91181666003353
            ]
          ]
        ]
      },
      "properties": {
        "tile_id": 1351
      }
    },
    {
      "type": "Feature",
      "geometry": {
        "type": "Polygon",
        "coordinates": [
          [
            [
              -77.00934592968594,
              38.91183645003889
            ],
            [
              -77.00819684002582,
              38.911856228743126
            ],
            [
              -77.00822218989539,
              38.9127554550213
            ],
            [
              -77.0093712940369,
              38.912735675686015
            ],
            [
              -77.00934592968594,
              38.91183645003889
            ]
          ]
        ]
      },
      "properties": {
        "tile_id": 1352
      }
    },
    {
      "type": "Feature",
      "geometry": {
        "type": "Polygon",
        "coordinates": [
          [
            [
              -77.00819684002582,
              38.911856228743126
            ],
            [
              -77.00704774923682,
              38.9118759961462
            ],
            [
              -77.00707308462493,
              38.91277522305507
            ],
            [
              -77.00822218989539,
              38.9127554550213
            ],
            [
              -77.00819684002582,
              38.911856228743126
            ]
          ]
        ]
      },
      "properties": {
        "tile_id": 1353
      }
    },
    {
      "type": "Feature",
      "geometry": {
        "type": "Polygon",
        "coordinates": [
          [
            [
              -77.00704774923682,
              38.9118759961462
            ],
            [
              -77.0058986573196,
              38.911895752248086
            ],
            [
              -77.00592397822619,
              38.912794979787286
            ],
            [
              -77.00707308462493,
              38.91277522305507
            ],
            [
              -77.00704774923682,
              38.9118759961462
            ]
          ]
        ]
      },
      "properties": {
        "tile_id": 1354
      }
    },
    {
      "type": "Feature",
      "geometry": {
        "type": "Polygon",
        "coordinates": [
          [
            [
              -77.0058986573196,
              38.911895752248086
            ],
            [
              -77.00474956427477,
              38.911915497048746
            ],
            [
              -77.00477487069982,
              38.912814725217935
            ],
            [
              -77.0059239782262,
              38.912794979787286
            ],
            [
              -77.0058986573196,
              38.911895752248086
            ]
          ]
        ]
      },
      "properties": {
        "tile_id": 1355
      }
    },
    {
      "type": "Feature",
      "geometry": {
        "type": "Polygon",
        "coordinates": [
          [
            [
              -77.00474956427477,
              38.911915497048746
            ],
            [
              -77.00360047010302,
              38.91193523054815
            ],
            [
              -77.00362576204643,
              38.91283445934695
            ],
            [
              -77.00477487069982,
              38.912814725217935
            ],
            [
              -77.00474956427477,
              38.911915497048746
            ]
          ]
        ]
      },
      "properties": {
        "tile_id": 1356
      }
    },
    {
      "type": "Feature",
      "geometry": {
        "type": "Polygon",
        "coordinates": [
          [
            [
              -77.00360047010302,
              38.91193523054815
            ],
            [
              -77.00245137480495,
              38.91195495274628
            ],
            [
              -77.00247665226668,
              38.91285418217433
            ],
            [
              -77.00362576204643,
              38.91283445934695
            ],
            [
              -77.00360047010302,
              38.91193523054815
            ]
          ]
        ]
      },
      "properties": {
        "tile_id": 1357
      }
    },
    {
      "type": "Feature",
      "geometry": {
        "type": "Polygon",
        "coordinates": [
          [
            [
              -77.00245137480495,
              38.91195495274628
            ],
            [
              -77.0013022783812,
              38.911974663643065
            ],
            [
              -77.00132754136122,
              38.91287389370002
            ],
            [
              -77.00247665226668,
              38.91285418217433
            ],
            [
              -77.00245137480495,
              38.91195495274628
            ]
          ]
        ]
      },
      "properties": {
        "tile_id": 1358
      }
    },
    {
      "type": "Feature",
      "geometry": {
        "type": "Polygon",
        "coordinates": [
          [
            [
              -77.0013022783812,
              38.911974663643065
            ],
            [
              -77.00015318083246,
              38.91199436323851
            ],
            [
              -77.00017842933069,
              38.91289359392398
            ],
            [
              -77.00132754136122,
              38.91287389370002
            ],
            [
              -77.0013022783812,
              38.911974663643065
            ]
          ]
        ]
      },
      "properties": {
        "tile_id": 1359
      }
    },
    {
      "type": "Feature",
      "geometry": {
        "type": "Polygon",
        "coordinates": [
          [
            [
              -77.00015318083246,
              38.91199436323851
            ],
            [
              -76.99900408215933,
              38.91201405153255
            ],
            [
              -76.99902931617572,
              38.912913282846205
            ],
            [
              -77.00017842933069,
              38.91289359392398
            ],
            [
              -77.00015318083246,
              38.91199436323851
            ]
          ]
        ]
      },
      "properties": {
        "tile_id": 1360
      }
    },
    {
      "type": "Feature",
      "geometry": {
        "type": "Polygon",
        "coordinates": [
          [
            [
              -76.99900408215933,
              38.91201405153255
            ],
            [
              -76.99785498236248,
              38.91203372852519
            ],
            [
              -76.99788020189698,
              38.91293296046664
            ],
            [
              -76.99902931617572,
              38.912913282846205
            ],
            [
              -76.99900408215933,
              38.91201405153255
            ]
          ]
        ]
      },
      "properties": {
        "tile_id": 1361
      }
    },
    {
      "type": "Feature",
      "geometry": {
        "type": "Polygon",
        "coordinates": [
          [
            [
              -76.99785498236248,
              38.91203372852519
            ],
            [
              -76.99670588144254,
              38.91205339421636
            ],
            [
              -76.99673108649509,
              38.91295262678527
            ],
            [
              -76.99788020189698,
              38.91293296046664
            ],
            [
              -76.99785498236248,
              38.91203372852519
            ]
          ]
        ]
      },
      "properties": {
        "tile_id": 1362
      }
    },
    {
      "type": "Feature",
      "geometry": {
        "type": "Polygon",
        "coordinates": [
          [
            [
              -76.99670588144254,
              38.91205339421636
            ],
            [
              -76.99555677940018,
              38.912073048606025
            ],
            [
              -76.99558196997071,
              38.91297228180204
            ],
            [
              -76.99673108649509,
              38.91295262678527
            ],
            [
              -76.99670588144254,
              38.91205339421636
            ]
          ]
        ]
      },
      "properties": {
        "tile_id": 1363
      }
    },
    {
      "type": "Feature",
      "geometry": {
        "type": "Polygon",
        "coordinates": [
          [
            [
              -76.99555677940018,
              38.912073048606025
            ],
            [
              -76.994407676236,
              38.91209269169419
            ],
            [
              -76.99443285232446,
              38.912991925516934
            ],
            [
              -76.99558196997071,
              38.91297228180204
            ],
            [
              -76.99555677940018,
              38.912073048606025
            ]
          ]
        ]
      },
      "properties": {
        "tile_id": 1364
      }
    },
    {
      "type": "Feature",
      "geometry": {
        "type": "Polygon",
        "coordinates": [
          [
            [
              -76.994407676236,
              38.91209269169419
            ],
            [
              -76.99325857195066,
              38.91211232348079
            ],
            [
              -76.99328373355702,
              38.9130115579299
            ],
            [
              -76.99443285232446,
              38.912991925516934
            ],
            [
              -76.994407676236,
              38.91209269169419
            ]
          ]
        ]
      },
      "properties": {
        "tile_id": 1365
      }
    },
    {
      "type": "Feature",
      "geometry": {
        "type": "Polygon",
        "coordinates": [
          [
            [
              -76.99325857195066,
              38.91211232348079
            ],
            [
              -76.99210946654483,
              38.912131943965804
            ],
            [
              -76.99213461366902,
              38.91303117904093
            ],
            [
              -76.99328373355702,
              38.9130115579299
            ],
            [
              -76.99325857195066,
              38.91211232348079
            ]
          ]
        ]
      },
      "properties": {
        "tile_id": 1366
      }
    },
    {
      "type": "Feature",
      "geometry": {
        "type": "Polygon",
        "coordinates": [
          [
            [
              -77.03005497480184,
              38.91237771512969
            ],
            [
              -77.02890589109131,
              38.91239769788654
            ],
            [
              -77.02893150276186,
              38.913296912597545
            ],
            [
              -77.03008060095345,
              38.91327692920313
            ],
            [
              -77.03005497480184,
              38.91237771512969
            ]
          ]
        ]
      },
      "properties": {
        "tile_id": 1367
      }
    },
    {
      "type": "Feature",
      "geometry": {
        "type": "Polygon",
        "coordinates": [
          [
            [
              -77.02890589109131,
              38.91239769788654
            ],
            [
              -77.02775680624025,
              38.91241766934248
            ],
            [
              -77.0277824034297,
              38.91331688469067
            ],
            [
              -77.02893150276186,
              38.913296912597545
            ],
            [
              -77.02890589109131,
              38.91239769788654
            ]
          ]
        ]
      },
      "properties": {
        "tile_id": 1368
      }
    },
    {
      "type": "Feature",
      "geometry": {
        "type": "Polygon",
        "coordinates": [
          [
            [
              -77.02775680624025,
              38.91241766934248
            ],
            [
              -77.02660772024929,
              38.912437629497475
            ],
            [
              -77.02663330295758,
              38.913336845482505
            ],
            [
              -77.0277824034297,
              38.91331688469067
            ],
            [
              -77.02775680624025,
              38.91241766934248
            ]
          ]
        ]
      },
      "properties": {
        "tile_id": 1369
      }
    },
    {
      "type": "Feature",
      "geometry": {
        "type": "Polygon",
        "coordinates": [
          [
            [
              -77.02660772024929,
              38.912437629497475
            ],
            [
              -77.0254586331191,
              38.9124575783515
            ],
            [
              -77.02548420134617,
              38.913356794973
            ],
            [
              -77.02663330295758,
              38.913336845482505
            ],
            [
              -77.02660772024929,
              38.912437629497475
            ]
          ]
        ]
      },
      "properties": {
        "tile_id": 1370
      }
    },
    {
      "type": "Feature",
      "geometry": {
        "type": "Polygon",
        "coordinates": [
          [
            [
              -77.0254586331191,
              38.9124575783515
            ],
            [
              -77.02430954485033,
              38.9124775159045
            ],
            [
              -77.02433509859611,
              38.91337673316212
            ],
            [
              -77.02548420134617,
              38.913356794973
            ],
            [
              -77.0254586331191,
              38.9124575783515
            ]
          ]
        ]
      },
      "properties": {
        "tile_id": 1371
      }
    },
    {
      "type": "Feature",
      "geometry": {
        "type": "Polygon",
        "coordinates": [
          [
            [
              -77.02430954485033,
              38.9124775159045
            ],
            [
              -77.02316045544357,
              38.91249744215646
            ],
            [
              -77.02318599470804,
              38.91339666004982
            ],
            [
              -77.02433509859611,
              38.91337673316212
            ],
            [
              -77.02430954485033,
              38.9124775159045
            ]
          ]
        ]
      },
      "properties": {
        "tile_id": 1372
      }
    },
    {
      "type": "Feature",
      "geometry": {
        "type": "Polygon",
        "coordinates": [
          [
            [
              -77.02316045544357,
              38.91249744215646
            ],
            [
              -77.02201136489954,
              38.91251735710733
            ],
            [
              -77.02203688968262,
              38.913416575636084
            ],
            [
              -77.02318599470804,
              38.91339666004982
            ],
            [
              -77.02316045544357,
              38.91249744215646
            ]
          ]
        ]
      },
      "properties": {
        "tile_id": 1373
      }
    },
    {
      "type": "Feature",
      "geometry": {
        "type": "Polygon",
        "coordinates": [
          [
            [
              -77.02201136489954,
              38.91251735710733
            ],
            [
              -77.02086227321882,
              38.9125372607571
            ],
            [
              -77.02088778352048,
              38.913436479920875
            ],
            [
              -77.02203688968262,
              38.913416575636084
            ],
            [
              -77.02201136489954,
              38.91251735710733
            ]
          ]
        ]
      },
      "properties": {
        "tile_id": 1374
      }
    },
    {
      "type": "Feature",
      "geometry": {
        "type": "Polygon",
        "coordinates": [
          [
            [
              -77.02086227321882,
              38.9125372607571
            ],
            [
              -77.01971318040209,
              38.9125571531057
            ],
            [
              -77.01973867622225,
              38.91345637290417
            ],
            [
              -77.02088778352048,
              38.913436479920875
            ],
            [
              -77.02086227321882,
              38.9125372607571
            ]
          ]
        ]
      },
      "properties": {
        "tile_id": 1375
      }
    },
    {
      "type": "Feature",
      "geometry": {
        "type": "Polygon",
        "coordinates": [
          [
            [
              -77.01971318040209,
              38.9125571531057
            ],
            [
              -77.01856408644998,
              38.91257703415314
            ],
            [
              -77.01858956778858,
              38.91347625458591
            ],
            [
              -77.01973867622225,
              38.91345637290417
            ],
            [
              -77.01971318040209,
              38.9125571531057
            ]
          ]
        ]
      },
      "properties": {
        "tile_id": 1376
      }
    },
    {
      "type": "Feature",
      "geometry": {
        "type": "Polygon",
        "coordinates": [
          [
            [
              -77.01856408645,
              38.91257703415314
            ],
            [
              -77.01741499136315,
              38.912596903899356
            ],
            [
              -77.01744045822015,
              38.91349612496608
            ],
            [
              -77.01858956778858,
              38.91347625458591
            ],
            [
              -77.01856408645,
              38.91257703415314
            ]
          ]
        ]
      },
      "properties": {
        "tile_id": 1377
      }
    },
    {
      "type": "Feature",
      "geometry": {
        "type": "Polygon",
        "coordinates": [
          [
            [
              -77.01741499136315,
              38.912596903899356
            ],
            [
              -77.01626589514223,
              38.91261676234433
            ],
            [
              -77.01629134751757,
              38.913515984044636
            ],
            [
              -77.01744045822015,
              38.91349612496608
            ],
            [
              -77.01741499136315,
              38.912596903899356
            ]
          ]
        ]
      },
      "properties": {
        "tile_id": 1378
      }
    },
    {
      "type": "Feature",
      "geometry": {
        "type": "Polygon",
        "coordinates": [
          [
            [
              -77.01626589514223,
              38.91261676234433
            ],
            [
              -77.01511679778787,
              38.912636609488004
            ],
            [
              -77.01514223568148,
              38.913535831821555
            ],
            [
              -77.01629134751757,
              38.913515984044636
            ],
            [
              -77.01626589514223,
              38.91261676234433
            ]
          ]
        ]
      },
      "properties": {
        "tile_id": 1379
      }
    },
    {
      "type": "Feature",
      "geometry": {
        "type": "Polygon",
        "coordinates": [
          [
            [
              -77.01511679778787,
              38.912636609488004
            ],
            [
              -77.0139676993007,
              38.91265644533037
            ],
            [
              -77.01399312271253,
              38.913555668296794
            ],
            [
              -77.01514223568148,
              38.913535831821555
            ],
            [
              -77.01511679778787,
              38.912636609488004
            ]
          ]
        ]
      },
      "properties": {
        "tile_id": 1380
      }
    },
    {
      "type": "Feature",
      "geometry": {
        "type": "Polygon",
        "coordinates": [
          [
            [
              -77.0139676993007,
              38.91265644533037
            ],
            [
              -77.01281859968137,
              38.91267626987139
            ],
            [
              -77.0128440086114,
              38.91357549347032
            ],
            [
              -77.01399312271253,
              38.913555668296794
            ],
            [
              -77.0139676993007,
              38.91265644533037
            ]
          ]
        ]
      },
      "properties": {
        "tile_id": 1381
      }
    },
    {
      "type": "Feature",
      "geometry": {
        "type": "Polygon",
        "coordinates": [
          [
            [
              -77.01281859968137,
              38.91267626987139
            ],
            [
              -77.01166949893053,
              38.91269608311102
            ],
            [
              -77.01169489337867,
              38.913595307342106
            ],
            [
              -77.0128440086114,
              38.91357549347032
            ],
            [
              -77.01281859968137,
              38.91267626987139
            ]
          ]
        ]
      },
      "properties": {
        "tile_id": 1382
      }
    },
    {
      "type": "Feature",
      "geometry": {
        "type": "Polygon",
        "coordinates": [
          [
            [
              -77.01166949893053,
              38.91269608311102
            ],
            [
              -77.01052039704882,
              38.912715885049245
            ],
            [
              -77.01054577701503,
              38.91361510991212
            ],
            [
              -77.01169489337867,
              38.913595307342106
            ],
            [
              -77.01166949893053,
              38.91269608311102
            ]
          ]
        ]
      },
      "properties": {
        "tile_id": 1383
      }
    },
    {
      "type": "Feature",
      "geometry": {
        "type": "Polygon",
        "coordinates": [
          [
            [
              -77.01052039704882,
              38.912715885049245
            ],
            [
              -77.0093712940369,
              38.912735675686015
            ],
            [
              -77.00939665952112,
              38.91363490118032
            ],
            [
              -77.01054577701503,
              38.91361510991212
            ],
            [
              -77.01052039704882,
              38.912715885049245
            ]
          ]
        ]
      },
      "properties": {
        "tile_id": 1384
      }
    },
    {
      "type": "Feature",
      "geometry": {
        "type": "Polygon",
        "coordinates": [
          [
            [
              -77.0093712940369,
              38.912735675686015
            ],
            [
              -77.00822218989539,
              38.9127554550213
            ],
            [
              -77.00824754089756,
              38.91365468114669
            ],
            [
              -77.00939665952112,
              38.91363490118032
            ],
            [
              -77.0093712940369,
              38.912735675686015
            ]
          ]
        ]
      },
      "properties": {
        "tile_id": 1385
      }
    },
    {
      "type": "Feature",
      "geometry": {
        "type": "Polygon",
        "coordinates": [
          [
            [
              -77.00822218989539,
              38.9127554550213
            ],
            [
              -77.00707308462493,
              38.91277522305507
            ],
            [
              -77.007098421145,
              38.91367444981116
            ],
            [
              -77.00824754089756,
              38.91365468114669
            ],
            [
              -77.00822218989539,
              38.9127554550213
            ]
          ]
        ]
      },
      "properties": {
        "tile_id": 1386
      }
    },
    {
      "type": "Feature",
      "geometry": {
        "type": "Polygon",
        "coordinates": [
          [
            [
              -77.00707308462493,
              38.91277522305507
            ],
            [
              -77.00592397822619,
              38.912794979787286
            ],
            [
              -77.0059493002641,
              38.91369420717373
            ],
            [
              -77.007098421145,
              38.91367444981116
            ],
            [
              -77.00707308462493,
              38.91277522305507
            ]
          ]
        ]
      },
      "properties": {
        "tile_id": 1387
      }
    },
    {
      "type": "Feature",
      "geometry": {
        "type": "Polygon",
        "coordinates": [
          [
            [
              -77.0059239782262,
              38.912794979787286
            ],
            [
              -77.00477487069982,
              38.912814725217935
            ],
            [
              -77.00480017825551,
              38.91371395323436
            ],
            [
              -77.0059493002641,
              38.91369420717373
            ],
            [
              -77.0059239782262,
              38.912794979787286
            ]
          ]
        ]
      },
      "properties": {
        "tile_id": 1388
      }
    },
    {
      "type": "Feature",
      "geometry": {
        "type": "Polygon",
        "coordinates": [
          [
            [
              -77.00477487069982,
              38.912814725217935
            ],
            [
              -77.00362576204643,
              38.91283445934695
            ],
            [
              -77.00365105511986,
              38.913733687993016
            ],
            [
              -77.00480017825551,
              38.91371395323436
            ],
            [
              -77.00477487069982,
              38.912814725217935
            ]
          ]
        ]
      },
      "properties": {
        "tile_id": 1389
      }
    },
    {
      "type": "Feature",
      "geometry": {
        "type": "Polygon",
        "coordinates": [
          [
            [
              -77.00362576204643,
              38.91283445934695
            ],
            [
              -77.00247665226668,
              38.91285418217433
            ],
            [
              -77.00250193085779,
              38.91375341144965
            ],
            [
              -77.00365105511986,
              38.913733687993016
            ],
            [
              -77.00362576204643,
              38.91283445934695
            ]
          ]
        ]
      },
      "properties": {
        "tile_id": 1390
      }
    },
    {
      "type": "Feature",
      "geometry": {
        "type": "Polygon",
        "coordinates": [
          [
            [
              -77.00247665226668,
              38.91285418217433
            ],
            [
              -77.00132754136122,
              38.91287389370002
            ],
            [
              -77.00135280546995,
              38.913773123604244
            ],
            [
              -77.00250193085779,
              38.91375341144965
            ],
            [
              -77.00247665226668,
              38.91285418217433
            ]
          ]
        ]
      },
      "properties": {
        "tile_id": 1391
      }
    },
    {
      "type": "Feature",
      "geometry": {
        "type": "Polygon",
        "coordinates": [
          [
            [
              -77.00132754136122,
              38.91287389370002
            ],
            [
              -77.00017842933069,
              38.91289359392398
            ],
            [
              -77.00020367895698,
              38.91379282445676
            ],
            [
              -77.00135280546995,
              38.913773123604244
            ],
            [
              -77.00132754136122,
              38.91287389370002
            ]
          ]
        ]
      },
      "properties": {
        "tile_id": 1392
      }
    },
    {
      "type": "Feature",
      "geometry": {
        "type": "Polygon",
        "coordinates": [
          [
            [
              -77.00017842933069,
              38.91289359392398
            ],
            [
              -76.99902931617572,
              38.912913282846205
            ],
            [
              -76.99905455131953,
              38.913812514007176
            ],
            [
              -77.00020367895698,
              38.91379282445676
            ],
            [
              -77.00017842933069,
              38.91289359392398
            ]
          ]
        ]
      },
      "properties": {
        "tile_id": 1393
      }
    },
    {
      "type": "Feature",
      "geometry": {
        "type": "Polygon",
        "coordinates": [
          [
            [
              -76.99902931617572,
              38.912913282846205
            ],
            [
              -76.99788020189698,
              38.91293296046664
            ],
            [
              -76.99790542255825,
              38.91383219225544
            ],
            [
              -76.99905455131953,
              38.913812514007176
            ],
            [
              -76.99902931617572,
              38.912913282846205
            ]
          ]
        ]
      },
      "properties": {
        "tile_id": 1394
      }
    },
    {
      "type": "Feature",
      "geometry": {
        "type": "Polygon",
        "coordinates": [
          [
            [
              -76.99788020189698,
              38.91293296046664
            ],
            [
              -76.99673108649509,
              38.91295262678527
            ],
            [
              -76.99675629267377,
              38.91385185920153
            ],
            [
              -76.99790542255825,
              38.91383219225544
            ],
            [
              -76.99788020189698,
              38.91293296046664
            ]
          ]
        ]
      },
      "properties": {
        "tile_id": 1395
      }
    },
    {
      "type": "Feature",
      "geometry": {
        "type": "Polygon",
        "coordinates": [
          [
            [
              -76.99673108649509,
              38.91295262678527
            ],
            [
              -76.99558196997071,
              38.91297228180204
            ],
            [
              -76.99560716166673,
              38.91387151484542
            ],
            [
              -76.99675629267377,
              38.91385185920153
            ],
            [
              -76.99673108649509,
              38.91295262678527
            ]
          ]
        ]
      },
      "properties": {
        "tile_id": 1396
      }
    },
    {
      "type": "Feature",
      "geometry": {
        "type": "Polygon",
        "coordinates": [
          [
            [
              -76.99558196997071,
              38.91297228180204
            ],
            [
              -76.99443285232446,
              38.912991925516934
            ],
            [
              -76.99445802953778,
              38.91389115918705
            ],
            [
              -76.99560716166673,
              38.91387151484542
            ],
            [
              -76.99558196997071,
              38.91297228180204
            ]
          ]
        ]
      },
      "properties": {
        "tile_id": 1397
      }
    },
    {
      "type": "Feature",
      "geometry": {
        "type": "Polygon",
        "coordinates": [
          [
            [
              -76.99443285232446,
              38.912991925516934
            ],
            [
              -76.99328373355702,
              38.9130115579299
            ],
            [
              -76.9933088962876,
              38.91391079222641
            ],
            [
              -76.99445802953778,
              38.91389115918705
            ],
            [
              -76.99443285232446,
              38.912991925516934
            ]
          ]
        ]
      },
      "properties": {
        "tile_id": 1398
      }
    },
    {
      "type": "Feature",
      "geometry": {
        "type": "Polygon",
        "coordinates": [
          [
            [
              -76.99328373355702,
              38.9130115579299
            ],
            [
              -76.99213461366902,
              38.91303117904093
            ],
            [
              -76.99215976191677,
              38.913930413963456
            ],
            [
              -76.9933088962876,
              38.91391079222641
            ],
            [
              -76.99328373355702,
              38.9130115579299
            ]
          ]
        ]
      },
      "properties": {
        "tile_id": 1399
      }
    },
    {
      "type": "Feature",
      "geometry": {
        "type": "Polygon",
        "coordinates": [
          [
            [
              -77.03008060095345,
              38.91327692920313
            ],
            [
              -77.02893150276186,
              38.913296912597545
            ],
            [
              -77.02895711557672,
              38.914196127155435
            ],
            [
              -77.03010622825,
              38.91417614312345
            ],
            [
              -77.03008060095345,
              38.91327692920313
            ]
          ]
        ]
      },
      "properties": {
        "tile_id": 1400
      }
    },
    {
      "type": "Feature",
      "geometry": {
        "type": "Polygon",
        "coordinates": [
          [
            [
              -77.02893150276186,
              38.913296912597545
            ],
            [
              -77.0277824034297,
              38.91331688469067
            ],
            [
              -77.02780800176279,
              38.91421609988578
            ],
            [
              -77.02895711557672,
              38.914196127155435
            ],
            [
              -77.02893150276186,
              38.913296912597545
            ]
          ]
        ]
      },
      "properties": {
        "tile_id": 1401
      }
    },
    {
      "type": "Feature",
      "geometry": {
        "type": "Polygon",
        "coordinates": [
          [
            [
              -77.0277824034297,
              38.91331688469067
            ],
            [
              -77.02663330295758,
              38.913336845482505
            ],
            [
              -77.02665888680887,
              38.91423606131446
            ],
            [
              -77.02780800176279,
              38.91421609988578
            ],
            [
              -77.0277824034297,
              38.91331688469067
            ]
          ]
        ]
      },
      "properties": {
        "tile_id": 1402
      }
    },
    {
      "type": "Feature",
      "geometry": {
        "type": "Polygon",
        "coordinates": [
          [
            [
              -77.02663330295758,
              38.913336845482505
            ],
            [
              -77.02548420134617,
              38.913356794973
            ],
            [
              -77.02550977071559,
              38.91425601144144
            ],
            [
              -77.02665888680887,
              38.91423606131446
            ],
            [
              -77.02663330295758,
              38.913336845482505
            ]
          ]
        ]
      },
      "properties": {
        "tile_id": 1403
      }
    },
    {
      "type": "Feature",
      "geometry": {
        "type": "Polygon",
        "coordinates": [
          [
            [
              -77.02548420134617,
              38.913356794973
            ],
            [
              -77.02433509859611,
              38.91337673316212
            ],
            [
              -77.02436065348361,
              38.914275950266685
            ],
            [
              -77.02550977071559,
              38.91425601144144
            ],
            [
              -77.02548420134617,
              38.913356794973
            ]
          ]
        ]
      },
      "properties": {
        "tile_id": 1404
      }
    },
    {
      "type": "Feature",
      "geometry": {
        "type": "Polygon",
        "coordinates": [
          [
            [
              -77.02433509859611,
              38.91337673316212
            ],
            [
              -77.02318599470804,
              38.91339666004982
            ],
            [
              -77.02321153511357,
              38.91429587779015
            ],
            [
              -77.02436065348361,
              38.914275950266685
            ],
            [
              -77.02433509859611,
              38.91337673316212
            ]
          ]
        ]
      },
      "properties": {
        "tile_id": 1405
      }
    },
    {
      "type": "Feature",
      "geometry": {
        "type": "Polygon",
        "coordinates": [
          [
            [
              -77.02318599470804,
              38.91339666004982
            ],
            [
              -77.02203688968262,
              38.913416575636084
            ],
            [
              -77.02206241560611,
              38.91431579401184
            ],
            [
              -77.02321153511357,
              38.91429587779015
            ],
            [
              -77.02318599470804,
              38.91339666004982
            ]
          ]
        ]
      },
      "properties": {
        "tile_id": 1406
      }
    },
    {
      "type": "Feature",
      "geometry": {
        "type": "Polygon",
        "coordinates": [
          [
            [
              -77.02203688968262,
              38.913416575636084
            ],
            [
              -77.02088778352048,
              38.913436479920875
            ],
            [
              -77.02091329496189,
              38.91433569893167
            ],
            [
              -77.02206241560611,
              38.91431579401184
            ],
            [
              -77.02203688968262,
              38.913416575636084
            ]
          ]
        ]
      },
      "properties": {
        "tile_id": 1407
      }
    },
    {
      "type": "Feature",
      "geometry": {
        "type": "Polygon",
        "coordinates": [
          [
            [
              -77.02088778352048,
              38.913436479920875
            ],
            [
              -77.01973867622225,
              38.91345637290417
            ],
            [
              -77.01976417318153,
              38.91435559254965
            ],
            [
              -77.02091329496189,
              38.91433569893167
            ],
            [
              -77.02088778352048,
              38.913436479920875
            ]
          ]
        ]
      },
      "properties": {
        "tile_id": 1408
      }
    },
    {
      "type": "Feature",
      "geometry": {
        "type": "Polygon",
        "coordinates": [
          [
            [
              -77.01973867622225,
              38.91345637290417
            ],
            [
              -77.01858956778858,
              38.91347625458591
            ],
            [
              -77.01861505026567,
              38.91437547486573
            ],
            [
              -77.01976417318153,
              38.91435559254965
            ],
            [
              -77.01973867622225,
              38.91345637290417
            ]
          ]
        ]
      },
      "properties": {
        "tile_id": 1409
      }
    },
    {
      "type": "Feature",
      "geometry": {
        "type": "Polygon",
        "coordinates": [
          [
            [
              -77.01858956778858,
              38.91347625458591
            ],
            [
              -77.01744045822015,
              38.91349612496608
            ],
            [
              -77.01746592621497,
              38.91439534587985
            ],
            [
              -77.01861505026567,
              38.91437547486573
            ],
            [
              -77.01858956778858,
              38.91347625458591
            ]
          ]
        ]
      },
      "properties": {
        "tile_id": 1410
      }
    },
    {
      "type": "Feature",
      "geometry": {
        "type": "Polygon",
        "coordinates": [
          [
            [
              -77.01744045822015,
              38.91349612496608
            ],
            [
              -77.01629134751757,
              38.913515984044636
            ],
            [
              -77.01631680103009,
              38.91441520559202
            ],
            [
              -77.01746592621497,
              38.91439534587985
            ],
            [
              -77.01744045822015,
              38.91349612496608
            ]
          ]
        ]
      },
      "properties": {
        "tile_id": 1411
      }
    },
    {
      "type": "Feature",
      "geometry": {
        "type": "Polygon",
        "coordinates": [
          [
            [
              -77.01629134751757,
              38.913515984044636
            ],
            [
              -77.01514223568148,
              38.913535831821555
            ],
            [
              -77.01516767471163,
              38.9144350540022
            ],
            [
              -77.01631680103009,
              38.91441520559202
            ],
            [
              -77.01629134751757,
              38.913515984044636
            ]
          ]
        ]
      },
      "properties": {
        "tile_id": 1412
      }
    },
    {
      "type": "Feature",
      "geometry": {
        "type": "Polygon",
        "coordinates": [
          [
            [
              -77.01514223568148,
              38.913535831821555
            ],
            [
              -77.01399312271253,
              38.913555668296794
            ],
            [
              -77.01401854726028,
              38.91445489111032
            ],
            [
              -77.01516767471163,
              38.9144350540022
            ],
            [
              -77.01514223568148,
              38.913535831821555
            ]
          ]
        ]
      },
      "properties": {
        "tile_id": 1413
      }
    },
    {
      "type": "Feature",
      "geometry": {
        "type": "Polygon",
        "coordinates": [
          [
            [
              -77.01399312271253,
              38.913555668296794
            ],
            [
              -77.0128440086114,
              38.91357549347032
            ],
            [
              -77.01286941867666,
              38.91447471691638
            ],
            [
              -77.01401854726028,
              38.91445489111032
            ],
            [
              -77.01399312271253,
              38.913555668296794
            ]
          ]
        ]
      },
      "properties": {
        "tile_id": 1414
      }
    },
    {
      "type": "Feature",
      "geometry": {
        "type": "Polygon",
        "coordinates": [
          [
            [
              -77.0128440086114,
              38.91357549347032
            ],
            [
              -77.01169489337867,
              38.913595307342106
            ],
            [
              -77.01172028896141,
              38.914494531420324
            ],
            [
              -77.01286941867666,
              38.91447471691638
            ],
            [
              -77.0128440086114,
              38.91357549347032
            ]
          ]
        ]
      },
      "properties": {
        "tile_id": 1415
      }
    },
    {
      "type": "Feature",
      "geometry": {
        "type": "Polygon",
        "coordinates": [
          [
            [
              -77.01169489337867,
              38.913595307342106
            ],
            [
              -77.01054577701503,
              38.91361510991212
            ],
            [
              -77.01057115811518,
              38.91451433462215
            ],
            [
              -77.01172028896141,
              38.914494531420324
            ],
            [
              -77.01169489337867,
              38.913595307342106
            ]
          ]
        ]
      },
      "properties": {
        "tile_id": 1416
      }
    },
    {
      "type": "Feature",
      "geometry": {
        "type": "Polygon",
        "coordinates": [
          [
            [
              -77.01054577701503,
              38.91361510991212
            ],
            [
              -77.00939665952112,
              38.91363490118032
            ],
            [
              -77.00942202613862,
              38.914534126521794
            ],
            [
              -77.01057115811518,
              38.91451433462215
            ],
            [
              -77.01054577701503,
              38.91361510991212
            ]
          ]
        ]
      },
      "properties": {
        "tile_id": 1417
      }
    },
    {
      "type": "Feature",
      "geometry": {
        "type": "Polygon",
        "coordinates": [
          [
            [
              -77.00939665952112,
              38.91363490118032
            ],
            [
              -77.00824754089756,
              38.91365468114669
            ],
            [
              -77.00827289303237,
              38.914553907119235
            ],
            [
              -77.00942202613862,
              38.914534126521794
            ],
            [
              -77.00939665952112,
              38.91363490118032
            ]
          ]
        ]
      },
      "properties": {
        "tile_id": 1418
      }
    },
    {
      "type": "Feature",
      "geometry": {
        "type": "Polygon",
        "coordinates": [
          [
            [
              -77.00824754089756,
              38.91365468114669
            ],
            [
              -77.007098421145,
              38.91367444981116
            ],
            [
              -77.00712375879708,
              38.91457367641445
            ],
            [
              -77.00827289303237,
              38.914553907119235
            ],
            [
              -77.00824754089756,
              38.91365468114669
            ]
          ]
        ]
      },
      "properties": {
        "tile_id": 1419
      }
    },
    {
      "type": "Feature",
      "geometry": {
        "type": "Polygon",
        "coordinates": [
          [
            [
              -77.007098421145,
              38.91367444981116
            ],
            [
              -77.0059493002641,
              38.91369420717373
            ],
            [
              -77.00597462343337,
              38.91459343440738
            ],
            [
              -77.00712375879708,
              38.91457367641445
            ],
            [
              -77.007098421145,
              38.91367444981116
            ]
          ]
        ]
      },
      "properties": {
        "tile_id": 1420
      }
    },
    {
      "type": "Feature",
      "geometry": {
        "type": "Polygon",
        "coordinates": [
          [
            [
              -77.0059493002641,
              38.91369420717373
            ],
            [
              -77.00480017825551,
              38.91371395323436
            ],
            [
              -77.00482548694193,
              38.91461318109802
            ],
            [
              -77.00597462343339,
              38.91459343440738
            ],
            [
              -77.0059493002641,
              38.91369420717373
            ]
          ]
        ]
      },
      "properties": {
        "tile_id": 1421
      }
    },
    {
      "type": "Feature",
      "geometry": {
        "type": "Polygon",
        "coordinates": [
          [
            [
              -77.00480017825551,
              38.91371395323436
            ],
            [
              -77.00365105511986,
              38.913733687993016
            ],
            [
              -77.00367634932336,
              38.914632916486305
            ],
            [
              -77.00482548694193,
              38.91461318109802
            ],
            [
              -77.00480017825551,
              38.91371395323436
            ]
          ]
        ]
      },
      "properties": {
        "tile_id": 1422
      }
    },
    {
      "type": "Feature",
      "geometry": {
        "type": "Polygon",
        "coordinates": [
          [
            [
              -77.00365105511986,
              38.913733687993016
            ],
            [
              -77.00250193085779,
              38.91375341144965
            ],
            [
              -77.00252721057832,
              38.91465264057223
            ],
            [
              -77.00367634932336,
              38.914632916486305
            ],
            [
              -77.00365105511986,
              38.913733687993016
            ]
          ]
        ]
      },
      "properties": {
        "tile_id": 1423
      }
    },
    {
      "type": "Feature",
      "geometry": {
        "type": "Polygon",
        "coordinates": [
          [
            [
              -77.00250193085779,
              38.91375341144965
            ],
            [
              -77.00135280546995,
              38.913773123604244
            ],
            [
              -77.00137807070746,
              38.914672353355755
            ],
            [
              -77.00252721057832,
              38.91465264057223
            ],
            [
              -77.00250193085779,
              38.91375341144965
            ]
          ]
        ]
      },
      "properties": {
        "tile_id": 1424
      }
    },
    {
      "type": "Feature",
      "geometry": {
        "type": "Polygon",
        "coordinates": [
          [
            [
              -77.00135280546995,
              38.913773123604244
            ],
            [
              -77.00020367895698,
              38.91379282445676
            ],
            [
              -77.00022892971141,
              38.914692054836834
            ],
            [
              -77.00137807070746,
              38.914672353355755
            ],
            [
              -77.00135280546995,
              38.913773123604244
            ]
          ]
        ]
      },
      "properties": {
        "tile_id": 1425
      }
    },
    {
      "type": "Feature",
      "geometry": {
        "type": "Polygon",
        "coordinates": [
          [
            [
              -77.00020367895698,
              38.91379282445676
            ],
            [
              -76.99905455131953,
              38.913812514007176
            ],
            [
              -76.99907978759083,
              38.91471174501545
            ],
            [
              -77.00022892971141,
              38.914692054836834
            ],
            [
              -77.00020367895698,
              38.91379282445676
            ]
          ]
        ]
      },
      "properties": {
        "tile_id": 1426
      }
    },
    {
      "type": "Feature",
      "geometry": {
        "type": "Polygon",
        "coordinates": [
          [
            [
              -76.99905455131953,
              38.913812514007176
            ],
            [
              -76.99790542255825,
              38.91383219225544
            ],
            [
              -76.99793064434637,
              38.91473142389156
            ],
            [
              -76.99907978759083,
              38.91471174501545
            ],
            [
              -76.99905455131953,
              38.913812514007176
            ]
          ]
        ]
      },
      "properties": {
        "tile_id": 1427
      }
    },
    {
      "type": "Feature",
      "geometry": {
        "type": "Polygon",
        "coordinates": [
          [
            [
              -76.99790542255825,
              38.91383219225544
            ],
            [
              -76.99675629267377,
              38.91385185920153
            ],
            [
              -76.99678149997862,
              38.91475109146513
            ],
            [
              -76.99793064434637,
              38.91473142389156
            ],
            [
              -76.99790542255825,
              38.91383219225544
            ]
          ]
        ]
      },
      "properties": {
        "tile_id": 1428
      }
    },
    {
      "type": "Feature",
      "geometry": {
        "type": "Polygon",
        "coordinates": [
          [
            [
              -76.99675629267377,
              38.91385185920153
            ],
            [
              -76.99560716166673,
              38.91387151484542
            ],
            [
              -76.99563235448831,
              38.914770747736135
            ],
            [
              -76.99678149997862,
              38.91475109146513
            ],
            [
              -76.99675629267377,
              38.91385185920153
            ]
          ]
        ]
      },
      "properties": {
        "tile_id": 1429
      }
    },
    {
      "type": "Feature",
      "geometry": {
        "type": "Polygon",
        "coordinates": [
          [
            [
              -76.99560716166673,
              38.91387151484542
            ],
            [
              -76.99445802953778,
              38.91389115918705
            ],
            [
              -76.99448320787602,
              38.914790392704546
            ],
            [
              -76.99563235448831,
              38.914770747736135
            ],
            [
              -76.99560716166673,
              38.91387151484542
            ]
          ]
        ]
      },
      "properties": {
        "tile_id": 1430
      }
    },
    {
      "type": "Feature",
      "geometry": {
        "type": "Polygon",
        "coordinates": [
          [
            [
              -76.99445802953778,
              38.91389115918705
            ],
            [
              -76.9933088962876,
              38.91391079222641
            ],
            [
              -76.9933340601424,
              38.914810026370304
            ],
            [
              -76.99448320787602,
              38.914790392704546
            ],
            [
              -76.99445802953778,
              38.91389115918705
            ]
          ]
        ]
      },
      "properties": {
        "tile_id": 1431
      }
    },
    {
      "type": "Feature",
      "geometry": {
        "type": "Polygon",
        "coordinates": [
          [
            [
              -76.9933088962876,
              38.91391079222641
            ],
            [
              -76.99215976191677,
              38.913930413963456
            ],
            [
              -76.99218491128813,
              38.914829648733395
            ],
            [
              -76.9933340601424,
              38.914810026370304
            ],
            [
              -76.9933088962876,
              38.91391079222641
            ]
          ]
        ]
      },
      "properties": {
        "tile_id": 1432
      }
    },
    {
      "type": "Feature",
      "geometry": {
        "type": "Polygon",
        "coordinates": [
          [
            [
              -77.03010622825,
              38.91417614312344
            ],
            [
              -77.02895711557672,
              38.91419612715543
            ],
            [
              -77.0289827295359,
              38.91509534156023
            ],
            [
              -77.03013185669153,
              38.91507535689067
            ],
            [
              -77.03010622825,
              38.91417614312344
            ]
          ]
        ]
      },
      "properties": {
        "tile_id": 1433
      }
    },
    {
      "type": "Feature",
      "geometry": {
        "type": "Polygon",
        "coordinates": [
          [
            [
              -77.02895711557672,
              38.91419612715543
            ],
            [
              -77.02780800176279,
              38.91421609988577
            ],
            [
              -77.02783360123958,
              38.915115314927796
            ],
            [
              -77.0289827295359,
              38.91509534156023
            ],
            [
              -77.02895711557672,
              38.91419612715543
            ]
          ]
        ]
      },
      "properties": {
        "tile_id": 1434
      }
    },
    {
      "type": "Feature",
      "geometry": {
        "type": "Polygon",
        "coordinates": [
          [
            [
              -77.02780800176279,
              38.91421609988577
            ],
            [
              -77.02665888680887,
              38.914236061314455
            ],
            [
              -77.0266844718032,
              38.91513527699334
            ],
            [
              -77.02783360123958,
              38.915115314927796
            ],
            [
              -77.02780800176279,
              38.91421609988577
            ]
          ]
        ]
      },
      "properties": {
        "tile_id": 1435
      }
    },
    {
      "type": "Feature",
      "geometry": {
        "type": "Polygon",
        "coordinates": [
          [
            [
              -77.02665888680887,
              38.914236061314455
            ],
            [
              -77.02550977071559,
              38.91425601144144
            ],
            [
              -77.02553534122742,
              38.91515522775683
            ],
            [
              -77.0266844718032,
              38.91513527699334
            ],
            [
              -77.02665888680887,
              38.914236061314455
            ]
          ]
        ]
      },
      "properties": {
        "tile_id": 1436
      }
    },
    {
      "type": "Feature",
      "geometry": {
        "type": "Polygon",
        "coordinates": [
          [
            [
              -77.02550977071559,
              38.91425601144144
            ],
            [
              -77.02436065348361,
              38.91427595026668
            ],
            [
              -77.02438620951288,
              38.915175167218216
            ],
            [
              -77.02553534122742,
              38.91515522775683
            ],
            [
              -77.02550977071559,
              38.91425601144144
            ]
          ]
        ]
      },
      "properties": {
        "tile_id": 1437
      }
    },
    {
      "type": "Feature",
      "geometry": {
        "type": "Polygon",
        "coordinates": [
          [
            [
              -77.02436065348361,
              38.91427595026668
            ],
            [
              -77.02321153511357,
              38.91429587779015
            ],
            [
              -77.02323707666021,
              38.91519509537748
            ],
            [
              -77.02438620951288,
              38.915175167218216
            ],
            [
              -77.02436065348361,
              38.91427595026668
            ]
          ]
        ]
      },
      "properties": {
        "tile_id": 1438
      }
    },
    {
      "type": "Feature",
      "geometry": {
        "type": "Polygon",
        "coordinates": [
          [
            [
              -77.02321153511357,
              38.91429587779015
            ],
            [
              -77.02206241560611,
              38.914315794011834
            ],
            [
              -77.02208794267007,
              38.91521501223459
            ],
            [
              -77.02323707666021,
              38.91519509537748
            ],
            [
              -77.02321153511357,
              38.91429587779015
            ]
          ]
        ]
      },
      "properties": {
        "tile_id": 1439
      }
    },
    {
      "type": "Feature",
      "geometry": {
        "type": "Polygon",
        "coordinates": [
          [
            [
              -77.02206241560611,
              38.914315794011834
            ],
            [
              -77.02091329496189,
              38.91433569893167
            ],
            [
              -77.02093880754312,
              38.91523491778949
            ],
            [
              -77.02208794267007,
              38.91521501223459
            ],
            [
              -77.02206241560611,
              38.914315794011834
            ]
          ]
        ]
      },
      "properties": {
        "tile_id": 1440
      }
    },
    {
      "type": "Feature",
      "geometry": {
        "type": "Polygon",
        "coordinates": [
          [
            [
              -77.02091329496189,
              38.91433569893167
            ],
            [
              -77.01976417318153,
              38.91435559254965
            ],
            [
              -77.01978967127995,
              38.91525481204217
            ],
            [
              -77.02093880754312,
              38.91523491778949
            ],
            [
              -77.02091329496189,
              38.91433569893167
            ]
          ]
        ]
      },
      "properties": {
        "tile_id": 1441
      }
    },
    {
      "type": "Feature",
      "geometry": {
        "type": "Polygon",
        "coordinates": [
          [
            [
              -77.01976417318153,
              38.91435559254965
            ],
            [
              -77.01861505026567,
              38.91437547486573
            ],
            [
              -77.01864053388127,
              38.91527469499259
            ],
            [
              -77.01978967127995,
              38.91525481204217
            ],
            [
              -77.01976417318153,
              38.91435559254965
            ]
          ]
        ]
      },
      "properties": {
        "tile_id": 1442
      }
    },
    {
      "type": "Feature",
      "geometry": {
        "type": "Polygon",
        "coordinates": [
          [
            [
              -77.01861505026567,
              38.91437547486573
            ],
            [
              -77.01746592621497,
              38.91439534587985
            ],
            [
              -77.01749139534768,
              38.9152945666407
            ],
            [
              -77.01864053388127,
              38.91527469499258
            ],
            [
              -77.01861505026567,
              38.91437547486573
            ]
          ]
        ]
      },
      "properties": {
        "tile_id": 1443
      }
    },
    {
      "type": "Feature",
      "geometry": {
        "type": "Polygon",
        "coordinates": [
          [
            [
              -77.01746592621497,
              38.91439534587985
            ],
            [
              -77.01631680103009,
              38.91441520559202
            ],
            [
              -77.01634225567982,
              38.91531442698649
            ],
            [
              -77.01749139534768,
              38.9152945666407
            ],
            [
              -77.01746592621497,
              38.91439534587985
            ]
          ]
        ]
      },
      "properties": {
        "tile_id": 1444
      }
    },
    {
      "type": "Feature",
      "geometry": {
        "type": "Polygon",
        "coordinates": [
          [
            [
              -77.01631680103009,
              38.91441520559202
            ],
            [
              -77.01516767471163,
              38.91443505400219
            ],
            [
              -77.01519311487837,
              38.91533427602992
            ],
            [
              -77.01634225567982,
              38.91531442698649
            ],
            [
              -77.01631680103009,
              38.91441520559202
            ]
          ]
        ]
      },
      "properties": {
        "tile_id": 1445
      }
    },
    {
      "type": "Feature",
      "geometry": {
        "type": "Polygon",
        "coordinates": [
          [
            [
              -77.01516767471163,
              38.91443505400219
            ],
            [
              -77.01401854726028,
              38.91445489111031
            ],
            [
              -77.01404397294395,
              38.91535411377095
            ],
            [
              -77.01519311487837,
              38.91533427602992
            ],
            [
              -77.01516767471163,
              38.91443505400219
            ]
          ]
        ]
      },
      "properties": {
        "tile_id": 1446
      }
    },
    {
      "type": "Feature",
      "geometry": {
        "type": "Polygon",
        "coordinates": [
          [
            [
              -77.01401854726028,
              38.91445489111031
            ],
            [
              -77.01286941867666,
              38.91447471691637
            ],
            [
              -77.01289482987721,
              38.91537394020955
            ],
            [
              -77.01404397294395,
              38.91535411377095
            ],
            [
              -77.01401854726028,
              38.91445489111031
            ]
          ]
        ]
      },
      "properties": {
        "tile_id": 1447
      }
    },
    {
      "type": "Feature",
      "geometry": {
        "type": "Polygon",
        "coordinates": [
          [
            [
              -77.01286941867666,
              38.91447471691637
            ],
            [
              -77.01172028896141,
              38.91449453142032
            ],
            [
              -77.01174568567879,
              38.91539375534569
            ],
            [
              -77.01289482987721,
              38.91537394020955
            ],
            [
              -77.01286941867666,
              38.91447471691637
            ]
          ]
        ]
      },
      "properties": {
        "tile_id": 1448
      }
    },
    {
      "type": "Feature",
      "geometry": {
        "type": "Polygon",
        "coordinates": [
          [
            [
              -77.01172028896141,
              38.91449453142032
            ],
            [
              -77.01057115811518,
              38.91451433462215
            ],
            [
              -77.01059654034933,
              38.91541355917933
            ],
            [
              -77.01174568567879,
              38.91539375534569
            ],
            [
              -77.01172028896141,
              38.91449453142032
            ]
          ]
        ]
      },
      "properties": {
        "tile_id": 1449
      }
    },
    {
      "type": "Feature",
      "geometry": {
        "type": "Polygon",
        "coordinates": [
          [
            [
              -77.01057115811518,
              38.91451433462215
            ],
            [
              -77.00942202613862,
              38.91453412652179
            ],
            [
              -77.00944739388949,
              38.91543335171043
            ],
            [
              -77.01059654034933,
              38.91541355917933
            ],
            [
              -77.01057115811518,
              38.91451433462215
            ]
          ]
        ]
      },
      "properties": {
        "tile_id": 1450
      }
    },
    {
      "type": "Feature",
      "geometry": {
        "type": "Polygon",
        "coordinates": [
          [
            [
              -77.00942202613862,
              38.91453412652179
            ],
            [
              -77.00827289303237,
              38.914553907119235
            ],
            [
              -77.0082982462999,
              38.91545313293898
            ],
            [
              -77.00944739388949,
              38.91543335171043
            ],
            [
              -77.00942202613862,
              38.91453412652179
            ]
          ]
        ]
      },
      "properties": {
        "tile_id": 1451
      }
    }
  ]
}